CIP2020Title,PROGRAMID,OCCID,SOC2018Title
Public Administration.,44.0401,11-1011,Chief Executives
"Business/Commerce, General.",52.0101,11-1011,Chief Executives
"Business Administration and Management, General.",52.0201,11-1011,Chief Executives
Non-Profit/Public/Organizational Management.,52.0206,11-1011,Chief Executives
Entrepreneurship/Entrepreneurial Studies.,52.0701,11-1011,Chief Executives
Social Entrepreneurship.,52.0704,11-1011,Chief Executives
"Finance, General.",52.0801,11-1011,Chief Executives
International Business/Trade/Commerce.,52.1101,11-1011,Chief Executives
Management Science.,52.1301,11-1011,Chief Executives
Veterinary Office Management/Administration.,1.8202,11-1021,General and Operations Managers
"Parks, Recreation, and Leisure Facilities Management, General.",31.0301,11-1021,General and Operations Managers
"Parks, Recreation, and Leisure Facilities Management, Other.",31.0399,11-1021,General and Operations Managers
Public Administration.,44.0401,11-1021,General and Operations Managers
"Business/Commerce, General.",52.0101,11-1021,General and Operations Managers
"Business Administration and Management, General.",52.0201,11-1021,General and Operations Managers
Non-Profit/Public/Organizational Management.,52.0206,11-1021,General and Operations Managers
Retail Management.,52.0212,11-1021,General and Operations Managers
Risk Management.,52.0215,11-1021,General and Operations Managers
Entrepreneurship/Entrepreneurial Studies.,52.0701,11-1021,General and Operations Managers
Social Entrepreneurship.,52.0704,11-1021,General and Operations Managers
"Finance, General.",52.0801,11-1021,General and Operations Managers
Financial Risk Management.,52.081,11-1021,General and Operations Managers
International Business/Trade/Commerce.,52.1101,11-1021,General and Operations Managers
Management Science.,52.1301,11-1021,General and Operations Managers
Public Administration.,44.0401,11-1031,Legislators
"Public Policy Analysis, General.",44.0501,11-1031,Legislators
"Marketing/Marketing Management, General.",52.1401,11-2011,Advertising and Promotions Managers
"Public Relations, Advertising, and Applied Communication.",9.09,11-2011,Advertising and Promotions Managers
Public Relations/Image Management.,9.0902,11-2011,Advertising and Promotions Managers
Advertising.,9.0903,11-2011,Advertising and Promotions Managers
Consumer Merchandising/Retailing Management.,19.0203,11-2021,Marketing Managers
Apparel and Textile Marketing Management.,19.0905,11-2021,Marketing Managers
Pharmaceutical Marketing and Management.,51.2011,11-2021,Marketing Managers
"Marketing/Marketing Management, General.",52.1401,11-2021,Marketing Managers
Marketing Research.,52.1402,11-2021,Marketing Managers
International Marketing.,52.1403,11-2021,Marketing Managers
Digital Marketing.,52.1404,11-2021,Marketing Managers
"Marketing, Other.",52.1499,11-2021,Marketing Managers
Hospitality and Recreation Marketing Operations.,52.191,11-2021,Marketing Managers
Consumer Merchandising/Retailing Management.,19.0203,11-2022,Sales Managers
Pharmaceutical Marketing and Management.,51.2011,11-2022,Sales Managers
"Business/Commerce, General.",52.0101,11-2022,Sales Managers
"Business Administration and Management, General.",52.0201,11-2022,Sales Managers
"Marketing/Marketing Management, General.",52.1401,11-2022,Sales Managers
"Business/Corporate Communications, General.",52.0501,11-2032,Public Relations Managers
"Business/Corporate Communications, Other.",52.0599,11-2032,Public Relations Managers
"Communication, General.",9.01,11-2032,Public Relations Managers
Speech Communication and Rhetoric.,9.0101,11-2032,Public Relations Managers
Mass Communication/Media Studies.,9.0102,11-2032,Public Relations Managers
"Public Relations, Advertising, and Applied Communication.",9.09,11-2032,Public Relations Managers
Public Relations/Image Management.,9.0902,11-2032,Public Relations Managers
Political Communication.,9.0904,11-2032,Public Relations Managers
International and Intercultural Communication.,9.0907,11-2032,Public Relations Managers
Communication Management and Strategic Communications.,9.0909,11-2032,Public Relations Managers
Non-Profit/Public/Organizational Management.,52.0206,11-2033,Fundraising Managers
Organizational Leadership.,52.0213,11-2033,Fundraising Managers
Grantsmanship.,52.0502,11-2033,Fundraising Managers
"Marketing/Marketing Management, General.",52.1401,11-2033,Fundraising Managers
"Communication, General.",9.01,11-2033,Fundraising Managers
"Public Relations, Advertising, and Applied Communication.",9.09,11-2033,Fundraising Managers
Public Relations/Image Management.,9.0902,11-2033,Fundraising Managers
Communication Management and Strategic Communications.,9.0909,11-2033,Fundraising Managers
Veterinary Office Management/Administration.,1.8202,11-3012,Administrative Services Managers
Medical/Health Management and Clinical Assistant/Specialist.,51.0711,11-3012,Administrative Services Managers
"Business/Commerce, General.",52.0101,11-3012,Administrative Services Managers
"Business Administration and Management, General.",52.0201,11-3012,Administrative Services Managers
"Purchasing, Procurement/Acquisitions and Contracts Management.",52.0202,11-3012,Administrative Services Managers
Office Management and Supervision.,52.0204,11-3012,Administrative Services Managers
Customer Service Management.,52.0207,11-3012,Administrative Services Managers
Engineering/Industrial Management.,15.1501,11-3013,Facilities Managers
Facilities Planning and Management.,19.0604,11-3013,Facilities Managers
"Historic Preservation and Conservation, General.",30.1201,11-3013,Facilities Managers
"Historic Preservation and Conservation, Other.",30.1299,11-3013,Facilities Managers
"Parks, Recreation, and Leisure Facilities Management, General.",31.0301,11-3013,Facilities Managers
Building/Property Maintenance.,46.0401,11-3013,Facilities Managers
Building/Construction Site Management/Manager.,46.0412,11-3013,Facilities Managers
Hospital and Health Care Facilities Administration/Management.,51.0702,11-3013,Facilities Managers
"Business/Commerce, General.",52.0101,11-3013,Facilities Managers
"Business Administration and Management, General.",52.0201,11-3013,Facilities Managers
"Purchasing, Procurement/Acquisitions and Contracts Management.",52.0202,11-3013,Facilities Managers
Operations Management and Supervision.,52.0205,11-3013,Facilities Managers
Hotel/Motel Administration/Management.,52.0904,11-3013,Facilities Managers
"Computer and Information Sciences, General.",11.0101,11-3021,Computer and Information Systems Managers
Information Technology.,11.0103,11-3021,Computer and Information Systems Managers
Information Science/Studies.,11.0401,11-3021,Computer and Information Systems Managers
Computer Science.,11.0701,11-3021,Computer and Information Systems Managers
Data Modeling/Warehousing and Database Administration.,11.0802,11-3021,Computer and Information Systems Managers
Computer Systems Networking and Telecommunications.,11.0901,11-3021,Computer and Information Systems Managers
Network and System Administration/Administrator.,11.1001,11-3021,Computer and Information Systems Managers
"System, Networking, and LAN/WAN Management/Manager.",11.1002,11-3021,Computer and Information Systems Managers
Computer and Information Systems Security/Auditing/Information Assurance.,11.1003,11-3021,Computer and Information Systems Managers
Information Technology Project Management.,11.1005,11-3021,Computer and Information Systems Managers
Mathematics and Computer Science.,30.0801,11-3021,Computer and Information Systems Managers
Accounting and Computer Science.,30.1601,11-3021,Computer and Information Systems Managers
Human Computer Interaction.,30.3101,11-3021,Computer and Information Systems Managers
Economics and Computer Science.,30.3901,11-3021,Computer and Information Systems Managers
"Data Science, General.",30.7001,11-3021,Computer and Information Systems Managers
Operations Management and Supervision.,52.0205,11-3021,Computer and Information Systems Managers
"Management Information Systems, General.",52.1201,11-3021,Computer and Information Systems Managers
Information Resources Management.,52.1206,11-3021,Computer and Information Systems Managers
Knowledge Management.,52.1207,11-3021,Computer and Information Systems Managers
"Management Information Systems and Services, Other.",52.1299,11-3021,Computer and Information Systems Managers
Telecommunications Management.,52.2101,11-3021,Computer and Information Systems Managers
Accounting and Computer Science.,30.1601,11-3031,Financial Managers
Financial Analytics.,30.7104,11-3031,Financial Managers
Risk Management.,52.0215,11-3031,Financial Managers
Accounting and Finance.,52.0304,11-3031,Financial Managers
Accounting and Business/Management.,52.0305,11-3031,Financial Managers
"Finance, General.",52.0801,11-3031,Financial Managers
International Finance.,52.0806,11-3031,Financial Managers
Public Finance.,52.0808,11-3031,Financial Managers
Credit Management.,52.0809,11-3031,Financial Managers
Financial Risk Management.,52.081,11-3031,Financial Managers
"Finance and Financial Management Services, Other.",52.0899,11-3031,Financial Managers
Industrial Engineering.,14.3501,11-3051,Industrial Production Managers
Engineering/Industrial Management.,15.1501,11-3051,Industrial Production Managers
Clinical and Industrial Drug Development.,51.2006,11-3051,Industrial Production Managers
Industrial and Physical Pharmacy and Cosmetic Sciences.,51.2009,11-3051,Industrial Production Managers
"Business/Commerce, General.",52.0101,11-3051,Industrial Production Managers
"Business Administration and Management, General.",52.0201,11-3051,Industrial Production Managers
"Logistics, Materials, and Supply Chain Management.",52.0203,11-3051,Industrial Production Managers
Operations Management and Supervision.,52.0205,11-3051,Industrial Production Managers
Science/Technology Management.,52.0216,11-3051,Industrial Production Managers
"Purchasing, Procurement/Acquisitions and Contracts Management.",52.0202,11-3061,Purchasing Managers
Public Administration.,44.0401,11-3071,"Transportation, Storage, and Distribution Managers"
Transportation and Infrastructure Planning/Studies.,44.0403,11-3071,"Transportation, Storage, and Distribution Managers"
"Aeronautics/Aviation/Aerospace Science and Technology, General.",49.0101,11-3071,"Transportation, Storage, and Distribution Managers"
Aviation/Airway Management and Operations.,49.0104,11-3071,"Transportation, Storage, and Distribution Managers"
"Business/Commerce, General.",52.0101,11-3071,"Transportation, Storage, and Distribution Managers"
"Business Administration and Management, General.",52.0201,11-3071,"Transportation, Storage, and Distribution Managers"
"Logistics, Materials, and Supply Chain Management.",52.0203,11-3071,"Transportation, Storage, and Distribution Managers"
Transportation/Mobility Management.,52.0209,11-3071,"Transportation, Storage, and Distribution Managers"
"Business Administration and Management, General.",52.0201,11-3111,Compensation and Benefits Managers
"Human Resources Management/Personnel Administration, General.",52.1001,11-3111,Compensation and Benefits Managers
Labor and Industrial Relations.,52.1002,11-3111,Compensation and Benefits Managers
Organizational Behavior Studies.,52.1003,11-3111,Compensation and Benefits Managers
Insurance.,52.1701,11-3111,Compensation and Benefits Managers
Industrial and Organizational Psychology.,42.2804,11-3121,Human Resources Managers
"Business Administration and Management, General.",52.0201,11-3121,Human Resources Managers
Organizational Leadership.,52.0213,11-3121,Human Resources Managers
"Human Resources Management/Personnel Administration, General.",52.1001,11-3121,Human Resources Managers
Labor and Industrial Relations.,52.1002,11-3121,Human Resources Managers
Organizational Behavior Studies.,52.1003,11-3121,Human Resources Managers
Labor Studies.,52.1004,11-3121,Human Resources Managers
Executive/Career Coaching.,52.1006,11-3121,Human Resources Managers
"Organizational Communication, General.",9.0901,11-3121,Human Resources Managers
Adult and Continuing Education Administration.,13.0403,11-3131,Training and Development Managers
Learning Sciences.,13.0607,11-3131,Training and Development Managers
Industrial and Organizational Psychology.,42.2804,11-3131,Training and Development Managers
"Business Administration and Management, General.",52.0201,11-3131,Training and Development Managers
Organizational Leadership.,52.0213,11-3131,Training and Development Managers
"Human Resources Management/Personnel Administration, General.",52.1001,11-3131,Training and Development Managers
Organizational Behavior Studies.,52.1003,11-3131,Training and Development Managers
Executive/Career Coaching.,52.1006,11-3131,Training and Development Managers
"Organizational Communication, General.",9.0901,11-3131,Training and Development Managers
"Agricultural Business and Management, General.",1.0101,11-9013,"Farmers, Ranchers, and Other Agricultural Managers"
Agribusiness/Agricultural Business Operations.,1.0102,11-9013,"Farmers, Ranchers, and Other Agricultural Managers"
Farm/Farm and Ranch Management.,1.0104,11-9013,"Farmers, Ranchers, and Other Agricultural Managers"
"Agricultural Business and Management, Other.",1.0199,11-9013,"Farmers, Ranchers, and Other Agricultural Managers"
"Agricultural Production Operations, General.",1.0301,11-9013,"Farmers, Ranchers, and Other Agricultural Managers"
Animal/Livestock Husbandry and Production.,1.0302,11-9013,"Farmers, Ranchers, and Other Agricultural Managers"
Aquaculture.,1.0303,11-9013,"Farmers, Ranchers, and Other Agricultural Managers"
Crop Production.,1.0304,11-9013,"Farmers, Ranchers, and Other Agricultural Managers"
Dairy Husbandry and Production.,1.0306,11-9013,"Farmers, Ranchers, and Other Agricultural Managers"
Horse Husbandry/Equine Science and Management.,1.0307,11-9013,"Farmers, Ranchers, and Other Agricultural Managers"
Agroecology and Sustainable Agriculture.,1.0308,11-9013,"Farmers, Ranchers, and Other Agricultural Managers"
Apiculture.,1.031,11-9013,"Farmers, Ranchers, and Other Agricultural Managers"
"Agricultural Production Operations, Other.",1.0399,11-9013,"Farmers, Ranchers, and Other Agricultural Managers"
"Applied Horticulture/Horticulture Operations, General.",1.0601,11-9013,"Farmers, Ranchers, and Other Agricultural Managers"
Ornamental Horticulture.,1.0603,11-9013,"Farmers, Ranchers, and Other Agricultural Managers"
Greenhouse Operations and Management.,1.0604,11-9013,"Farmers, Ranchers, and Other Agricultural Managers"
Plant Nursery Operations and Management.,1.0606,11-9013,"Farmers, Ranchers, and Other Agricultural Managers"
Public Horticulture.,1.0609,11-9013,"Farmers, Ranchers, and Other Agricultural Managers"
Urban and Community Horticulture.,1.061,11-9013,"Farmers, Ranchers, and Other Agricultural Managers"
"Animal Sciences, General.",1.0901,11-9013,"Farmers, Ranchers, and Other Agricultural Managers"
Agricultural Animal Breeding.,1.0902,11-9013,"Farmers, Ranchers, and Other Agricultural Managers"
Animal Health.,1.0903,11-9013,"Farmers, Ranchers, and Other Agricultural Managers"
Animal Nutrition.,1.0904,11-9013,"Farmers, Ranchers, and Other Agricultural Managers"
Dairy Science.,1.0905,11-9013,"Farmers, Ranchers, and Other Agricultural Managers"
Livestock Management.,1.0906,11-9013,"Farmers, Ranchers, and Other Agricultural Managers"
Poultry Science.,1.0907,11-9013,"Farmers, Ranchers, and Other Agricultural Managers"
"Animal Sciences, Other.",1.0999,11-9013,"Farmers, Ranchers, and Other Agricultural Managers"
Viticulture and Enology.,1.1004,11-9013,"Farmers, Ranchers, and Other Agricultural Managers"
"Plant Sciences, General.",1.1101,11-9013,"Farmers, Ranchers, and Other Agricultural Managers"
Agronomy and Crop Science.,1.1102,11-9013,"Farmers, Ranchers, and Other Agricultural Managers"
Horticultural Science.,1.1103,11-9013,"Farmers, Ranchers, and Other Agricultural Managers"
Plant Protection and Integrated Pest Management.,1.1105,11-9013,"Farmers, Ranchers, and Other Agricultural Managers"
Range Science and Management.,1.1106,11-9013,"Farmers, Ranchers, and Other Agricultural Managers"
Anthrozoology.,30.3401,11-9013,"Farmers, Ranchers, and Other Agricultural Managers"
Construction Engineering Technology/Technician.,15.1001,11-9021,Construction Managers
Public Works Management.,44.0402,11-9021,Construction Managers
"Business/Commerce, General.",52.0101,11-9021,Construction Managers
"Business Administration and Management, General.",52.0201,11-9021,Construction Managers
Operations Management and Supervision.,52.0205,11-9021,Construction Managers
"Construction Management, General.",52.2001,11-9021,Construction Managers
Construction Project Management.,52.2002,11-9021,Construction Managers
"Construction Management, Other.",52.2099,11-9021,Construction Managers
"Educational Leadership and Administration, General.",13.0401,11-9031,"Education and Childcare Administrators, Preschool and Daycare"
"Educational, Instructional, and Curriculum Supervision.",13.0404,11-9031,"Education and Childcare Administrators, Preschool and Daycare"
Superintendency and Educational System Administration.,13.0411,11-9031,"Education and Childcare Administrators, Preschool and Daycare"
International School Administration/Leadership.,13.0412,11-9031,"Education and Childcare Administrators, Preschool and Daycare"
Early Childhood Program Administration.,13.0414,11-9031,"Education and Childcare Administrators, Preschool and Daycare"
"Educational Leadership and Administration, General.",13.0401,11-9032,"Education Administrators, Kindergarten through Secondary"
"Educational, Instructional, and Curriculum Supervision.",13.0404,11-9032,"Education Administrators, Kindergarten through Secondary"
Elementary and Middle School Administration/Principalship.,13.0408,11-9032,"Education Administrators, Kindergarten through Secondary"
Secondary School Administration/Principalship.,13.0409,11-9032,"Education Administrators, Kindergarten through Secondary"
Superintendency and Educational System Administration.,13.0411,11-9032,"Education Administrators, Kindergarten through Secondary"
International School Administration/Leadership.,13.0412,11-9032,"Education Administrators, Kindergarten through Secondary"
Early Childhood Program Administration.,13.0414,11-9032,"Education Administrators, Kindergarten through Secondary"
"Educational Leadership and Administration, General.",13.0401,11-9033,"Education Administrators, Postsecondary"
"Educational, Instructional, and Curriculum Supervision.",13.0404,11-9033,"Education Administrators, Postsecondary"
Higher Education/Higher Education Administration.,13.0406,11-9033,"Education Administrators, Postsecondary"
Community College Administration.,13.0407,11-9033,"Education Administrators, Postsecondary"
International School Administration/Leadership.,13.0412,11-9033,"Education Administrators, Postsecondary"
Clinical Research Coordinator.,51.0719,11-9033,"Education Administrators, Postsecondary"
Health Professions Education.,51.3202,11-9033,"Education Administrators, Postsecondary"
Nursing Education.,51.3203,11-9033,"Education Administrators, Postsecondary"
Research Administration.,52.0214,11-9033,"Education Administrators, Postsecondary"
Medical Education Fellowship Program.,61.0207,11-9033,"Education Administrators, Postsecondary"
Simulation Fellowship Program.,61.0211,11-9033,"Education Administrators, Postsecondary"
"Educational Leadership and Administration, General.",13.0401,11-9039,"Education Administrators, All Other"
Administration of Special Education.,13.0402,11-9039,"Education Administrators, All Other"
Adult and Continuing Education Administration.,13.0403,11-9039,"Education Administrators, All Other"
"Educational, Instructional, and Curriculum Supervision.",13.0404,11-9039,"Education Administrators, All Other"
Higher Education/Higher Education Administration.,13.0406,11-9039,"Education Administrators, All Other"
Urban Education and Leadership.,13.041,11-9039,"Education Administrators, All Other"
Superintendency and Educational System Administration.,13.0411,11-9039,"Education Administrators, All Other"
International School Administration/Leadership.,13.0412,11-9039,"Education Administrators, All Other"
Education Entrepreneurship.,13.0413,11-9039,"Education Administrators, All Other"
"Educational Administration and Supervision, Other.",13.0499,11-9039,"Education Administrators, All Other"
Non-Profit/Public/Organizational Management.,52.0206,11-9039,"Education Administrators, All Other"
"Engineering, General.",14.0101,11-9041,Architectural and Engineering Managers
"Aerospace, Aeronautical, and Astronautical/Space Engineering, General.",14.0201,11-9041,Architectural and Engineering Managers
Astronautical Engineering.,14.0202,11-9041,Architectural and Engineering Managers
"Aerospace, Aeronautical, and Astronautical/Space Engineering, Other.",14.0299,11-9041,Architectural and Engineering Managers
Agricultural Engineering.,14.0301,11-9041,Architectural and Engineering Managers
Architectural Engineering.,14.0401,11-9041,Architectural and Engineering Managers
Bioengineering and Biomedical Engineering.,14.0501,11-9041,Architectural and Engineering Managers
Ceramic Sciences and Engineering.,14.0601,11-9041,Architectural and Engineering Managers
Chemical Engineering.,14.0701,11-9041,Architectural and Engineering Managers
Chemical and Biomolecular Engineering.,14.0702,11-9041,Architectural and Engineering Managers
"Chemical Engineering, Other.",14.0799,11-9041,Architectural and Engineering Managers
"Civil Engineering, General.",14.0801,11-9041,Architectural and Engineering Managers
Geotechnical and Geoenvironmental Engineering.,14.0802,11-9041,Architectural and Engineering Managers
Structural Engineering.,14.0803,11-9041,Architectural and Engineering Managers
Transportation and Highway Engineering.,14.0804,11-9041,Architectural and Engineering Managers
Water Resources Engineering.,14.0805,11-9041,Architectural and Engineering Managers
"Civil Engineering, Other.",14.0899,11-9041,Architectural and Engineering Managers
"Computer Engineering, General.",14.0901,11-9041,Architectural and Engineering Managers
Computer Hardware Engineering.,14.0902,11-9041,Architectural and Engineering Managers
Computer Software Engineering.,14.0903,11-9041,Architectural and Engineering Managers
"Computer Engineering, Other.",14.0999,11-9041,Architectural and Engineering Managers
Electrical and Electronics Engineering.,14.1001,11-9041,Architectural and Engineering Managers
Laser and Optical Engineering.,14.1003,11-9041,Architectural and Engineering Managers
Telecommunications Engineering.,14.1004,11-9041,Architectural and Engineering Managers
"Electrical, Electronics, and Communications Engineering, Other.",14.1099,11-9041,Architectural and Engineering Managers
Engineering Mechanics.,14.1101,11-9041,Architectural and Engineering Managers
Engineering Physics/Applied Physics.,14.1201,11-9041,Architectural and Engineering Managers
Engineering Science.,14.1301,11-9041,Architectural and Engineering Managers
Environmental/Environmental Health Engineering.,14.1401,11-9041,Architectural and Engineering Managers
Materials Engineering.,14.1801,11-9041,Architectural and Engineering Managers
Mechanical Engineering.,14.1901,11-9041,Architectural and Engineering Managers
Metallurgical Engineering.,14.2001,11-9041,Architectural and Engineering Managers
Mining and Mineral Engineering.,14.2101,11-9041,Architectural and Engineering Managers
Naval Architecture and Marine Engineering.,14.2201,11-9041,Architectural and Engineering Managers
Nuclear Engineering.,14.2301,11-9041,Architectural and Engineering Managers
Ocean Engineering.,14.2401,11-9041,Architectural and Engineering Managers
Petroleum Engineering.,14.2501,11-9041,Architectural and Engineering Managers
Systems Engineering.,14.2701,11-9041,Architectural and Engineering Managers
Textile Sciences and Engineering.,14.2801,11-9041,Architectural and Engineering Managers
Polymer/Plastics Engineering.,14.3201,11-9041,Architectural and Engineering Managers
Construction Engineering.,14.3301,11-9041,Architectural and Engineering Managers
Forest Engineering.,14.3401,11-9041,Architectural and Engineering Managers
Industrial Engineering.,14.3501,11-9041,Architectural and Engineering Managers
Manufacturing Engineering.,14.3601,11-9041,Architectural and Engineering Managers
Surveying Engineering.,14.3801,11-9041,Architectural and Engineering Managers
Geological/Geophysical Engineering.,14.3901,11-9041,Architectural and Engineering Managers
Paper Science and Engineering.,14.4001,11-9041,Architectural and Engineering Managers
Electromechanical Engineering.,14.4101,11-9041,Architectural and Engineering Managers
"Mechatronics, Robotics, and Automation Engineering.",14.4201,11-9041,Architectural and Engineering Managers
Biochemical Engineering.,14.4301,11-9041,Architectural and Engineering Managers
Engineering Chemistry.,14.4401,11-9041,Architectural and Engineering Managers
Biological/Biosystems Engineering.,14.4501,11-9041,Architectural and Engineering Managers
Electrical and Computer Engineering.,14.4701,11-9041,Architectural and Engineering Managers
"Energy Systems Engineering, General.",14.4801,11-9041,Architectural and Engineering Managers
Power Plant Engineering.,14.4802,11-9041,Architectural and Engineering Managers
"Energy Systems Engineering, Other.",14.4899,11-9041,Architectural and Engineering Managers
"Engineering, Other.",14.9999,11-9041,Architectural and Engineering Managers
Engineering/Industrial Management.,15.1501,11-9041,Architectural and Engineering Managers
Engineering Design.,15.1502,11-9041,Architectural and Engineering Managers
Packaging Science.,15.1503,11-9041,Architectural and Engineering Managers
Architecture.,4.0201,11-9041,Architectural and Engineering Managers
Architectural Design.,4.0202,11-9041,Architectural and Engineering Managers
"City/Urban, Community, and Regional Planning.",4.0301,11-9041,Architectural and Engineering Managers
Environmental Design/Architecture.,4.0401,11-9041,Architectural and Engineering Managers
Healthcare Environment Design/Architecture.,4.0402,11-9041,Architectural and Engineering Managers
Interior Architecture.,4.0501,11-9041,Architectural and Engineering Managers
Landscape Architecture.,4.0601,11-9041,Architectural and Engineering Managers
Architectural and Building Sciences/Technology.,4.0902,11-9041,Architectural and Engineering Managers
Materials Science.,40.1001,11-9041,Architectural and Engineering Managers
Science/Technology Management.,52.0216,11-9041,Architectural and Engineering Managers
"Restaurant, Culinary, and Catering Management/Manager.",12.0504,11-9051,Food Service Managers
Culinary Science/Culinology.,12.0509,11-9051,Food Service Managers
Wine Steward/Sommelier.,12.051,11-9051,Food Service Managers
Foodservice Systems Administration/Management.,19.0505,11-9051,Food Service Managers
"Hospitality Administration/Management, General.",52.0901,11-9051,Food Service Managers
Hotel/Motel Administration/Management.,52.0904,11-9051,Food Service Managers
Restaurant/Food Services Management.,52.0905,11-9051,Food Service Managers
"Hotel, Motel, and Restaurant Management.",52.0909,11-9051,Food Service Managers
Brewery/Brewpub Operations/Management.,52.091,11-9051,Food Service Managers
"Hospitality Administration/Management, Other.",52.0999,11-9051,Food Service Managers
Casino Management.,52.0908,11-9071,Gambling Managers
Environmental/Natural Resource Recreation and Tourism.,3.0207,11-9072,"Entertainment and Recreation Managers, Except Gambling"
"Parks, Recreation, and Leisure Facilities Management, General.",31.0301,11-9072,"Entertainment and Recreation Managers, Except Gambling"
Golf Course Operation and Grounds Management.,31.0302,11-9072,"Entertainment and Recreation Managers, Except Gambling"
"Parks, Recreation, and Leisure Facilities Management, Other.",31.0399,11-9072,"Entertainment and Recreation Managers, Except Gambling"
Sport and Fitness Administration/Management.,31.0504,11-9072,"Entertainment and Recreation Managers, Except Gambling"
"Business/Commerce, General.",52.0101,11-9072,"Entertainment and Recreation Managers, Except Gambling"
"Business Administration and Management, General.",52.0201,11-9072,"Entertainment and Recreation Managers, Except Gambling"
"Hospitality Administration/Management, General.",52.0901,11-9072,"Entertainment and Recreation Managers, Except Gambling"
Resort Management.,52.0906,11-9072,"Entertainment and Recreation Managers, Except Gambling"
"Hospitality Administration/Management, General.",52.0901,11-9081,Lodging Managers
Hotel/Motel Administration/Management.,52.0904,11-9081,Lodging Managers
Restaurant/Food Services Management.,52.0905,11-9081,Lodging Managers
Resort Management.,52.0906,11-9081,Lodging Managers
"Hotel, Motel, and Restaurant Management.",52.0909,11-9081,Lodging Managers
"Hospitality Administration/Management, Other.",52.0999,11-9081,Lodging Managers
"Veterinary Administrative Services, General.",1.8201,11-9111,Medical and Health Services Managers
Veterinary Office Management/Administration.,1.8202,11-9111,Medical and Health Services Managers
Infectious Disease and Global Health.,26.0509,11-9111,Medical and Health Services Managers
Health Policy Analysis.,44.0503,11-9111,Medical and Health Services Managers
Health/Health Care Administration/Management.,51.0701,11-9111,Medical and Health Services Managers
Hospital and Health Care Facilities Administration/Management.,51.0702,11-9111,Medical and Health Services Managers
Health Unit Manager/Ward Supervisor.,51.0704,11-9111,Medical and Health Services Managers
Health Information/Medical Records Administration/Administrator.,51.0706,11-9111,Medical and Health Services Managers
Long Term Care Administration/Management.,51.0718,11-9111,Medical and Health Services Managers
Clinical Research Coordinator.,51.0719,11-9111,Medical and Health Services Managers
Regulatory Science/Affairs.,51.072,11-9111,Medical and Health Services Managers
Disease Registry Data Management.,51.0721,11-9111,Medical and Health Services Managers
Healthcare Innovation.,51.0722,11-9111,Medical and Health Services Managers
Pharmacy.,51.2001,11-9111,Medical and Health Services Managers
Pharmacy Administration and Pharmacy Policy and Regulatory Affairs.,51.2002,11-9111,Medical and Health Services Managers
Pharmacoeconomics/Pharmaceutical Economics.,51.2007,11-9111,Medical and Health Services Managers
"Clinical, Hospital, and Managed Care Pharmacy.",51.2008,11-9111,Medical and Health Services Managers
Pharmaceutical Marketing and Management.,51.2011,11-9111,Medical and Health Services Managers
"Public Health, General.",51.2201,11-9111,Medical and Health Services Managers
Community Health and Preventive Medicine.,51.2208,11-9111,Medical and Health Services Managers
International Public Health/International Health.,51.221,11-9111,Medical and Health Services Managers
Health Services Administration.,51.2211,11-9111,Medical and Health Services Managers
Patient Safety and Healthcare Quality.,51.2213,11-9111,Medical and Health Services Managers
Public Health Genetics.,51.2214,11-9111,Medical and Health Services Managers
"Public Health, Other.",51.2299,11-9111,Medical and Health Services Managers
Arts in Medicine/Health.,51.3206,11-9111,Medical and Health Services Managers
"Health Professions Education, Ethics, and Humanities, Other.",51.3299,11-9111,Medical and Health Services Managers
Nursing Administration.,51.3802,11-9111,Medical and Health Services Managers
Nursing Practice.,51.3818,11-9111,Medical and Health Services Managers
Clinical Nurse Leader.,51.382,11-9111,Medical and Health Services Managers
Non-Profit/Public/Organizational Management.,52.0206,11-9111,Medical and Health Services Managers
Research and Development Management.,52.021,11-9111,Medical and Health Services Managers
Research Administration.,52.0214,11-9111,Medical and Health Services Managers
Science/Technology Management.,52.0216,11-9111,Medical and Health Services Managers
Engineering Physics/Applied Physics.,14.1201,11-9121,Natural Sciences Managers
Operations Research.,14.3701,11-9121,Natural Sciences Managers
"Biology/Biological Sciences, General.",26.0101,11-9121,Natural Sciences Managers
Biochemistry.,26.0202,11-9121,Natural Sciences Managers
Biophysics.,26.0203,11-9121,Natural Sciences Managers
Molecular Biology.,26.0204,11-9121,Natural Sciences Managers
Molecular Biochemistry.,26.0205,11-9121,Natural Sciences Managers
Molecular Biophysics.,26.0206,11-9121,Natural Sciences Managers
Structural Biology.,26.0207,11-9121,Natural Sciences Managers
Photobiology.,26.0208,11-9121,Natural Sciences Managers
Radiation Biology/Radiobiology.,26.0209,11-9121,Natural Sciences Managers
Biochemistry and Molecular Biology.,26.021,11-9121,Natural Sciences Managers
"Biochemistry, Biophysics and Molecular Biology, Other.",26.0299,11-9121,Natural Sciences Managers
Botany/Plant Biology.,26.0301,11-9121,Natural Sciences Managers
Plant Pathology/Phytopathology.,26.0305,11-9121,Natural Sciences Managers
Plant Physiology.,26.0307,11-9121,Natural Sciences Managers
"Botany/Plant Biology, Other.",26.0399,11-9121,Natural Sciences Managers
Cell/Cellular Biology and Histology.,26.0401,11-9121,Natural Sciences Managers
Anatomy.,26.0403,11-9121,Natural Sciences Managers
Cell/Cellular and Molecular Biology.,26.0406,11-9121,Natural Sciences Managers
"Cell/Cellular Biology and Anatomical Sciences, Other.",26.0499,11-9121,Natural Sciences Managers
"Microbiology, General.",26.0502,11-9121,Natural Sciences Managers
Medical Microbiology and Bacteriology.,26.0503,11-9121,Natural Sciences Managers
Virology.,26.0504,11-9121,Natural Sciences Managers
Parasitology.,26.0505,11-9121,Natural Sciences Managers
Immunology.,26.0507,11-9121,Natural Sciences Managers
Microbiology and Immunology.,26.0508,11-9121,Natural Sciences Managers
"Microbiological Sciences and Immunology, Other.",26.0599,11-9121,Natural Sciences Managers
Zoology/Animal Biology.,26.0701,11-9121,Natural Sciences Managers
Entomology.,26.0702,11-9121,Natural Sciences Managers
Animal Physiology.,26.0707,11-9121,Natural Sciences Managers
"Zoology/Animal Biology, Other.",26.0799,11-9121,Natural Sciences Managers
Molecular Genetics.,26.0802,11-9121,Natural Sciences Managers
Animal Genetics.,26.0804,11-9121,Natural Sciences Managers
Plant Genetics.,26.0805,11-9121,Natural Sciences Managers
Genome Sciences/Genomics.,26.0807,11-9121,Natural Sciences Managers
"Genetics, Other.",26.0899,11-9121,Natural Sciences Managers
Pathology/Experimental Pathology.,26.091,11-9121,Natural Sciences Managers
Aerospace Physiology and Medicine.,26.0912,11-9121,Natural Sciences Managers
Pharmacology.,26.1001,11-9121,Natural Sciences Managers
Toxicology.,26.1004,11-9121,Natural Sciences Managers
Biometry/Biometrics.,26.1101,11-9121,Natural Sciences Managers
Biostatistics.,26.1102,11-9121,Natural Sciences Managers
Computational Biology.,26.1104,11-9121,Natural Sciences Managers
"Biomathematics, Bioinformatics, and Computational Biology, Other.",26.1199,11-9121,Natural Sciences Managers
Biotechnology.,26.1201,11-9121,Natural Sciences Managers
Ecology.,26.1301,11-9121,Natural Sciences Managers
Marine Biology and Biological Oceanography.,26.1302,11-9121,Natural Sciences Managers
Evolutionary Biology.,26.1303,11-9121,Natural Sciences Managers
Ecology and Evolutionary Biology.,26.131,11-9121,Natural Sciences Managers
Epidemiology and Biostatistics.,26.1311,11-9121,Natural Sciences Managers
"Ecology, Evolution, Systematics and Population Biology, Other.",26.1399,11-9121,Natural Sciences Managers
Molecular Medicine.,26.1401,11-9121,Natural Sciences Managers
Neuroscience.,26.1501,11-9121,Natural Sciences Managers
Neuroanatomy.,26.1502,11-9121,Natural Sciences Managers
Neurobiology and Anatomy.,26.1503,11-9121,Natural Sciences Managers
Neurobiology and Behavior.,26.1504,11-9121,Natural Sciences Managers
"Neurobiology and Neurosciences, Other.",26.1599,11-9121,Natural Sciences Managers
"Biological and Biomedical Sciences, Other.",26.9999,11-9121,Natural Sciences Managers
"Mathematics, General.",27.0101,11-9121,Natural Sciences Managers
Algebra and Number Theory.,27.0102,11-9121,Natural Sciences Managers
Analysis and Functional Analysis.,27.0103,11-9121,Natural Sciences Managers
Geometry/Geometric Analysis.,27.0104,11-9121,Natural Sciences Managers
Topology and Foundations.,27.0105,11-9121,Natural Sciences Managers
"Mathematics, Other.",27.0199,11-9121,Natural Sciences Managers
"Applied Mathematics, General.",27.0301,11-9121,Natural Sciences Managers
Computational Mathematics.,27.0303,11-9121,Natural Sciences Managers
Computational and Applied Mathematics.,27.0304,11-9121,Natural Sciences Managers
Financial Mathematics.,27.0305,11-9121,Natural Sciences Managers
Mathematical Biology.,27.0306,11-9121,Natural Sciences Managers
"Applied Mathematics, Other.",27.0399,11-9121,Natural Sciences Managers
"Statistics, General.",27.0501,11-9121,Natural Sciences Managers
Mathematics and Statistics.,27.0503,11-9121,Natural Sciences Managers
"Statistics, Other.",27.0599,11-9121,Natural Sciences Managers
"Applied Statistics, General.",27.0601,11-9121,Natural Sciences Managers
"Mathematics and Statistics, Other.",27.9999,11-9121,Natural Sciences Managers
Biological and Physical Sciences.,30.0101,11-9121,Natural Sciences Managers
Mathematics and Computer Science.,30.0801,11-9121,Natural Sciences Managers
Biopsychology.,30.1001,11-9121,Natural Sciences Managers
"Science, Technology and Society.",30.1501,11-9121,Natural Sciences Managers
Natural Sciences.,30.1801,11-9121,Natural Sciences Managers
Nutrition Sciences.,30.1901,11-9121,Natural Sciences Managers
"Cognitive Science, General.",30.2501,11-9121,Natural Sciences Managers
"Cognitive Science, Other.",30.2599,11-9121,Natural Sciences Managers
Human Biology.,30.2701,11-9121,Natural Sciences Managers
Computational Science.,30.3001,11-9121,Natural Sciences Managers
Marine Sciences.,30.3201,11-9121,Natural Sciences Managers
Sustainability Studies.,30.3301,11-9121,Natural Sciences Managers
Anthrozoology.,30.3401,11-9121,Natural Sciences Managers
Climate Science.,30.3501,11-9121,Natural Sciences Managers
Earth Systems Science.,30.3801,11-9121,Natural Sciences Managers
Environmental Geosciences.,30.4101,11-9121,Natural Sciences Managers
Geobiology.,30.4301,11-9121,Natural Sciences Managers
Geography and Environmental Studies.,30.4401,11-9121,Natural Sciences Managers
Mathematical Economics.,30.4901,11-9121,Natural Sciences Managers
Mathematics and Atmospheric/Oceanic Science.,30.5001,11-9121,Natural Sciences Managers
"Data Science, General.",30.7001,11-9121,Natural Sciences Managers
"Data Science, Other.",30.7099,11-9121,Natural Sciences Managers
Logic.,38.0102,11-9121,Natural Sciences Managers
"Physical Sciences, General.",40.0101,11-9121,Natural Sciences Managers
Astronomy.,40.0201,11-9121,Natural Sciences Managers
Astrophysics.,40.0202,11-9121,Natural Sciences Managers
Planetary Astronomy and Science.,40.0203,11-9121,Natural Sciences Managers
"Astronomy and Astrophysics, Other.",40.0299,11-9121,Natural Sciences Managers
"Atmospheric Sciences and Meteorology, General.",40.0401,11-9121,Natural Sciences Managers
Atmospheric Chemistry and Climatology.,40.0402,11-9121,Natural Sciences Managers
Atmospheric Physics and Dynamics.,40.0403,11-9121,Natural Sciences Managers
Meteorology.,40.0404,11-9121,Natural Sciences Managers
"Atmospheric Sciences and Meteorology, Other.",40.0499,11-9121,Natural Sciences Managers
"Chemistry, General.",40.0501,11-9121,Natural Sciences Managers
Analytical Chemistry.,40.0502,11-9121,Natural Sciences Managers
Inorganic Chemistry.,40.0503,11-9121,Natural Sciences Managers
Organic Chemistry.,40.0504,11-9121,Natural Sciences Managers
Physical Chemistry.,40.0506,11-9121,Natural Sciences Managers
Polymer Chemistry.,40.0507,11-9121,Natural Sciences Managers
Chemical Physics.,40.0508,11-9121,Natural Sciences Managers
Environmental Chemistry.,40.0509,11-9121,Natural Sciences Managers
Forensic Chemistry.,40.051,11-9121,Natural Sciences Managers
Theoretical Chemistry.,40.0511,11-9121,Natural Sciences Managers
Cheminformatics/Chemistry Informatics.,40.0512,11-9121,Natural Sciences Managers
"Chemistry, Other.",40.0599,11-9121,Natural Sciences Managers
"Geology/Earth Science, General.",40.0601,11-9121,Natural Sciences Managers
Geochemistry.,40.0602,11-9121,Natural Sciences Managers
Geophysics and Seismology.,40.0603,11-9121,Natural Sciences Managers
Paleontology.,40.0604,11-9121,Natural Sciences Managers
Hydrology and Water Resources Science.,40.0605,11-9121,Natural Sciences Managers
Geochemistry and Petrology.,40.0606,11-9121,Natural Sciences Managers
"Oceanography, Chemical and Physical.",40.0607,11-9121,Natural Sciences Managers
"Geological and Earth Sciences/Geosciences, Other.",40.0699,11-9121,Natural Sciences Managers
"Physics, General.",40.0801,11-9121,Natural Sciences Managers
Atomic/Molecular Physics.,40.0802,11-9121,Natural Sciences Managers
Elementary Particle Physics.,40.0804,11-9121,Natural Sciences Managers
Plasma and High-Temperature Physics.,40.0805,11-9121,Natural Sciences Managers
Nuclear Physics.,40.0806,11-9121,Natural Sciences Managers
Optics/Optical Sciences.,40.0807,11-9121,Natural Sciences Managers
Condensed Matter and Materials Physics.,40.0808,11-9121,Natural Sciences Managers
Acoustics.,40.0809,11-9121,Natural Sciences Managers
Theoretical and Mathematical Physics.,40.081,11-9121,Natural Sciences Managers
"Physics, Other.",40.0899,11-9121,Natural Sciences Managers
Materials Chemistry.,40.1002,11-9121,Natural Sciences Managers
"Materials Sciences, Other.",40.1099,11-9121,Natural Sciences Managers
Physics and Astronomy.,40.1101,11-9121,Natural Sciences Managers
"Physical Sciences, Other.",40.9999,11-9121,Natural Sciences Managers
Medical Science/Scientist.,51.1401,11-9121,Natural Sciences Managers
Clinical and Industrial Drug Development.,51.2006,11-9121,Natural Sciences Managers
Research and Development Management.,52.021,11-9121,Natural Sciences Managers
Research Administration.,52.0214,11-9121,Natural Sciences Managers
Science/Technology Management.,52.0216,11-9121,Natural Sciences Managers
History and Philosophy of Science and Technology.,54.0104,11-9121,Natural Sciences Managers
Public Administration.,44.0401,11-9131,Postmasters and Mail Superintendents
Real Estate Development.,4.1001,11-9141,"Property, Real Estate, and Community Association Managers"
Real Estate.,52.1501,11-9141,"Property, Real Estate, and Community Association Managers"
Behavioral Sciences.,30.1701,11-9151,Social and Community Service Managers
Thanatology.,30.5301,11-9151,Social and Community Service Managers
"Human Services, General.",44,11-9151,Social and Community Service Managers
Community Organization and Advocacy.,44.0201,11-9151,Social and Community Service Managers
Public Administration.,44.0401,11-9151,Social and Community Service Managers
Social Work.,44.0701,11-9151,Social and Community Service Managers
Youth Services/Administration.,44.0702,11-9151,Social and Community Service Managers
Forensic Social Work.,44.0703,11-9151,Social and Community Service Managers
"Social Work, Other.",44.0799,11-9151,Social and Community Service Managers
"Business/Commerce, General.",52.0101,11-9151,Social and Community Service Managers
"Business Administration and Management, General.",52.0201,11-9151,Social and Community Service Managers
Non-Profit/Public/Organizational Management.,52.0206,11-9151,Social and Community Service Managers
Critical Incident Response/Special Police Operations.,43.0119,11-9161,Emergency Management Directors
Protective Services Operations.,43.012,11-9161,Emergency Management Directors
Homeland Security.,43.0301,11-9161,Emergency Management Directors
Crisis/Emergency/Disaster Management.,43.0302,11-9161,Emergency Management Directors
Critical Infrastructure Protection.,43.0303,11-9161,Emergency Management Directors
Terrorism and Counterterrorism Operations.,43.0304,11-9161,Emergency Management Directors
Emergency Medical Services Fellowship Program.,61.0603,11-9161,Emergency Management Directors
"Funeral Service and Mortuary Science, General.",12.0301,11-9171,Funeral Home Managers
Funeral Direction/Service.,12.0302,11-9171,Funeral Home Managers
"Funeral Service and Mortuary Science, Other.",12.0399,11-9171,Funeral Home Managers
Salon/Beauty Salon Management/Manager.,12.0412,11-9179,"Personal Service Managers, All Other"
"Business/Commerce, General.",52.0101,11-9179,"Personal Service Managers, All Other"
"Business Administration and Management, General.",52.0201,11-9179,"Personal Service Managers, All Other"
Retail Management.,52.0212,11-9179,"Personal Service Managers, All Other"
Small Business Administration/Management.,52.0703,11-9179,"Personal Service Managers, All Other"
"Hospitality Administration/Management, General.",52.0901,11-9179,"Personal Service Managers, All Other"
Tourism and Travel Services Management.,52.0903,11-9179,"Personal Service Managers, All Other"
Information Technology Project Management.,11.1005,11-9199,"Managers, All Other"
Library and Information Science.,25.0101,11-9199,"Managers, All Other"
Archives/Archival Administration.,25.0103,11-9199,"Managers, All Other"
Systems Science and Theory.,30.0601,11-9199,"Managers, All Other"
Cultural Resource Management and Policy Analysis.,30.1202,11-9199,"Managers, All Other"
Economics and Computer Science.,30.3901,11-9199,"Managers, All Other"
Economics and Foreign Language/Literature.,30.4001,11-9199,"Managers, All Other"
Geoarcheaology.,30.4201,11-9199,"Managers, All Other"
History and Language/Literature.,30.4501,11-9199,"Managers, All Other"
History and Political Science.,30.4601,11-9199,"Managers, All Other"
Linguistics and Anthropology.,30.4701,11-9199,"Managers, All Other"
"Philosophy, Politics, and Economics.",30.5101,11-9199,"Managers, All Other"
"Digital Humanities and Textual Studies, General.",30.5201,11-9199,"Managers, All Other"
Digital Humanities.,30.5202,11-9199,"Managers, All Other"
Textual Studies.,30.5203,11-9199,"Managers, All Other"
Religious Institution Administration and Management.,39.0801,11-9199,"Managers, All Other"
"Psychology, General.",42.0101,11-9199,"Managers, All Other"
Cognitive Psychology and Psycholinguistics.,42.2701,11-9199,"Managers, All Other"
Comparative Psychology.,42.2702,11-9199,"Managers, All Other"
Developmental and Child Psychology.,42.2703,11-9199,"Managers, All Other"
Experimental Psychology.,42.2704,11-9199,"Managers, All Other"
Personality Psychology.,42.2705,11-9199,"Managers, All Other"
Behavioral Neuroscience.,42.2706,11-9199,"Managers, All Other"
Social Psychology.,42.2707,11-9199,"Managers, All Other"
Psychometrics and Quantitative Psychology.,42.2708,11-9199,"Managers, All Other"
Psychopharmacology.,42.2709,11-9199,"Managers, All Other"
Developmental and Adolescent Psychology.,42.271,11-9199,"Managers, All Other"
"Research and Experimental Psychology, Other.",42.2799,11-9199,"Managers, All Other"
Clinical Psychology.,42.2801,11-9199,"Managers, All Other"
Community Psychology.,42.2802,11-9199,"Managers, All Other"
Counseling Psychology.,42.2803,11-9199,"Managers, All Other"
Industrial and Organizational Psychology.,42.2804,11-9199,"Managers, All Other"
School Psychology.,42.2805,11-9199,"Managers, All Other"
Educational Psychology.,42.2806,11-9199,"Managers, All Other"
Clinical Child Psychology.,42.2807,11-9199,"Managers, All Other"
Environmental Psychology.,42.2808,11-9199,"Managers, All Other"
Geropsychology.,42.2809,11-9199,"Managers, All Other"
Health/Medical Psychology.,42.281,11-9199,"Managers, All Other"
Family Psychology.,42.2811,11-9199,"Managers, All Other"
Forensic Psychology.,42.2812,11-9199,"Managers, All Other"
Applied Psychology.,42.2813,11-9199,"Managers, All Other"
Applied Behavior Analysis.,42.2814,11-9199,"Managers, All Other"
"Clinical, Counseling and Applied Psychology, Other.",42.2899,11-9199,"Managers, All Other"
"Psychology, Other.",42.9999,11-9199,"Managers, All Other"
"Criminal Justice and Corrections, General.",43.01,11-9199,"Managers, All Other"
Criminal Justice/Law Enforcement Administration.,43.0103,11-9199,"Managers, All Other"
Law Enforcement Record-Keeping and Evidence Management.,43.0115,11-9199,"Managers, All Other"
Fire Services Administration.,43.0202,11-9199,"Managers, All Other"
Homeland Security.,43.0301,11-9199,"Managers, All Other"
Crisis/Emergency/Disaster Management.,43.0302,11-9199,"Managers, All Other"
Critical Infrastructure Protection.,43.0303,11-9199,"Managers, All Other"
Terrorism and Counterterrorism Operations.,43.0304,11-9199,"Managers, All Other"
Cybersecurity Defense Strategy/Policy.,43.0404,11-9199,"Managers, All Other"
Public Administration.,44.0401,11-9199,"Managers, All Other"
Public Works Management.,44.0402,11-9199,"Managers, All Other"
"Public Administration, Other.",44.0499,11-9199,"Managers, All Other"
"Social Sciences, General.",45.0101,11-9199,"Managers, All Other"
Research Methodology and Quantitative Methods.,45.0102,11-9199,"Managers, All Other"
Survey Research/Methodology.,45.0103,11-9199,"Managers, All Other"
"Social Sciences, Other.",45.0199,11-9199,"Managers, All Other"
"Anthropology, General.",45.0201,11-9199,"Managers, All Other"
Physical and Biological Anthropology.,45.0202,11-9199,"Managers, All Other"
Medical Anthropology.,45.0203,11-9199,"Managers, All Other"
Cultural Anthropology.,45.0204,11-9199,"Managers, All Other"
Forensic Anthropology.,45.0205,11-9199,"Managers, All Other"
"Anthropology, Other.",45.0299,11-9199,"Managers, All Other"
Archeology.,45.0301,11-9199,"Managers, All Other"
Criminology.,45.0401,11-9199,"Managers, All Other"
Demography and Population Studies.,45.0501,11-9199,"Managers, All Other"
Applied Demography.,45.0502,11-9199,"Managers, All Other"
"Demography, Other.",45.0599,11-9199,"Managers, All Other"
"Economics, General.",45.0601,11-9199,"Managers, All Other"
Applied Economics.,45.0602,11-9199,"Managers, All Other"
Econometrics and Quantitative Economics.,45.0603,11-9199,"Managers, All Other"
Development Economics and International Development.,45.0604,11-9199,"Managers, All Other"
International Economics.,45.0605,11-9199,"Managers, All Other"
"Economics, Other.",45.0699,11-9199,"Managers, All Other"
Geography.,45.0701,11-9199,"Managers, All Other"
Geographic Information Science and Cartography.,45.0702,11-9199,"Managers, All Other"
"Geography, Other.",45.0799,11-9199,"Managers, All Other"
International Relations and Affairs.,45.0901,11-9199,"Managers, All Other"
National Security Policy Studies.,45.0902,11-9199,"Managers, All Other"
"International Relations and National Security Studies, Other.",45.0999,11-9199,"Managers, All Other"
"Political Science and Government, General.",45.1001,11-9199,"Managers, All Other"
American Government and Politics (United States).,45.1002,11-9199,"Managers, All Other"
Canadian Government and Politics.,45.1003,11-9199,"Managers, All Other"
Political Economy.,45.1004,11-9199,"Managers, All Other"
"Political Science and Government, Other.",45.1099,11-9199,"Managers, All Other"
"Sociology, General.",45.1101,11-9199,"Managers, All Other"
Applied/Public Sociology.,45.1102,11-9199,"Managers, All Other"
Rural Sociology.,45.1103,11-9199,"Managers, All Other"
"Sociology, Other.",45.1199,11-9199,"Managers, All Other"
Urban Studies/Affairs.,45.1201,11-9199,"Managers, All Other"
Sociology and Anthropology.,45.1301,11-9199,"Managers, All Other"
Geography and Anthropology.,45.1501,11-9199,"Managers, All Other"
"Social Sciences, Other.",45.9999,11-9199,"Managers, All Other"
"Arts, Entertainment, and Media Management, General.",50.1001,11-9199,"Managers, All Other"
Fine and Studio Arts Management.,50.1002,11-9199,"Managers, All Other"
Theatre/Theatre Arts Management.,50.1004,11-9199,"Managers, All Other"
"Arts, Entertainment, and Media Management, Other.",50.1099,11-9199,"Managers, All Other"
Clinical Research Coordinator.,51.0719,11-9199,"Managers, All Other"
Industrial and Physical Pharmacy and Cosmetic Sciences.,51.2009,11-9199,"Managers, All Other"
"Business/Commerce, General.",52.0101,11-9199,"Managers, All Other"
"Business Administration and Management, General.",52.0201,11-9199,"Managers, All Other"
Non-Profit/Public/Organizational Management.,52.0206,11-9199,"Managers, All Other"
Research and Development Management.,52.021,11-9199,"Managers, All Other"
Project Management.,52.0211,11-9199,"Managers, All Other"
Organizational Leadership.,52.0213,11-9199,"Managers, All Other"
Research Administration.,52.0214,11-9199,"Managers, All Other"
Science/Technology Management.,52.0216,11-9199,"Managers, All Other"
Entrepreneurship/Entrepreneurial Studies.,52.0701,11-9199,"Managers, All Other"
Franchising and Franchise Operations.,52.0702,11-9199,"Managers, All Other"
Small Business Administration/Management.,52.0703,11-9199,"Managers, All Other"
Social Entrepreneurship.,52.0704,11-9199,"Managers, All Other"
Tourism and Travel Services Management.,52.0903,11-9199,"Managers, All Other"
"Hospitality Administration/Management, Other.",52.0999,11-9199,"Managers, All Other"
Telecommunications Management.,52.2101,11-9199,"Managers, All Other"
"History, General.",54.0101,11-9199,"Managers, All Other"
American  History (United States).,54.0102,11-9199,"Managers, All Other"
European History.,54.0103,11-9199,"Managers, All Other"
History and Philosophy of Science and Technology.,54.0104,11-9199,"Managers, All Other"
Public/Applied History.,54.0105,11-9199,"Managers, All Other"
Asian History.,54.0106,11-9199,"Managers, All Other"
Canadian History.,54.0107,11-9199,"Managers, All Other"
Military History.,54.0108,11-9199,"Managers, All Other"
"History, Other.",54.0199,11-9199,"Managers, All Other"
Digital Communication and Media/Multimedia.,9.0702,11-9199,"Managers, All Other"
"Arts, Entertainment, and Media Management, General.",50.1001,13-1011,"Agents and Business Managers of Artists, Performers, and Athletes"
Fine and Studio Arts Management.,50.1002,13-1011,"Agents and Business Managers of Artists, Performers, and Athletes"
"Arts, Entertainment, and Media Management, Other.",50.1099,13-1011,"Agents and Business Managers of Artists, Performers, and Athletes"
"Purchasing, Procurement/Acquisitions and Contracts Management.",52.0202,13-1011,"Agents and Business Managers of Artists, Performers, and Athletes"
Sports Communication.,9.0906,13-1011,"Agents and Business Managers of Artists, Performers, and Athletes"
Agricultural/Farm Supplies Retailing and Wholesaling.,1.0105,13-1021,"Buyers and Purchasing Agents, Farm Products"
Wine Steward/Sommelier.,12.051,13-1022,"Wholesale and Retail Buyers, Except Farm Products"
Apparel and Textile Marketing Management.,19.0905,13-1022,"Wholesale and Retail Buyers, Except Farm Products"
"Sales, Distribution, and Marketing Operations, General.",52.1801,13-1022,"Wholesale and Retail Buyers, Except Farm Products"
Merchandising and Buying Operations.,52.1802,13-1022,"Wholesale and Retail Buyers, Except Farm Products"
"General Merchandising, Sales, and Related Marketing Operations, Other.",52.1899,13-1022,"Wholesale and Retail Buyers, Except Farm Products"
Fashion Merchandising.,52.1902,13-1022,"Wholesale and Retail Buyers, Except Farm Products"
Apparel and Accessories Marketing Operations.,52.1904,13-1022,"Wholesale and Retail Buyers, Except Farm Products"
"Purchasing, Procurement/Acquisitions and Contracts Management.",52.0202,13-1023,"Purchasing Agents, Except Wholesale, Retail, and Farm Products"
"Sales, Distribution, and Marketing Operations, General.",52.1801,13-1023,"Purchasing Agents, Except Wholesale, Retail, and Farm Products"
"General Merchandising, Sales, and Related Marketing Operations, Other.",52.1899,13-1023,"Purchasing Agents, Except Wholesale, Retail, and Farm Products"
Health/Medical Claims Examiner.,51.0715,13-1031,"Claims Adjusters, Examiners, and Investigators"
Insurance.,52.1701,13-1031,"Claims Adjusters, Examiners, and Investigators"
Autobody/Collision and Repair Technology/Technician.,47.0603,13-1032,"Insurance Appraisers, Auto Damage"
Insurance.,52.1701,13-1032,"Insurance Appraisers, Auto Damage"
Environmental Studies.,3.0103,13-1041,Compliance Officers
Environmental Science.,3.0104,13-1041,Compliance Officers
Environmental/Natural Resources Law Enforcement and Protective Services.,3.0208,13-1041,Compliance Officers
Energy and Environmental Policy.,3.0209,13-1041,Compliance Officers
Environmental Geosciences.,30.4101,13-1041,Compliance Officers
Suspension and Debarment Investigation.,43.0121,13-1041,Compliance Officers
Medical Staff Services Technology/Technician.,51.0717,13-1041,Compliance Officers
Regulatory Science/Affairs.,51.072,13-1041,Compliance Officers
Patient Safety and Healthcare Quality.,51.2213,13-1041,Compliance Officers
"Human Resources Management/Personnel Administration, General.",52.1001,13-1041,Compliance Officers
Labor and Industrial Relations.,52.1002,13-1041,Compliance Officers
Materials Engineering.,14.1801,13-1051,Cost Estimators
Mechanical Engineering.,14.1901,13-1051,Cost Estimators
Construction Engineering.,14.3301,13-1051,Cost Estimators
Manufacturing Engineering.,14.3601,13-1051,Cost Estimators
Construction Engineering Technology/Technician.,15.1001,13-1051,Cost Estimators
"Business/Commerce, General.",52.0101,13-1051,Cost Estimators
"Business Administration and Management, General.",52.0201,13-1051,Cost Estimators
Industrial and Organizational Psychology.,42.2804,13-1071,Human Resources Specialists
"Business Administration and Management, General.",52.0201,13-1071,Human Resources Specialists
"Human Resources Management/Personnel Administration, General.",52.1001,13-1071,Human Resources Specialists
Organizational Behavior Studies.,52.1003,13-1071,Human Resources Specialists
Executive/Career Coaching.,52.1006,13-1071,Human Resources Specialists
"Human Resources Management and Services, Other.",52.1099,13-1071,Human Resources Specialists
NO MATCH,99.9999,13-1074,Farm Labor Contractors
Dispute Resolution.,30.2801,13-1075,Labor Relations Specialists
"Human Resources Management/Personnel Administration, General.",52.1001,13-1075,Labor Relations Specialists
Labor and Industrial Relations.,52.1002,13-1075,Labor Relations Specialists
Labor Studies.,52.1004,13-1075,Labor Relations Specialists
"Business Administration and Management, General.",52.0201,13-1081,Logisticians
"Logistics, Materials, and Supply Chain Management.",52.0203,13-1081,Logisticians
Operations Management and Supervision.,52.0205,13-1081,Logisticians
Information Technology Project Management.,11.1005,13-1082,Project Management Specialists
"Business/Commerce, General.",52.0101,13-1082,Project Management Specialists
"Business Administration and Management, General.",52.0201,13-1082,Project Management Specialists
Project Management.,52.0211,13-1082,Project Management Specialists
Science/Technology Management.,52.0216,13-1082,Project Management Specialists
Construction Project Management.,52.2002,13-1082,Project Management Specialists
Educational Evaluation and Research.,13.0601,13-1111,Management Analysts
Educational Statistics and Research Methods.,13.0603,13-1111,Management Analysts
"Educational Assessment, Testing, and Measurement.",13.0604,13-1111,Management Analysts
Institutional Research.,13.0608,13-1111,Management Analysts
"Educational Assessment, Evaluation, and Research, Other.",13.0699,13-1111,Management Analysts
"Applied Statistics, General.",27.0601,13-1111,Management Analysts
"Data Analytics, General.",30.7101,13-1111,Management Analysts
Business Analytics.,30.7102,13-1111,Management Analysts
Data Visualization.,30.7103,13-1111,Management Analysts
Financial Analytics.,30.7104,13-1111,Management Analysts
"Data Analytics, Other.",30.7199,13-1111,Management Analysts
Industrial and Organizational Psychology.,42.2804,13-1111,Management Analysts
"Business/Commerce, General.",52.0101,13-1111,Management Analysts
"Business Administration and Management, General.",52.0201,13-1111,Management Analysts
Organizational Leadership.,52.0213,13-1111,Management Analysts
Business/Managerial Economics.,52.0601,13-1111,Management Analysts
Management Science.,52.1301,13-1111,Management Analysts
Facilities Planning and Management.,19.0604,13-1121,"Meeting, Convention, and Event Planners"
Meeting and Event Planning.,52.0907,13-1121,"Meeting, Convention, and Event Planners"
Research Administration.,52.0214,13-1131,Fundraisers
Grantsmanship.,52.0502,13-1131,Fundraisers
"Marketing/Marketing Management, General.",52.1401,13-1131,Fundraisers
"Communication, General.",9.01,13-1131,Fundraisers
"Public Relations, Advertising, and Applied Communication.",9.09,13-1131,Fundraisers
Public Relations/Image Management.,9.0902,13-1131,Fundraisers
Political Communication.,9.0904,13-1131,Fundraisers
"Business Administration and Management, General.",52.0201,13-1141,"Compensation, Benefits, and Job Analysis Specialists"
"Finance, General.",52.0801,13-1141,"Compensation, Benefits, and Job Analysis Specialists"
"Human Resources Management/Personnel Administration, General.",52.1001,13-1141,"Compensation, Benefits, and Job Analysis Specialists"
Insurance.,52.1701,13-1141,"Compensation, Benefits, and Job Analysis Specialists"
Educational/Instructional Technology.,13.0501,13-1151,Training and Development Specialists
Adult and Continuing Education and Teaching.,13.1201,13-1151,Training and Development Specialists
Industrial and Organizational Psychology.,42.2804,13-1151,Training and Development Specialists
"Human Resources Management/Personnel Administration, General.",52.1001,13-1151,Training and Development Specialists
Human Resources Development.,52.1005,13-1151,Training and Development Specialists
Executive/Career Coaching.,52.1006,13-1151,Training and Development Specialists
"Organizational Communication, General.",9.0901,13-1151,Training and Development Specialists
Consumer Merchandising/Retailing Management.,19.0203,13-1161,Market Research Analysts and Marketing Specialists
Apparel and Textile Marketing Management.,19.0905,13-1161,Market Research Analysts and Marketing Specialists
Business Analytics.,30.7102,13-1161,Market Research Analysts and Marketing Specialists
Applied Economics.,45.0602,13-1161,Market Research Analysts and Marketing Specialists
"Marketing/Marketing Management, General.",52.1401,13-1161,Market Research Analysts and Marketing Specialists
Marketing Research.,52.1402,13-1161,Market Research Analysts and Marketing Specialists
International Marketing.,52.1403,13-1161,Market Research Analysts and Marketing Specialists
Digital Marketing.,52.1404,13-1161,Market Research Analysts and Marketing Specialists
"Marketing, Other.",52.1499,13-1161,Market Research Analysts and Marketing Specialists
Apparel and Accessories Marketing Operations.,52.1904,13-1161,Market Research Analysts and Marketing Specialists
Tourism and Travel Services Marketing Operations.,52.1905,13-1161,Market Research Analysts and Marketing Specialists
Tourism Promotion Operations.,52.1906,13-1161,Market Research Analysts and Marketing Specialists
Vehicle and Vehicle Parts and Accessories Marketing Operations.,52.1907,13-1161,Market Research Analysts and Marketing Specialists
Business and Personal/Financial Services Marketing Operations.,52.1908,13-1161,Market Research Analysts and Marketing Specialists
Special Products Marketing Operations.,52.1909,13-1161,Market Research Analysts and Marketing Specialists
Hospitality and Recreation Marketing Operations.,52.191,13-1161,Market Research Analysts and Marketing Specialists
"Business Administration and Management, General.",52.0201,13-1199,"Business Operations Specialists, All Other"
E-Commerce/Electronic Commerce.,52.0208,13-1199,"Business Operations Specialists, All Other"
"Business Operations Support and Secretarial Services, Other.",52.0499,13-1199,"Business Operations Specialists, All Other"
Hotel/Motel Administration/Management.,52.0904,13-1199,"Business Operations Specialists, All Other"
International Business/Trade/Commerce.,52.1101,13-1199,"Business Operations Specialists, All Other"
Accounting and Computer Science.,30.1601,13-2011,Accountants and Auditors
Financial Forensics and Fraud Investigation.,43.0405,13-2011,Accountants and Auditors
Accounting.,52.0301,13-2011,Accountants and Auditors
Auditing.,52.0303,13-2011,Accountants and Auditors
Accounting and Finance.,52.0304,13-2011,Accountants and Auditors
Accounting and Business/Management.,52.0305,13-2011,Accountants and Auditors
Taxation.,52.1601,13-2011,Accountants and Auditors
"Art History, Criticism and Conservation.",50.0703,13-2022,Appraisers of Personal and Business Property
"Business/Commerce, General.",52.0101,13-2022,Appraisers of Personal and Business Property
Accounting.,52.0301,13-2022,Appraisers of Personal and Business Property
Accounting and Finance.,52.0304,13-2022,Appraisers of Personal and Business Property
Accounting and Business/Management.,52.0305,13-2022,Appraisers of Personal and Business Property
"Finance, General.",52.0801,13-2022,Appraisers of Personal and Business Property
Real Estate.,52.1501,13-2022,Appraisers of Personal and Business Property
Taxation.,52.1601,13-2022,Appraisers of Personal and Business Property
Insurance.,52.1701,13-2022,Appraisers of Personal and Business Property
Real Estate Development.,4.1001,13-2023,Appraisers and Assessors of Real Estate
Real Estate.,52.1501,13-2023,Appraisers and Assessors of Real Estate
Accounting.,52.0301,13-2031,Budget Analysts
Accounting and Finance.,52.0304,13-2031,Budget Analysts
"Finance, General.",52.0801,13-2031,Budget Analysts
Public Finance.,52.0808,13-2031,Budget Analysts
Accounting.,52.0301,13-2041,Credit Analysts
"Finance, General.",52.0801,13-2041,Credit Analysts
Credit Management.,52.0809,13-2041,Credit Analysts
Financial Risk Management.,52.081,13-2041,Credit Analysts
Financial Mathematics.,27.0305,13-2051,Financial and Investment Analysts
Financial Analytics.,30.7104,13-2051,Financial and Investment Analysts
Accounting and Finance.,52.0304,13-2051,Financial and Investment Analysts
Accounting and Business/Management.,52.0305,13-2051,Financial and Investment Analysts
"Finance, General.",52.0801,13-2051,Financial and Investment Analysts
International Finance.,52.0806,13-2051,Financial and Investment Analysts
Investments and Securities.,52.0807,13-2051,Financial and Investment Analysts
Public Finance.,52.0808,13-2051,Financial and Investment Analysts
Financial Risk Management.,52.081,13-2051,Financial and Investment Analysts
"Family Resource Management Studies, General.",19.0401,13-2052,Personal Financial Advisors
"Finance, General.",52.0801,13-2052,Personal Financial Advisors
Financial Planning and Services.,52.0804,13-2052,Personal Financial Advisors
Risk Management.,52.0215,13-2053,Insurance Underwriters
Financial Risk Management.,52.081,13-2053,Insurance Underwriters
Actuarial Science.,52.1304,13-2053,Insurance Underwriters
Insurance.,52.1701,13-2053,Insurance Underwriters
Financial Mathematics.,27.0305,13-2054,Financial Risk Specialists
Risk Management.,52.0215,13-2054,Financial Risk Specialists
Accounting.,52.0301,13-2054,Financial Risk Specialists
Accounting and Finance.,52.0304,13-2054,Financial Risk Specialists
Accounting and Business/Management.,52.0305,13-2054,Financial Risk Specialists
Business/Managerial Economics.,52.0601,13-2054,Financial Risk Specialists
"Finance, General.",52.0801,13-2054,Financial Risk Specialists
International Finance.,52.0806,13-2054,Financial Risk Specialists
Investments and Securities.,52.0807,13-2054,Financial Risk Specialists
Public Finance.,52.0808,13-2054,Financial Risk Specialists
Financial Risk Management.,52.081,13-2054,Financial Risk Specialists
Actuarial Science.,52.1304,13-2054,Financial Risk Specialists
Suspension and Debarment Investigation.,43.0121,13-2061,Financial Examiners
Financial Forensics and Fraud Investigation.,43.0405,13-2061,Financial Examiners
Accounting.,52.0301,13-2061,Financial Examiners
Auditing.,52.0303,13-2061,Financial Examiners
Taxation.,52.1601,13-2061,Financial Examiners
Banking and Financial Support Services.,52.0803,13-2071,Credit Counselors
Financial Planning and Services.,52.0804,13-2071,Credit Counselors
Credit Management.,52.0809,13-2071,Credit Counselors
"Finance, General.",52.0801,13-2072,Loan Officers
Credit Management.,52.0809,13-2072,Loan Officers
Accounting.,52.0301,13-2081,"Tax Examiners and Collectors, and Revenue Agents"
Taxation.,52.1601,13-2081,"Tax Examiners and Collectors, and Revenue Agents"
Accounting.,52.0301,13-2082,Tax Preparers
Accounting Technology/Technician and Bookkeeping.,52.0302,13-2082,Tax Preparers
Taxation.,52.1601,13-2082,Tax Preparers
Financial Mathematics.,27.0305,13-2099,"Financial Specialists, All Other"
Religious Institution Administration and Management.,39.0801,13-2099,"Financial Specialists, All Other"
Non-Profit/Public/Organizational Management.,52.0206,13-2099,"Financial Specialists, All Other"
"Finance, General.",52.0801,13-2099,"Financial Specialists, All Other"
"Computer and Information Sciences, General.",11.0101,15-1211,Computer Systems Analysts
Information Technology.,11.0103,15-1211,Computer Systems Analysts
Computer Systems Analysis/Analyst.,11.0501,15-1211,Computer Systems Analysts
Computer Systems Networking and Telecommunications.,11.0901,15-1211,Computer Systems Analysts
Information Technology.,11.0103,15-1212,Information Security Analysts
Computer Science.,11.0701,15-1212,Information Security Analysts
Computer Systems Networking and Telecommunications.,11.0901,15-1212,Information Security Analysts
Network and System Administration/Administrator.,11.1001,15-1212,Information Security Analysts
"System, Networking, and LAN/WAN Management/Manager.",11.1002,15-1212,Information Security Analysts
Computer and Information Systems Security/Auditing/Information Assurance.,11.1003,15-1212,Information Security Analysts
Information Technology Project Management.,11.1005,15-1212,Information Security Analysts
Cyber/Computer Forensics and Counterterrorism.,43.0403,15-1212,Information Security Analysts
Healthcare Information Privacy Assurance and Security.,51.0723,15-1212,Information Security Analysts
"Computer and Information Sciences, General.",11.0101,15-1221,Computer and Information Research Scientists
Artificial Intelligence.,11.0102,15-1221,Computer and Information Research Scientists
Information Technology.,11.0103,15-1221,Computer and Information Research Scientists
Informatics.,11.0104,15-1221,Computer and Information Research Scientists
"Computer and Information Sciences,  Other.",11.0199,15-1221,Computer and Information Research Scientists
Information Science/Studies.,11.0401,15-1221,Computer and Information Research Scientists
Computer Science.,11.0701,15-1221,Computer and Information Research Scientists
"Modeling, Virtual Environments and Simulation.",11.0804,15-1221,Computer and Information Research Scientists
Cloud Computing.,11.0902,15-1221,Computer and Information Research Scientists
Bioinformatics.,26.1103,15-1221,Computer and Information Research Scientists
Human Computer Interaction.,30.3101,15-1221,Computer and Information Research Scientists
"Data Science, General.",30.7001,15-1221,Computer and Information Research Scientists
"Data Science, Other.",30.7099,15-1221,Computer and Information Research Scientists
Cheminformatics/Chemistry Informatics.,40.0512,15-1221,Computer and Information Research Scientists
Medical Informatics.,51.2706,15-1221,Computer and Information Research Scientists
"Computer Programming/Programmer, General.",11.0201,15-1231,Computer Network Support Specialists
Computer Systems Analysis/Analyst.,11.0501,15-1231,Computer Network Support Specialists
Computer Science.,11.0701,15-1231,Computer Network Support Specialists
Computer Systems Networking and Telecommunications.,11.0901,15-1231,Computer Network Support Specialists
Cloud Computing.,11.0902,15-1231,Computer Network Support Specialists
Network and System Administration/Administrator.,11.1001,15-1231,Computer Network Support Specialists
"System, Networking, and LAN/WAN Management/Manager.",11.1002,15-1231,Computer Network Support Specialists
Computer and Information Systems Security/Auditing/Information Assurance.,11.1003,15-1231,Computer Network Support Specialists
Computer Support Specialist.,11.1006,15-1231,Computer Network Support Specialists
Agricultural Business Technology/Technician.,1.0106,15-1232,Computer User Support Specialists
Computer Support Specialist.,11.1006,15-1232,Computer User Support Specialists
Medical Office Computer Specialist/Assistant.,51.0709,15-1232,Computer User Support Specialists
"Computer and Information Sciences, General.",11.0101,15-1241,Computer Network Architects
Information Technology.,11.0103,15-1241,Computer Network Architects
Computer Systems Analysis/Analyst.,11.0501,15-1241,Computer Network Architects
Computer Systems Networking and Telecommunications.,11.0901,15-1241,Computer Network Architects
Cloud Computing.,11.0902,15-1241,Computer Network Architects
Network and System Administration/Administrator.,11.1001,15-1241,Computer Network Architects
Computer and Information Systems Security/Auditing/Information Assurance.,11.1003,15-1241,Computer Network Architects
"Computer Engineering, General.",14.0901,15-1241,Computer Network Architects
"Computer Engineering, Other.",14.0999,15-1241,Computer Network Architects
"Computer and Information Sciences, General.",11.0101,15-1242,Database Administrators
Data Modeling/Warehousing and Database Administration.,11.0802,15-1242,Database Administrators
Computer and Information Systems Security/Auditing/Information Assurance.,11.1003,15-1242,Database Administrators
"Computer and Information Sciences, General.",11.0101,15-1243,Database Architects
Information Technology.,11.0103,15-1243,Database Architects
Information Science/Studies.,11.0401,15-1243,Database Architects
Computer Systems Analysis/Analyst.,11.0501,15-1243,Database Architects
Computer Science.,11.0701,15-1243,Database Architects
Data Modeling/Warehousing and Database Administration.,11.0802,15-1243,Database Architects
Cloud Computing.,11.0902,15-1243,Database Architects
Computer and Information Systems Security/Auditing/Information Assurance.,11.1003,15-1243,Database Architects
"Computer Engineering, General.",14.0901,15-1243,Database Architects
Computer Software Engineering.,14.0903,15-1243,Database Architects
Systems Engineering.,14.2701,15-1243,Database Architects
"Data Science, General.",30.7001,15-1243,Database Architects
"Data Science, Other.",30.7099,15-1243,Database Architects
"Management Information Systems, General.",52.1201,15-1243,Database Architects
"Computer and Information Sciences, General.",11.0101,15-1244,Network and Computer Systems Administrators
Network and System Administration/Administrator.,11.1001,15-1244,Network and Computer Systems Administrators
Computer and Information Systems Security/Auditing/Information Assurance.,11.1003,15-1244,Network and Computer Systems Administrators
"Computer Programming/Programmer, General.",11.0201,15-1251,Computer Programmers
"Computer Programming, Specific Applications.",11.0202,15-1251,Computer Programmers
"Computer Programming, Vendor/Product Certification.",11.0203,15-1251,Computer Programmers
Computer Game Programming.,11.0204,15-1251,Computer Programmers
"Computer Programming, Specific Platforms.",11.0205,15-1251,Computer Programmers
"Computer Programming, Other.",11.0299,15-1251,Computer Programmers
Computer Science.,11.0701,15-1251,Computer Programmers
Computer Graphics.,11.0803,15-1251,Computer Programmers
"Modeling, Virtual Environments and Simulation.",11.0804,15-1251,Computer Programmers
Cloud Computing.,11.0902,15-1251,Computer Programmers
Computer Software Technology/Technician.,15.1204,15-1251,Computer Programmers
Computational Science.,30.3001,15-1251,Computer Programmers
"Data Analytics, General.",30.7101,15-1251,Computer Programmers
Data Visualization.,30.7103,15-1251,Computer Programmers
"Data Analytics, Other.",30.7199,15-1251,Computer Programmers
Medical Office Computer Specialist/Assistant.,51.0709,15-1251,Computer Programmers
"Management Information Systems, General.",52.1201,15-1251,Computer Programmers
Artificial Intelligence.,11.0102,15-1252,Software Developers
Information Technology.,11.0103,15-1252,Software Developers
Informatics.,11.0104,15-1252,Software Developers
"Computer Programming/Programmer, General.",11.0201,15-1252,Software Developers
"Computer Programming, Specific Applications.",11.0202,15-1252,Software Developers
"Computer Programming, Vendor/Product Certification.",11.0203,15-1252,Software Developers
Computer Game Programming.,11.0204,15-1252,Software Developers
"Computer Programming, Specific Platforms.",11.0205,15-1252,Software Developers
Information Science/Studies.,11.0401,15-1252,Software Developers
Computer Science.,11.0701,15-1252,Software Developers
"Modeling, Virtual Environments and Simulation.",11.0804,15-1252,Software Developers
Cloud Computing.,11.0902,15-1252,Software Developers
"Computer Engineering, General.",14.0901,15-1252,Software Developers
Computer Software Engineering.,14.0903,15-1252,Software Developers
Computer Software Technology/Technician.,15.1204,15-1252,Software Developers
Mathematics and Computer Science.,30.0801,15-1252,Software Developers
Accounting and Computer Science.,30.1601,15-1252,Software Developers
Economics and Computer Science.,30.3901,15-1252,Software Developers
Linguistics and Computer Science.,30.4801,15-1252,Software Developers
"Data Science, General.",30.7001,15-1252,Software Developers
"Computer and Information Sciences, General.",11.0101,15-1253,Software Quality Assurance Analysts and Testers
Information Technology.,11.0103,15-1253,Software Quality Assurance Analysts and Testers
Informatics.,11.0104,15-1253,Software Quality Assurance Analysts and Testers
"Computer Programming/Programmer, General.",11.0201,15-1253,Software Quality Assurance Analysts and Testers
"Computer Programming, Specific Applications.",11.0202,15-1253,Software Quality Assurance Analysts and Testers
"Computer Programming, Vendor/Product Certification.",11.0203,15-1253,Software Quality Assurance Analysts and Testers
Computer Game Programming.,11.0204,15-1253,Software Quality Assurance Analysts and Testers
"Computer Programming, Specific Platforms.",11.0205,15-1253,Software Quality Assurance Analysts and Testers
Computer Systems Analysis/Analyst.,11.0501,15-1253,Software Quality Assurance Analysts and Testers
Computer Science.,11.0701,15-1253,Software Quality Assurance Analysts and Testers
"Computer Engineering, General.",14.0901,15-1253,Software Quality Assurance Analysts and Testers
Computer Software Engineering.,14.0903,15-1253,Software Quality Assurance Analysts and Testers
Computer Engineering Technology/Technician.,15.1201,15-1253,Software Quality Assurance Analysts and Testers
Computer/Computer Systems Technology/Technician.,15.1202,15-1253,Software Quality Assurance Analysts and Testers
Computer Software Technology/Technician.,15.1204,15-1253,Software Quality Assurance Analysts and Testers
"Computer Programming/Programmer, General.",11.0201,15-1254,Web Developers
Computer Science.,11.0701,15-1254,Web Developers
"Web Page, Digital/Multimedia and Information Resources Design.",11.0801,15-1254,Web Developers
Web/Multimedia Management and Webmaster.,11.1004,15-1254,Web Developers
"Computer and Information Sciences, General.",11.0101,15-1255,Web and Digital Interface Designers
Informatics.,11.0104,15-1255,Web and Digital Interface Designers
Human-Centered Technology Design.,11.0105,15-1255,Web and Digital Interface Designers
"Computer Programming/Programmer, General.",11.0201,15-1255,Web and Digital Interface Designers
Information Science/Studies.,11.0401,15-1255,Web and Digital Interface Designers
Computer Science.,11.0701,15-1255,Web and Digital Interface Designers
"Web Page, Digital/Multimedia and Information Resources Design.",11.0801,15-1255,Web and Digital Interface Designers
Web/Multimedia Management and Webmaster.,11.1004,15-1255,Web and Digital Interface Designers
Human Computer Interaction.,30.3101,15-1255,Web and Digital Interface Designers
"Design and Visual Communications, General.",50.0401,15-1255,Web and Digital Interface Designers
Graphic Design.,50.0409,15-1255,Web and Digital Interface Designers
Digital Marketing.,52.1404,15-1255,Web and Digital Interface Designers
Digital Communication and Media/Multimedia.,9.0702,15-1255,Web and Digital Interface Designers
"Computer and Information Sciences, General.",11.0101,15-1299,"Computer Occupations, All Other"
Data Processing and Data Processing Technology/Technician.,11.0301,15-1299,"Computer Occupations, All Other"
Information Science/Studies.,11.0401,15-1299,"Computer Occupations, All Other"
Computer Science.,11.0701,15-1299,"Computer Occupations, All Other"
Information Technology Project Management.,11.1005,15-1299,"Computer Occupations, All Other"
Bioinformatics.,26.1103,15-1299,"Computer Occupations, All Other"
Computational Biology.,26.1104,15-1299,"Computer Occupations, All Other"
Mathematics and Computer Science.,30.0801,15-1299,"Computer Occupations, All Other"
Accounting and Computer Science.,30.1601,15-1299,"Computer Occupations, All Other"
Computational Science.,30.3001,15-1299,"Computer Occupations, All Other"
Human Computer Interaction.,30.3101,15-1299,"Computer Occupations, All Other"
Cheminformatics/Chemistry Informatics.,40.0512,15-1299,"Computer Occupations, All Other"
Cyber/Computer Forensics and Counterterrorism.,43.0403,15-1299,"Computer Occupations, All Other"
Medical Informatics.,51.2706,15-1299,"Computer Occupations, All Other"
"Applied Mathematics, General.",27.0301,15-2011,Actuaries
Computational and Applied Mathematics.,27.0304,15-2011,Actuaries
"Statistics, General.",27.0501,15-2011,Actuaries
Mathematical Statistics and Probability.,27.0502,15-2011,Actuaries
Mathematics and Statistics.,27.0503,15-2011,Actuaries
"Statistics, Other.",27.0599,15-2011,Actuaries
"Applied Statistics, General.",27.0601,15-2011,Actuaries
Risk Management.,52.0215,15-2011,Actuaries
Actuarial Science.,52.1304,15-2011,Actuaries
"Biomathematics, Bioinformatics, and Computational Biology, Other.",26.1199,15-2021,Mathematicians
"Mathematics, General.",27.0101,15-2021,Mathematicians
Algebra and Number Theory.,27.0102,15-2021,Mathematicians
Analysis and Functional Analysis.,27.0103,15-2021,Mathematicians
Geometry/Geometric Analysis.,27.0104,15-2021,Mathematicians
Topology and Foundations.,27.0105,15-2021,Mathematicians
"Mathematics, Other.",27.0199,15-2021,Mathematicians
"Applied Mathematics, General.",27.0301,15-2021,Mathematicians
Computational Mathematics.,27.0303,15-2021,Mathematicians
Computational and Applied Mathematics.,27.0304,15-2021,Mathematicians
Financial Mathematics.,27.0305,15-2021,Mathematicians
Mathematical Biology.,27.0306,15-2021,Mathematicians
"Applied Mathematics, Other.",27.0399,15-2021,Mathematicians
Mathematical Statistics and Probability.,27.0502,15-2021,Mathematicians
Mathematics and Statistics.,27.0503,15-2021,Mathematicians
"Mathematics and Statistics, Other.",27.9999,15-2021,Mathematicians
Mathematics and Computer Science.,30.0801,15-2021,Mathematicians
Mathematical Economics.,30.4901,15-2021,Mathematicians
Mathematics and Atmospheric/Oceanic Science.,30.5001,15-2021,Mathematicians
Logic.,38.0102,15-2021,Mathematicians
Operations Research.,14.3701,15-2031,Operations Research Analysts
Management Science.,52.1301,15-2031,Operations Research Analysts
Educational Statistics and Research Methods.,13.0603,15-2041,Statisticians
"Educational Assessment, Testing, and Measurement.",13.0604,15-2041,Statisticians
Institutional Research.,13.0608,15-2041,Statisticians
"Educational Assessment, Evaluation, and Research, Other.",13.0699,15-2041,Statisticians
Biometry/Biometrics.,26.1101,15-2041,Statisticians
Biostatistics.,26.1102,15-2041,Statisticians
Epidemiology and Biostatistics.,26.1311,15-2041,Statisticians
"Mathematics, General.",27.0101,15-2041,Statisticians
"Applied Mathematics, General.",27.0301,15-2041,Statisticians
Computational and Applied Mathematics.,27.0304,15-2041,Statisticians
"Statistics, General.",27.0501,15-2041,Statisticians
Mathematical Statistics and Probability.,27.0502,15-2041,Statisticians
Mathematics and Statistics.,27.0503,15-2041,Statisticians
"Statistics, Other.",27.0599,15-2041,Statisticians
"Applied Statistics, General.",27.0601,15-2041,Statisticians
Mathematical Economics.,30.4901,15-2041,Statisticians
"Data Science, General.",30.7001,15-2041,Statisticians
"Data Science, Other.",30.7099,15-2041,Statisticians
"Data Analytics, General.",30.7101,15-2041,Statisticians
Business Analytics.,30.7102,15-2041,Statisticians
"Data Analytics, Other.",30.7199,15-2041,Statisticians
Psychometrics and Quantitative Psychology.,42.2708,15-2041,Statisticians
Research Methodology and Quantitative Methods.,45.0102,15-2041,Statisticians
Survey Research/Methodology.,45.0103,15-2041,Statisticians
Econometrics and Quantitative Economics.,45.0603,15-2041,Statisticians
Business Statistics.,52.1302,15-2041,Statisticians
Artificial Intelligence.,11.0102,15-2051,Data Scientists
Information Technology.,11.0103,15-2051,Data Scientists
Computer Science.,11.0701,15-2051,Data Scientists
Data Modeling/Warehousing and Database Administration.,11.0802,15-2051,Data Scientists
"Modeling, Virtual Environments and Simulation.",11.0804,15-2051,Data Scientists
Bioinformatics.,26.1103,15-2051,Data Scientists
Computational Biology.,26.1104,15-2051,Data Scientists
"Biomathematics, Bioinformatics, and Computational Biology, Other.",26.1199,15-2051,Data Scientists
"Mathematics, General.",27.0101,15-2051,Data Scientists
"Applied Mathematics, General.",27.0301,15-2051,Data Scientists
Computational Mathematics.,27.0303,15-2051,Data Scientists
Computational and Applied Mathematics.,27.0304,15-2051,Data Scientists
Financial Mathematics.,27.0305,15-2051,Data Scientists
Mathematical Biology.,27.0306,15-2051,Data Scientists
"Applied Mathematics, Other.",27.0399,15-2051,Data Scientists
"Statistics, General.",27.0501,15-2051,Data Scientists
Mathematical Statistics and Probability.,27.0502,15-2051,Data Scientists
Mathematics and Statistics.,27.0503,15-2051,Data Scientists
"Applied Statistics, General.",27.0601,15-2051,Data Scientists
"Mathematics and Statistics, Other.",27.9999,15-2051,Data Scientists
Mathematics and Computer Science.,30.0801,15-2051,Data Scientists
Computational Science.,30.3001,15-2051,Data Scientists
Economics and Computer Science.,30.3901,15-2051,Data Scientists
Linguistics and Computer Science.,30.4801,15-2051,Data Scientists
"Data Science, General.",30.7001,15-2051,Data Scientists
"Data Science, Other.",30.7099,15-2051,Data Scientists
"Data Analytics, General.",30.7101,15-2051,Data Scientists
Business Analytics.,30.7102,15-2051,Data Scientists
Data Visualization.,30.7103,15-2051,Data Scientists
Financial Analytics.,30.7104,15-2051,Data Scientists
"Data Analytics, Other.",30.7199,15-2051,Data Scientists
Cheminformatics/Chemistry Informatics.,40.0512,15-2051,Data Scientists
Econometrics and Quantitative Economics.,45.0603,15-2051,Data Scientists
Management Science.,52.1301,15-2051,Data Scientists
Business Statistics.,52.1302,15-2051,Data Scientists
Computational Biology.,26.1104,15-2099,"Mathematical Science Occupations, All Other"
"Biomathematics, Bioinformatics, and Computational Biology, Other.",26.1199,15-2099,"Mathematical Science Occupations, All Other"
"Mathematics, General.",27.0101,15-2099,"Mathematical Science Occupations, All Other"
"Applied Mathematics, General.",27.0301,15-2099,"Mathematical Science Occupations, All Other"
Computational Mathematics.,27.0303,15-2099,"Mathematical Science Occupations, All Other"
Computational and Applied Mathematics.,27.0304,15-2099,"Mathematical Science Occupations, All Other"
Financial Mathematics.,27.0305,15-2099,"Mathematical Science Occupations, All Other"
Mathematical Biology.,27.0306,15-2099,"Mathematical Science Occupations, All Other"
"Applied Mathematics, Other.",27.0399,15-2099,"Mathematical Science Occupations, All Other"
"Mathematics and Statistics, Other.",27.9999,15-2099,"Mathematical Science Occupations, All Other"
Mathematics and Computer Science.,30.0801,15-2099,"Mathematical Science Occupations, All Other"
Computational Science.,30.3001,15-2099,"Mathematical Science Occupations, All Other"
Mathematical Economics.,30.4901,15-2099,"Mathematical Science Occupations, All Other"
Mathematics and Atmospheric/Oceanic Science.,30.5001,15-2099,"Mathematical Science Occupations, All Other"
Architecture.,4.0201,17-1011,"Architects, Except Landscape and Naval"
Architectural Design.,4.0202,17-1011,"Architects, Except Landscape and Naval"
Environmental Design/Architecture.,4.0401,17-1011,"Architects, Except Landscape and Naval"
"Architectural History and Criticism, General.",4.0801,17-1011,"Architects, Except Landscape and Naval"
Environmental Design/Architecture.,4.0401,17-1012,Landscape Architects
Landscape Architecture.,4.0601,17-1012,Landscape Architects
Surveying Engineering.,14.3801,17-1021,Cartographers and Photogrammetrists
Surveying Technology/Surveying.,15.1102,17-1021,Cartographers and Photogrammetrists
Signal/Geospatial Intelligence.,29.0203,17-1021,Cartographers and Photogrammetrists
Geospatial Intelligence.,43.0407,17-1021,Cartographers and Photogrammetrists
Geographic Information Science and Cartography.,45.0702,17-1021,Cartographers and Photogrammetrists
Surveying Engineering.,14.3801,17-1022,Surveyors
Surveying Technology/Surveying.,15.1102,17-1022,Surveyors
"Aerospace, Aeronautical, and Astronautical/Space Engineering, General.",14.0201,17-2011,Aerospace Engineers
Astronautical Engineering.,14.0202,17-2011,Aerospace Engineers
"Aerospace, Aeronautical, and Astronautical/Space Engineering, Other.",14.0299,17-2011,Aerospace Engineers
Electrical and Electronics Engineering.,14.1001,17-2011,Aerospace Engineers
Mechanical Engineering.,14.1901,17-2011,Aerospace Engineers
Agricultural Engineering.,14.0301,17-2021,Agricultural Engineers
Bioengineering and Biomedical Engineering.,14.0501,17-2031,Bioengineers and Biomedical Engineers
Chemical and Biomolecular Engineering.,14.0702,17-2031,Bioengineers and Biomedical Engineers
Biological/Biosystems Engineering.,14.4501,17-2031,Bioengineers and Biomedical Engineers
Ceramic Sciences and Engineering.,14.0601,17-2041,Chemical Engineers
Chemical Engineering.,14.0701,17-2041,Chemical Engineers
Chemical and Biomolecular Engineering.,14.0702,17-2041,Chemical Engineers
"Chemical Engineering, Other.",14.0799,17-2041,Chemical Engineers
Polymer/Plastics Engineering.,14.3201,17-2041,Chemical Engineers
Paper Science and Engineering.,14.4001,17-2041,Chemical Engineers
Biochemical Engineering.,14.4301,17-2041,Chemical Engineers
Engineering Chemistry.,14.4401,17-2041,Chemical Engineers
"Civil Engineering, General.",14.0801,17-2051,Civil Engineers
Geotechnical and Geoenvironmental Engineering.,14.0802,17-2051,Civil Engineers
Structural Engineering.,14.0803,17-2051,Civil Engineers
Transportation and Highway Engineering.,14.0804,17-2051,Civil Engineers
Water Resources Engineering.,14.0805,17-2051,Civil Engineers
"Civil Engineering, Other.",14.0899,17-2051,Civil Engineers
Construction Engineering.,14.3301,17-2051,Civil Engineers
"Computer Engineering, General.",14.0901,17-2061,Computer Hardware Engineers
Computer Hardware Engineering.,14.0902,17-2061,Computer Hardware Engineers
Electrical and Electronics Engineering.,14.1001,17-2061,Computer Hardware Engineers
Electrical and Computer Engineering.,14.4701,17-2061,Computer Hardware Engineers
Electrical and Electronics Engineering.,14.1001,17-2071,Electrical Engineers
"Electrical, Electronics, and Communications Engineering, Other.",14.1099,17-2071,Electrical Engineers
Electromechanical Engineering.,14.4101,17-2071,Electrical Engineers
Electrical and Computer Engineering.,14.4701,17-2071,Electrical Engineers
Electrical and Electronics Engineering.,14.1001,17-2072,"Electronics Engineers, Except Computer"
Telecommunications Engineering.,14.1004,17-2072,"Electronics Engineers, Except Computer"
"Electrical, Electronics, and Communications Engineering, Other.",14.1099,17-2072,"Electronics Engineers, Except Computer"
Geotechnical and Geoenvironmental Engineering.,14.0802,17-2081,Environmental Engineers
Water Resources Engineering.,14.0805,17-2081,Environmental Engineers
Environmental/Environmental Health Engineering.,14.1401,17-2081,Environmental Engineers
Environmental/Environmental Health Engineering.,14.1401,17-2111,"Health and Safety Engineers, Except Mining Safety Engineers and Inspectors"
"Engineering, Other.",14.9999,17-2111,"Health and Safety Engineers, Except Mining Safety Engineers and Inspectors"
Systems Engineering.,14.2701,17-2112,Industrial Engineers
Industrial Engineering.,14.3501,17-2112,Industrial Engineers
Manufacturing Engineering.,14.3601,17-2112,Industrial Engineers
Engineering/Industrial Management.,15.1501,17-2112,Industrial Engineers
Packaging Science.,15.1503,17-2112,Industrial Engineers
Naval Architecture and Marine Engineering.,14.2201,17-2121,Marine Engineers and Naval Architects
Ceramic Sciences and Engineering.,14.0601,17-2131,Materials Engineers
Materials Engineering.,14.1801,17-2131,Materials Engineers
Metallurgical Engineering.,14.2001,17-2131,Materials Engineers
Textile Sciences and Engineering.,14.2801,17-2131,Materials Engineers
Polymer/Plastics Engineering.,14.3201,17-2131,Materials Engineers
Engineering Mechanics.,14.1101,17-2141,Mechanical Engineers
Mechanical Engineering.,14.1901,17-2141,Mechanical Engineers
Electromechanical Engineering.,14.4101,17-2141,Mechanical Engineers
Geotechnical and Geoenvironmental Engineering.,14.0802,17-2151,"Mining and Geological Engineers, Including Mining Safety Engineers"
Mining and Mineral Engineering.,14.2101,17-2151,"Mining and Geological Engineers, Including Mining Safety Engineers"
Geological/Geophysical Engineering.,14.3901,17-2151,"Mining and Geological Engineers, Including Mining Safety Engineers"
Nuclear Engineering.,14.2301,17-2161,Nuclear Engineers
Geotechnical and Geoenvironmental Engineering.,14.0802,17-2171,Petroleum Engineers
Petroleum Engineering.,14.2501,17-2171,Petroleum Engineers
"Engineering, General.",14.0101,17-2199,"Engineers, All Other"
Applied Engineering.,14.0103,17-2199,"Engineers, All Other"
Architectural Engineering.,14.0401,17-2199,"Engineers, All Other"
Chemical and Biomolecular Engineering.,14.0702,17-2199,"Engineers, All Other"
Geotechnical and Geoenvironmental Engineering.,14.0802,17-2199,"Engineers, All Other"
Water Resources Engineering.,14.0805,17-2199,"Engineers, All Other"
Laser and Optical Engineering.,14.1003,17-2199,"Engineers, All Other"
Telecommunications Engineering.,14.1004,17-2199,"Engineers, All Other"
Engineering Mechanics.,14.1101,17-2199,"Engineers, All Other"
Engineering Physics/Applied Physics.,14.1201,17-2199,"Engineers, All Other"
Engineering Science.,14.1301,17-2199,"Engineers, All Other"
Ocean Engineering.,14.2401,17-2199,"Engineers, All Other"
Systems Engineering.,14.2701,17-2199,"Engineers, All Other"
Construction Engineering.,14.3301,17-2199,"Engineers, All Other"
Forest Engineering.,14.3401,17-2199,"Engineers, All Other"
Manufacturing Engineering.,14.3601,17-2199,"Engineers, All Other"
Surveying Engineering.,14.3801,17-2199,"Engineers, All Other"
Geological/Geophysical Engineering.,14.3901,17-2199,"Engineers, All Other"
Paper Science and Engineering.,14.4001,17-2199,"Engineers, All Other"
Electromechanical Engineering.,14.4101,17-2199,"Engineers, All Other"
"Mechatronics, Robotics, and Automation Engineering.",14.4201,17-2199,"Engineers, All Other"
Biochemical Engineering.,14.4301,17-2199,"Engineers, All Other"
Engineering Chemistry.,14.4401,17-2199,"Engineers, All Other"
Biological/Biosystems Engineering.,14.4501,17-2199,"Engineers, All Other"
Electrical and Computer Engineering.,14.4701,17-2199,"Engineers, All Other"
"Energy Systems Engineering, General.",14.4801,17-2199,"Engineers, All Other"
Power Plant Engineering.,14.4802,17-2199,"Engineers, All Other"
"Energy Systems Engineering, Other.",14.4899,17-2199,"Engineers, All Other"
"Engineering, Other.",14.9999,17-2199,"Engineers, All Other"
Engineering Design.,15.1502,17-2199,"Engineers, All Other"
Nanotechnology.,15.1601,17-2199,"Engineers, All Other"
Assistive/Augmentative Technology and Rehabilitation Engineering.,51.2312,17-2199,"Engineers, All Other"
Architectural Engineering Technologies/Technicians.,15.0101,17-3011,Architectural and Civil Drafters
"Drafting and Design Technology/Technician, General.",15.1301,17-3011,Architectural and Civil Drafters
CAD/CADD Drafting and/or Design Technology/Technician.,15.1302,17-3011,Architectural and Civil Drafters
Architectural Drafting and Architectural CAD/CADD.,15.1303,17-3011,Architectural and Civil Drafters
Civil Drafting and Civil Engineering CAD/CADD.,15.1304,17-3011,Architectural and Civil Drafters
3-D Modeling and Design Technology/Technician.,15.1307,17-3011,Architectural and Civil Drafters
Architectural Technology/Technician.,4.0901,17-3011,Architectural and Civil Drafters
Architectural and Building Sciences/Technology.,4.0902,17-3011,Architectural and Civil Drafters
"Architectural Sciences and Technology, Other.",4.0999,17-3011,Architectural and Civil Drafters
"Electrical, Electronic, and Communications Engineering Technology/Technician.",15.0303,17-3012,Electrical and Electronics Drafters
Integrated Circuit Design Technology/Technician.,15.0306,17-3012,Electrical and Electronics Drafters
Electromechanical/Electromechanical Engineering Technology/Technician.,15.0403,17-3012,Electrical and Electronics Drafters
"Drafting and Design Technology/Technician, General.",15.1301,17-3012,Electrical and Electronics Drafters
CAD/CADD Drafting and/or Design Technology/Technician.,15.1302,17-3012,Electrical and Electronics Drafters
Electrical/Electronics Drafting and Electrical/Electronics CAD/CADD.,15.1305,17-3012,Electrical and Electronics Drafters
3-D Modeling and Design Technology/Technician.,15.1307,17-3012,Electrical and Electronics Drafters
Aeronautical/Aerospace Engineering Technology/Technician.,15.0801,17-3013,Mechanical Drafters
Automotive Engineering Technology/Technician.,15.0803,17-3013,Mechanical Drafters
Mechanical/Mechanical Engineering Technology/Technician.,15.0805,17-3013,Mechanical Drafters
"Drafting and Design Technology/Technician, General.",15.1301,17-3013,Mechanical Drafters
CAD/CADD Drafting and/or Design Technology/Technician.,15.1302,17-3013,Mechanical Drafters
Mechanical Drafting and Mechanical Drafting CAD/CADD.,15.1306,17-3013,Mechanical Drafters
3-D Modeling and Design Technology/Technician.,15.1307,17-3013,Mechanical Drafters
Surveying Technology/Surveying.,15.1102,17-3019,"Drafters, All Other"
"Drafting and Design Technology/Technician, General.",15.1301,17-3019,"Drafters, All Other"
CAD/CADD Drafting and/or Design Technology/Technician.,15.1302,17-3019,"Drafters, All Other"
3-D Modeling and Design Technology/Technician.,15.1307,17-3019,"Drafters, All Other"
"Drafting/Design Engineering Technologies/Technicians, Other.",15.1399,17-3019,"Drafters, All Other"
Astronautical Engineering.,14.0202,17-3021,Aerospace Engineering and Operations Technologists and Technicians
"Engineering Technologies/Technicians, General.",15,17-3021,Aerospace Engineering and Operations Technologists and Technicians
"Electrical, Electronic, and Communications Engineering Technology/Technician.",15.0303,17-3021,Aerospace Engineering and Operations Technologists and Technicians
Aeronautical/Aerospace Engineering Technology/Technician.,15.0801,17-3021,Aerospace Engineering and Operations Technologists and Technicians
Aerospace Ground Equipment Technology.,29.0401,17-3021,Aerospace Engineering and Operations Technologists and Technicians
Air and Space Operations Technology.,29.0402,17-3021,Aerospace Engineering and Operations Technologists and Technicians
Avionics Maintenance Technology/Technician.,47.0609,17-3021,Aerospace Engineering and Operations Technologists and Technicians
"Engineering Technologies/Technicians, General.",15,17-3022,Civil Engineering Technologists and Technicians
Architectural Engineering Technologies/Technicians.,15.0101,17-3022,Civil Engineering Technologists and Technicians
Civil Engineering Technologies/Technicians.,15.0201,17-3022,Civil Engineering Technologists and Technicians
Construction Engineering Technology/Technician.,15.1001,17-3022,Civil Engineering Technologists and Technicians
Building Construction Technology/Technician.,46.0415,17-3022,Civil Engineering Technologists and Technicians
"Engineering Technologies/Technicians, General.",15,17-3023,Electrical and Electronic Engineering Technologists and Technicians
"Electrical, Electronic, and Communications Engineering Technology/Technician.",15.0303,17-3023,Electrical and Electronic Engineering Technologists and Technicians
Telecommunications Technology/Technician.,15.0305,17-3023,Electrical and Electronic Engineering Technologists and Technicians
Integrated Circuit Design Technology/Technician.,15.0306,17-3023,Electrical and Electronic Engineering Technologists and Technicians
"Electrical/Electronic Engineering Technologies/Technicians, Other.",15.0399,17-3023,Electrical and Electronic Engineering Technologists and Technicians
Automation Engineer Technology/Technician.,15.0406,17-3023,Electrical and Electronic Engineering Technologists and Technicians
Semiconductor Manufacturing Technology/Technician.,15.0616,17-3023,Electrical and Electronic Engineering Technologists and Technicians
Computer Engineering Technology/Technician.,15.1201,17-3023,Electrical and Electronic Engineering Technologists and Technicians
Computer/Computer Systems Technology/Technician.,15.1202,17-3023,Electrical and Electronic Engineering Technologists and Technicians
"Engineering Technologies/Technicians, General.",15,17-3024,Electro-Mechanical and Mechatronics Technologists and Technicians
Applied Engineering Technologies/Technicians.,15.0001,17-3024,Electro-Mechanical and Mechatronics Technologists and Technicians
"Electrical, Electronic, and Communications Engineering Technology/Technician.",15.0303,17-3024,Electro-Mechanical and Mechatronics Technologists and Technicians
Electromechanical/Electromechanical Engineering Technology/Technician.,15.0403,17-3024,Electro-Mechanical and Mechatronics Technologists and Technicians
Instrumentation Technology/Technician.,15.0404,17-3024,Electro-Mechanical and Mechatronics Technologists and Technicians
Robotics Technology/Technician.,15.0405,17-3024,Electro-Mechanical and Mechatronics Technologists and Technicians
Automation Engineer Technology/Technician.,15.0406,17-3024,Electro-Mechanical and Mechatronics Technologists and Technicians
"Mechatronics, Robotics, and Automation Engineering Technology/Technician.",15.0407,17-3024,Electro-Mechanical and Mechatronics Technologists and Technicians
"Electromechanical Technologies/Technicians, Other.",15.0499,17-3024,Electro-Mechanical and Mechatronics Technologists and Technicians
Mechanical/Mechanical Engineering Technology/Technician.,15.0805,17-3024,Electro-Mechanical and Mechatronics Technologists and Technicians
Water Quality and Wastewater Treatment Management and Recycling Technology/Technician.,15.0506,17-3025,Environmental Engineering Technologists and Technicians
Environmental/Environmental Engineering Technology/Technician.,15.0507,17-3025,Environmental Engineering Technologists and Technicians
Hazardous Materials Management and Waste Technology/Technician.,15.0508,17-3025,Environmental Engineering Technologists and Technicians
Hazardous Materials Information Systems Technology/Technician.,15.0704,17-3025,Environmental Engineering Technologists and Technicians
Environmental Toxicology.,26.1006,17-3025,Environmental Engineering Technologists and Technicians
Applied Engineering Technologies/Technicians.,15.0001,17-3026,Industrial Engineering Technologists and Technicians
Industrial Technology/Technician.,15.0612,17-3026,Industrial Engineering Technologists and Technicians
Manufacturing Engineering Technology/Technician.,15.0613,17-3026,Industrial Engineering Technologists and Technicians
"Industrial Production Technologies/Technicians, Other.",15.0699,17-3026,Industrial Engineering Technologists and Technicians
Industrial Safety Technology/Technician.,15.0703,17-3026,Industrial Engineering Technologists and Technicians
Process Safety Technology/Technician.,15.0705,17-3026,Industrial Engineering Technologists and Technicians
Engineering/Industrial Management.,15.1501,17-3026,Industrial Engineering Technologists and Technicians
Packaging Science.,15.1503,17-3026,Industrial Engineering Technologists and Technicians
Automotive Engineering Technology/Technician.,15.0803,17-3027,Mechanical Engineering Technologists and Technicians
Mechanical/Mechanical Engineering Technology/Technician.,15.0805,17-3027,Mechanical Engineering Technologists and Technicians
"Mechanical Engineering Related Technologies/Technicians, Other.",15.0899,17-3027,Mechanical Engineering Technologists and Technicians
Hydraulics and Fluid Power Technology/Technician.,15.1103,17-3027,Mechanical Engineering Technologists and Technicians
"Electrical, Electronic, and Communications Engineering Technology/Technician.",15.0303,17-3028,Calibration Technologists and Technicians
Biomedical Technology/Technician.,15.0401,17-3028,Calibration Technologists and Technicians
Instrumentation Technology/Technician.,15.0404,17-3028,Calibration Technologists and Technicians
Applied Engineering Technologies/Technicians.,15.0001,17-3029,"Engineering Technologists and Technicians, Except Drafters, All Other"
Architectural Engineering Technologies/Technicians.,15.0101,17-3029,"Engineering Technologists and Technicians, Except Drafters, All Other"
Laser and Optical Technology/Technician.,15.0304,17-3029,"Engineering Technologists and Technicians, Except Drafters, All Other"
Audio Engineering Technology/Technician.,15.0307,17-3029,"Engineering Technologists and Technicians, Except Drafters, All Other"
Biomedical Technology/Technician.,15.0401,17-3029,"Engineering Technologists and Technicians, Except Drafters, All Other"
"Heating, Ventilation, Air Conditioning and Refrigeration Engineering Technology/Technician.",15.0501,17-3029,"Engineering Technologists and Technicians, Except Drafters, All Other"
"Environmental Control Technologies/Technicians, Other.",15.0599,17-3029,"Engineering Technologists and Technicians, Except Drafters, All Other"
Plastics and Polymer Engineering Technology/Technician.,15.0607,17-3029,"Engineering Technologists and Technicians, Except Drafters, All Other"
Metallurgical Technology/Technician.,15.0611,17-3029,"Engineering Technologists and Technicians, Except Drafters, All Other"
Welding Engineering Technology/Technician.,15.0614,17-3029,"Engineering Technologists and Technicians, Except Drafters, All Other"
Chemical Engineering Technology/Technician.,15.0615,17-3029,"Engineering Technologists and Technicians, Except Drafters, All Other"
Composite Materials Technology/Technician.,15.0617,17-3029,"Engineering Technologists and Technicians, Except Drafters, All Other"
Marine Engineering Technology/Technician.,15.0806,17-3029,"Engineering Technologists and Technicians, Except Drafters, All Other"
Motorsports Engineering Technology/Technician.,15.0807,17-3029,"Engineering Technologists and Technicians, Except Drafters, All Other"
Mining Technology/Technician.,15.0901,17-3029,"Engineering Technologists and Technicians, Except Drafters, All Other"
Hydraulics and Fluid Power Technology/Technician.,15.1103,17-3029,"Engineering Technologists and Technicians, Except Drafters, All Other"
Computer Engineering Technology/Technician.,15.1201,17-3029,"Engineering Technologists and Technicians, Except Drafters, All Other"
Computer/Computer Systems Technology/Technician.,15.1202,17-3029,"Engineering Technologists and Technicians, Except Drafters, All Other"
Computer Hardware Technology/Technician.,15.1203,17-3029,"Engineering Technologists and Technicians, Except Drafters, All Other"
Computer Software Technology/Technician.,15.1204,17-3029,"Engineering Technologists and Technicians, Except Drafters, All Other"
"Computer Engineering Technologies/Technicians, Other.",15.1299,17-3029,"Engineering Technologists and Technicians, Except Drafters, All Other"
Nuclear Engineering Technology/Technician.,15.1401,17-3029,"Engineering Technologists and Technicians, Except Drafters, All Other"
Packaging Science.,15.1503,17-3029,"Engineering Technologists and Technicians, Except Drafters, All Other"
Energy Systems Technology/Technician.,15.1701,17-3029,"Engineering Technologists and Technicians, Except Drafters, All Other"
Power Plant Technology/Technician.,15.1702,17-3029,"Engineering Technologists and Technicians, Except Drafters, All Other"
Solar Energy Technology/Technician.,15.1703,17-3029,"Engineering Technologists and Technicians, Except Drafters, All Other"
Wind Energy Technology/Technician.,15.1704,17-3029,"Engineering Technologists and Technicians, Except Drafters, All Other"
Hydroelectric Energy Technology/Technician.,15.1705,17-3029,"Engineering Technologists and Technicians, Except Drafters, All Other"
Geothermal Energy Technology/Technician.,15.1706,17-3029,"Engineering Technologists and Technicians, Except Drafters, All Other"
"Energy Systems Technologies/Technicians, Other.",15.1799,17-3029,"Engineering Technologists and Technicians, Except Drafters, All Other"
Engineering Acoustics.,29.0303,17-3029,"Engineering Technologists and Technicians, Except Drafters, All Other"
Operational Oceanography.,29.0306,17-3029,"Engineering Technologists and Technicians, Except Drafters, All Other"
Undersea Warfare.,29.0307,17-3029,"Engineering Technologists and Technicians, Except Drafters, All Other"
Radar Communications and Systems Technology.,29.0409,17-3029,"Engineering Technologists and Technicians, Except Drafters, All Other"
Surveying Technology/Surveying.,15.1102,17-3031,Surveying and Mapping Technicians
Geography.,45.0701,17-3031,Surveying and Mapping Technicians
Geographic Information Science and Cartography.,45.0702,17-3031,Surveying and Mapping Technicians
"Agriculture, General.",1,19-1011,Animal Scientists
Apiculture.,1.031,19-1011,Animal Scientists
"Animal Sciences, General.",1.0901,19-1011,Animal Scientists
Agricultural Animal Breeding.,1.0902,19-1011,Animal Scientists
Animal Health.,1.0903,19-1011,Animal Scientists
Animal Nutrition.,1.0904,19-1011,Animal Scientists
Dairy Science.,1.0905,19-1011,Animal Scientists
Poultry Science.,1.0907,19-1011,Animal Scientists
"Animal Sciences, Other.",1.0999,19-1011,Animal Scientists
Range Science and Management.,1.1106,19-1011,Animal Scientists
Large Animal/Food Animal and Equine Surgery and Medicine.,1.8103,19-1011,Animal Scientists
Veterinary Anatomy.,1.8105,19-1011,Animal Scientists
Veterinary Infectious Diseases.,1.8106,19-1011,Animal Scientists
Veterinary Microbiology and Immunobiology.,1.8107,19-1011,Animal Scientists
Veterinary Pathology and Pathobiology.,1.8108,19-1011,Animal Scientists
Veterinary Physiology.,1.8109,19-1011,Animal Scientists
"Veterinary Preventive Medicine, Epidemiology, and Public Health.",1.811,19-1011,Animal Scientists
Veterinary Toxicology and Pharmacology.,1.8111,19-1011,Animal Scientists
"Veterinary Biomedical and Clinical Sciences, Other.",1.8199,19-1011,Animal Scientists
Anthrozoology.,30.3401,19-1011,Animal Scientists
"Agriculture, General.",1,19-1012,Food Scientists and Technologists
International Agriculture.,1.0701,19-1012,Food Scientists and Technologists
Food Science.,1.1001,19-1012,Food Scientists and Technologists
Food Technology and Processing.,1.1002,19-1012,Food Scientists and Technologists
Brewing Science.,1.1003,19-1012,Food Scientists and Technologists
Viticulture and Enology.,1.1004,19-1012,Food Scientists and Technologists
Zymology/Fermentation Science.,1.1005,19-1012,Food Scientists and Technologists
"Food Science and Technology, Other.",1.1099,19-1012,Food Scientists and Technologists
Culinary Science/Culinology.,12.0509,19-1012,Food Scientists and Technologists
"Agriculture, General.",1,19-1013,Soil and Plant Scientists
Agroecology and Sustainable Agriculture.,1.0308,19-1013,Soil and Plant Scientists
Viticulture and Enology.,1.1004,19-1013,Soil and Plant Scientists
"Plant Sciences, General.",1.1101,19-1013,Soil and Plant Scientists
Agronomy and Crop Science.,1.1102,19-1013,Soil and Plant Scientists
Horticultural Science.,1.1103,19-1013,Soil and Plant Scientists
Agricultural and Horticultural Plant Breeding.,1.1104,19-1013,Soil and Plant Scientists
Plant Protection and Integrated Pest Management.,1.1105,19-1013,Soil and Plant Scientists
Range Science and Management.,1.1106,19-1013,Soil and Plant Scientists
"Plant Sciences, Other.",1.1199,19-1013,Soil and Plant Scientists
"Soil Science and Agronomy, General.",1.1201,19-1013,Soil and Plant Scientists
Soil Chemistry and Physics.,1.1202,19-1013,Soil and Plant Scientists
Soil Microbiology.,1.1203,19-1013,Soil and Plant Scientists
"Soil Sciences, Other.",1.1299,19-1013,Soil and Plant Scientists
Botany/Plant Biology.,26.0301,19-1013,Soil and Plant Scientists
Plant Pathology/Phytopathology.,26.0305,19-1013,Soil and Plant Scientists
Plant Physiology.,26.0307,19-1013,Soil and Plant Scientists
Plant Molecular Biology.,26.0308,19-1013,Soil and Plant Scientists
"Botany/Plant Biology, Other.",26.0399,19-1013,Soil and Plant Scientists
Biochemistry.,26.0202,19-1021,Biochemists and Biophysicists
Biophysics.,26.0203,19-1021,Biochemists and Biophysicists
Molecular Biochemistry.,26.0205,19-1021,Biochemists and Biophysicists
Molecular Biophysics.,26.0206,19-1021,Biochemists and Biophysicists
Structural Biology.,26.0207,19-1021,Biochemists and Biophysicists
Biochemistry and Molecular Biology.,26.021,19-1021,Biochemists and Biophysicists
"Cell/Cellular Biology and Anatomical Sciences, Other.",26.0499,19-1021,Biochemists and Biophysicists
Biomechanics.,26.0913,19-1021,Biochemists and Biophysicists
Pharmaceutics and Drug Design.,51.2003,19-1021,Biochemists and Biophysicists
Soil Microbiology.,1.1203,19-1022,Microbiologists
Structural Biology.,26.0207,19-1022,Microbiologists
"Cell/Cellular Biology and Anatomical Sciences, Other.",26.0499,19-1022,Microbiologists
"Microbiology, General.",26.0502,19-1022,Microbiologists
Virology.,26.0504,19-1022,Microbiologists
Parasitology.,26.0505,19-1022,Microbiologists
Immunology.,26.0507,19-1022,Microbiologists
Microbiology and Immunology.,26.0508,19-1022,Microbiologists
"Microbiological Sciences and Immunology, Other.",26.0599,19-1022,Microbiologists
Zoology/Animal Biology.,26.0701,19-1023,Zoologists and Wildlife Biologists
Entomology.,26.0702,19-1023,Zoologists and Wildlife Biologists
Animal Physiology.,26.0707,19-1023,Zoologists and Wildlife Biologists
Animal Behavior and Ethology.,26.0708,19-1023,Zoologists and Wildlife Biologists
Wildlife Biology.,26.0709,19-1023,Zoologists and Wildlife Biologists
"Zoology/Animal Biology, Other.",26.0799,19-1023,Zoologists and Wildlife Biologists
Ecology.,26.1301,19-1023,Zoologists and Wildlife Biologists
Marine Biology and Biological Oceanography.,26.1302,19-1023,Zoologists and Wildlife Biologists
Evolutionary Biology.,26.1303,19-1023,Zoologists and Wildlife Biologists
Environmental Biology.,26.1305,19-1023,Zoologists and Wildlife Biologists
"Wildlife, Fish and Wildlands Science and Management.",3.0601,19-1023,Zoologists and Wildlife Biologists
Marine Sciences.,30.3201,19-1023,Zoologists and Wildlife Biologists
"Biology/Biological Sciences, General.",26.0101,19-1029,"Biological Scientists, All Other"
Molecular Biology.,26.0204,19-1029,"Biological Scientists, All Other"
Structural Biology.,26.0207,19-1029,"Biological Scientists, All Other"
Photobiology.,26.0208,19-1029,"Biological Scientists, All Other"
Radiation Biology/Radiobiology.,26.0209,19-1029,"Biological Scientists, All Other"
Biochemistry and Molecular Biology.,26.021,19-1029,"Biological Scientists, All Other"
"Biochemistry, Biophysics and Molecular Biology, Other.",26.0299,19-1029,"Biological Scientists, All Other"
Botany/Plant Biology.,26.0301,19-1029,"Biological Scientists, All Other"
Plant Pathology/Phytopathology.,26.0305,19-1029,"Biological Scientists, All Other"
Plant Physiology.,26.0307,19-1029,"Biological Scientists, All Other"
Plant Molecular Biology.,26.0308,19-1029,"Biological Scientists, All Other"
"Botany/Plant Biology, Other.",26.0399,19-1029,"Biological Scientists, All Other"
Cell/Cellular Biology and Histology.,26.0401,19-1029,"Biological Scientists, All Other"
Anatomy.,26.0403,19-1029,"Biological Scientists, All Other"
Developmental Biology and Embryology.,26.0404,19-1029,"Biological Scientists, All Other"
Cell/Cellular and Molecular Biology.,26.0406,19-1029,"Biological Scientists, All Other"
Cell Biology and Anatomy.,26.0407,19-1029,"Biological Scientists, All Other"
"Cell/Cellular Biology and Anatomical Sciences, Other.",26.0499,19-1029,"Biological Scientists, All Other"
Medical Microbiology and Bacteriology.,26.0503,19-1029,"Biological Scientists, All Other"
Virology.,26.0504,19-1029,"Biological Scientists, All Other"
Parasitology.,26.0505,19-1029,"Biological Scientists, All Other"
Mycology.,26.0506,19-1029,"Biological Scientists, All Other"
Immunology.,26.0507,19-1029,"Biological Scientists, All Other"
Microbiology and Immunology.,26.0508,19-1029,"Biological Scientists, All Other"
Infectious Disease and Global Health.,26.0509,19-1029,"Biological Scientists, All Other"
Entomology.,26.0702,19-1029,"Biological Scientists, All Other"
Animal Physiology.,26.0707,19-1029,"Biological Scientists, All Other"
"Genetics, General.",26.0801,19-1029,"Biological Scientists, All Other"
Molecular Genetics.,26.0802,19-1029,"Biological Scientists, All Other"
Microbial and Eukaryotic Genetics.,26.0803,19-1029,"Biological Scientists, All Other"
Animal Genetics.,26.0804,19-1029,"Biological Scientists, All Other"
Plant Genetics.,26.0805,19-1029,"Biological Scientists, All Other"
Genome Sciences/Genomics.,26.0807,19-1029,"Biological Scientists, All Other"
"Genetics, Other.",26.0899,19-1029,"Biological Scientists, All Other"
Pathology/Experimental Pathology.,26.091,19-1029,"Biological Scientists, All Other"
Pharmacology.,26.1001,19-1029,"Biological Scientists, All Other"
Toxicology.,26.1004,19-1029,"Biological Scientists, All Other"
Biometry/Biometrics.,26.1101,19-1029,"Biological Scientists, All Other"
Biostatistics.,26.1102,19-1029,"Biological Scientists, All Other"
Computational Biology.,26.1104,19-1029,"Biological Scientists, All Other"
"Biomathematics, Bioinformatics, and Computational Biology, Other.",26.1199,19-1029,"Biological Scientists, All Other"
Biotechnology.,26.1201,19-1029,"Biological Scientists, All Other"
Ecology.,26.1301,19-1029,"Biological Scientists, All Other"
Marine Biology and Biological Oceanography.,26.1302,19-1029,"Biological Scientists, All Other"
Evolutionary Biology.,26.1303,19-1029,"Biological Scientists, All Other"
Aquatic Biology/Limnology.,26.1304,19-1029,"Biological Scientists, All Other"
Environmental Biology.,26.1305,19-1029,"Biological Scientists, All Other"
Population Biology.,26.1306,19-1029,"Biological Scientists, All Other"
Conservation Biology.,26.1307,19-1029,"Biological Scientists, All Other"
Systematic Biology/Biological Systematics.,26.1308,19-1029,"Biological Scientists, All Other"
Ecology and Evolutionary Biology.,26.131,19-1029,"Biological Scientists, All Other"
Epidemiology and Biostatistics.,26.1311,19-1029,"Biological Scientists, All Other"
"Ecology, Evolution, Systematics and Population Biology, Other.",26.1399,19-1029,"Biological Scientists, All Other"
Neuroscience.,26.1501,19-1029,"Biological Scientists, All Other"
Neuroanatomy.,26.1502,19-1029,"Biological Scientists, All Other"
Neurobiology and Anatomy.,26.1503,19-1029,"Biological Scientists, All Other"
Neurobiology and Behavior.,26.1504,19-1029,"Biological Scientists, All Other"
"Neurobiology and Neurosciences, Other.",26.1599,19-1029,"Biological Scientists, All Other"
"Biological and Biomedical Sciences, Other.",26.9999,19-1029,"Biological Scientists, All Other"
Mathematical Biology.,27.0306,19-1029,"Biological Scientists, All Other"
Nutrition Sciences.,30.1901,19-1029,"Biological Scientists, All Other"
Human Biology.,30.2701,19-1029,"Biological Scientists, All Other"
Marine Sciences.,30.3201,19-1029,"Biological Scientists, All Other"
Behavioral Neuroscience.,42.2706,19-1029,"Biological Scientists, All Other"
Agroecology and Sustainable Agriculture.,1.0308,19-1031,Conservation Scientists
Range Science and Management.,1.1106,19-1031,Conservation Scientists
Ecology.,26.1301,19-1031,Conservation Scientists
Environmental Biology.,26.1305,19-1031,Conservation Scientists
Conservation Biology.,26.1307,19-1031,Conservation Scientists
Ecology and Evolutionary Biology.,26.131,19-1031,Conservation Scientists
"Ecology, Evolution, Systematics and Population Biology, Other.",26.1399,19-1031,Conservation Scientists
"Natural Resources/Conservation, General.",3.0101,19-1031,Conservation Scientists
"Environmental/Natural Resources Management and Policy, General.",3.0201,19-1031,Conservation Scientists
"Water, Wetlands, and Marine Resources Management.",3.0205,19-1031,Conservation Scientists
Land Use Planning and Management/Development.,3.0206,19-1031,Conservation Scientists
"Forestry, General.",3.0501,19-1031,Conservation Scientists
Forest Sciences and Biology.,3.0502,19-1031,Conservation Scientists
Forest Management/Forest Resources Management.,3.0506,19-1031,Conservation Scientists
"Wildlife, Fish and Wildlands Science and Management.",3.0601,19-1031,Conservation Scientists
Sustainability Studies.,30.3301,19-1031,Conservation Scientists
Geography and Environmental Studies.,30.4401,19-1031,Conservation Scientists
"Natural Resources/Conservation, General.",3.0101,19-1032,Foresters
"Environmental/Natural Resources Management and Policy, General.",3.0201,19-1032,Foresters
"Forestry, General.",3.0501,19-1032,Foresters
Forest Sciences and Biology.,3.0502,19-1032,Foresters
Forest Management/Forest Resources Management.,3.0506,19-1032,Foresters
Urban Forestry.,3.0508,19-1032,Foresters
Wood Science and Wood Products/Pulp and Paper Technology/Technician.,3.0509,19-1032,Foresters
Forest Resources Production and Management.,3.051,19-1032,Foresters
"Forestry, Other.",3.0599,19-1032,Foresters
Cell/Cellular Biology and Histology.,26.0401,19-1041,Epidemiologists
Infectious Disease and Global Health.,26.0509,19-1041,Epidemiologists
Epidemiology.,26.1309,19-1041,Epidemiologists
Epidemiology and Biostatistics.,26.1311,19-1041,Epidemiologists
Medical Science/Scientist.,51.1401,19-1041,Epidemiologists
Environmental Health.,51.2202,19-1041,Epidemiologists
"Biomedical Sciences, General.",26.0102,19-1042,"Medical Scientists, Except Epidemiologists"
Biochemistry.,26.0202,19-1042,"Medical Scientists, Except Epidemiologists"
Biophysics.,26.0203,19-1042,"Medical Scientists, Except Epidemiologists"
Molecular Biology.,26.0204,19-1042,"Medical Scientists, Except Epidemiologists"
Molecular Biochemistry.,26.0205,19-1042,"Medical Scientists, Except Epidemiologists"
Cell/Cellular Biology and Histology.,26.0401,19-1042,"Medical Scientists, Except Epidemiologists"
Anatomy.,26.0403,19-1042,"Medical Scientists, Except Epidemiologists"
Developmental Biology and Embryology.,26.0404,19-1042,"Medical Scientists, Except Epidemiologists"
Cell/Cellular and Molecular Biology.,26.0406,19-1042,"Medical Scientists, Except Epidemiologists"
Cell Biology and Anatomy.,26.0407,19-1042,"Medical Scientists, Except Epidemiologists"
Medical Microbiology and Bacteriology.,26.0503,19-1042,"Medical Scientists, Except Epidemiologists"
Virology.,26.0504,19-1042,"Medical Scientists, Except Epidemiologists"
Parasitology.,26.0505,19-1042,"Medical Scientists, Except Epidemiologists"
Immunology.,26.0507,19-1042,"Medical Scientists, Except Epidemiologists"
Microbiology and Immunology.,26.0508,19-1042,"Medical Scientists, Except Epidemiologists"
Infectious Disease and Global Health.,26.0509,19-1042,"Medical Scientists, Except Epidemiologists"
Human/Medical Genetics.,26.0806,19-1042,"Medical Scientists, Except Epidemiologists"
"Physiology, General.",26.0901,19-1042,"Medical Scientists, Except Epidemiologists"
Molecular Physiology.,26.0902,19-1042,"Medical Scientists, Except Epidemiologists"
Cell Physiology.,26.0903,19-1042,"Medical Scientists, Except Epidemiologists"
Endocrinology.,26.0904,19-1042,"Medical Scientists, Except Epidemiologists"
Reproductive Biology.,26.0905,19-1042,"Medical Scientists, Except Epidemiologists"
Cardiovascular Science.,26.0907,19-1042,"Medical Scientists, Except Epidemiologists"
Exercise Physiology and Kinesiology.,26.0908,19-1042,"Medical Scientists, Except Epidemiologists"
Vision Science/Physiological Optics.,26.0909,19-1042,"Medical Scientists, Except Epidemiologists"
Pathology/Experimental Pathology.,26.091,19-1042,"Medical Scientists, Except Epidemiologists"
Oncology and Cancer Biology.,26.0911,19-1042,"Medical Scientists, Except Epidemiologists"
Aerospace Physiology and Medicine.,26.0912,19-1042,"Medical Scientists, Except Epidemiologists"
Biomechanics.,26.0913,19-1042,"Medical Scientists, Except Epidemiologists"
"Physiology, Pathology, and Related Sciences, Other.",26.0999,19-1042,"Medical Scientists, Except Epidemiologists"
Pharmacology.,26.1001,19-1042,"Medical Scientists, Except Epidemiologists"
Molecular Pharmacology.,26.1002,19-1042,"Medical Scientists, Except Epidemiologists"
Neuropharmacology.,26.1003,19-1042,"Medical Scientists, Except Epidemiologists"
Toxicology.,26.1004,19-1042,"Medical Scientists, Except Epidemiologists"
Molecular Toxicology.,26.1005,19-1042,"Medical Scientists, Except Epidemiologists"
Environmental Toxicology.,26.1006,19-1042,"Medical Scientists, Except Epidemiologists"
Pharmacology and Toxicology.,26.1007,19-1042,"Medical Scientists, Except Epidemiologists"
"Pharmacology and Toxicology, Other.",26.1099,19-1042,"Medical Scientists, Except Epidemiologists"
Biostatistics.,26.1102,19-1042,"Medical Scientists, Except Epidemiologists"
Epidemiology.,26.1309,19-1042,"Medical Scientists, Except Epidemiologists"
Molecular Medicine.,26.1401,19-1042,"Medical Scientists, Except Epidemiologists"
Neuroanatomy.,26.1502,19-1042,"Medical Scientists, Except Epidemiologists"
Neurobiology and Anatomy.,26.1503,19-1042,"Medical Scientists, Except Epidemiologists"
Neurobiology and Behavior.,26.1504,19-1042,"Medical Scientists, Except Epidemiologists"
"Neurobiology and Neurosciences, Other.",26.1599,19-1042,"Medical Scientists, Except Epidemiologists"
Biopsychology.,30.1001,19-1042,"Medical Scientists, Except Epidemiologists"
Gerontology.,30.1101,19-1042,"Medical Scientists, Except Epidemiologists"
Psychopharmacology.,42.2709,19-1042,"Medical Scientists, Except Epidemiologists"
Forensic Anthropology.,45.0205,19-1042,"Medical Scientists, Except Epidemiologists"
Medical Science/Scientist.,51.1401,19-1042,"Medical Scientists, Except Epidemiologists"
Clinical and Translational Science.,51.1402,19-1042,"Medical Scientists, Except Epidemiologists"
Tropical Medicine.,51.1405,19-1042,"Medical Scientists, Except Epidemiologists"
"Medical Clinical Sciences/Graduate Medical Studies, Other.",51.1499,19-1042,"Medical Scientists, Except Epidemiologists"
Pharmaceutics and Drug Design.,51.2003,19-1042,"Medical Scientists, Except Epidemiologists"
Medicinal and Pharmaceutical Chemistry.,51.2004,19-1042,"Medical Scientists, Except Epidemiologists"
Natural Products Chemistry and Pharmacognosy.,51.2005,19-1042,"Medical Scientists, Except Epidemiologists"
Pharmaceutical Sciences.,51.201,19-1042,"Medical Scientists, Except Epidemiologists"
Environmental Health.,51.2202,19-1042,"Medical Scientists, Except Epidemiologists"
"Combined Medical Residency/Fellowship Program, General.",61.0101,19-1042,"Medical Scientists, Except Epidemiologists"
Diagnostic Radiology/Nuclear Medicine Combined Specialty Program.,61.0102,19-1042,"Medical Scientists, Except Epidemiologists"
Emergency Medicine/Anesthesiology Combined Specialty Program.,61.0103,19-1042,"Medical Scientists, Except Epidemiologists"
Family Medicine/Emergency Medicine Combined Specialty Program.,61.0104,19-1042,"Medical Scientists, Except Epidemiologists"
Family Medicine/Osteopathic Neuromusculoskeletal Medicine Combined Specialty Program.,61.0105,19-1042,"Medical Scientists, Except Epidemiologists"
Family Medicine/Preventive Medicine Combined Specialty Program.,61.0106,19-1042,"Medical Scientists, Except Epidemiologists"
Family Medicine/Psychiatry Combined Specialty Program.,61.0107,19-1042,"Medical Scientists, Except Epidemiologists"
Internal Medicine/Anesthesiology Combined Specialty Program.,61.0108,19-1042,"Medical Scientists, Except Epidemiologists"
Internal Medicine/Dermatology Combined Specialty Program.,61.0109,19-1042,"Medical Scientists, Except Epidemiologists"
Internal Medicine/Emergency Medicine Combined Specialty Program.,61.011,19-1042,"Medical Scientists, Except Epidemiologists"
Internal Medicine/Emergency Medicine/Critical Care Medicine Combined Specialty Program.,61.0111,19-1042,"Medical Scientists, Except Epidemiologists"
Internal Medicine/Family Medicine Combined Specialty Program.,61.0112,19-1042,"Medical Scientists, Except Epidemiologists"
Internal Medicine/Medical Genetics and Genomics Combined Specialty Program.,61.0113,19-1042,"Medical Scientists, Except Epidemiologists"
Internal Medicine/Neurology Combined Specialty Program.,61.0114,19-1042,"Medical Scientists, Except Epidemiologists"
Internal Medicine/Pediatrics Combined Specialty Program.,61.0115,19-1042,"Medical Scientists, Except Epidemiologists"
Internal Medicine/Preventive Medicine Combined Specialty Program.,61.0116,19-1042,"Medical Scientists, Except Epidemiologists"
Internal Medicine/Psychiatry Combined Specialty Program.,61.0117,19-1042,"Medical Scientists, Except Epidemiologists"
Medical Genetics and Genomics/Maternal-Fetal Medicine Combined Specialty Program.,61.0118,19-1042,"Medical Scientists, Except Epidemiologists"
Pediatrics/Anesthesiology Combined Specialty Program.,61.0119,19-1042,"Medical Scientists, Except Epidemiologists"
Pediatrics/Emergency Medicine Combined Specialty Program.,61.012,19-1042,"Medical Scientists, Except Epidemiologists"
Pediatrics/Medical Genetics and Genomics Combined Specialty Program.,61.0121,19-1042,"Medical Scientists, Except Epidemiologists"
Pediatrics/Physical Medicine & Rehabilitation Combined Specialty Program.,61.0122,19-1042,"Medical Scientists, Except Epidemiologists"
Pediatrics/Psychology/Child-Adolescent Psychology Combined Specialty Program.,61.0123,19-1042,"Medical Scientists, Except Epidemiologists"
Psychiatry/Neurology Combined Specialty Program.,61.0124,19-1042,"Medical Scientists, Except Epidemiologists"
Reproductive Endocrinology and Infertility/Medical Genetics and Genomics Combined Specialty Program.,61.0125,19-1042,"Medical Scientists, Except Epidemiologists"
"Combined Medical Residency/Fellowship Programs, Other.",61.0199,19-1042,"Medical Scientists, Except Epidemiologists"
Critical Care Medicine Fellowship Program.,61.0202,19-1042,"Medical Scientists, Except Epidemiologists"
Geriatric Medicine Fellowship Program.,61.0203,19-1042,"Medical Scientists, Except Epidemiologists"
Hospice and Palliative Medicine Fellowship Program.,61.0205,19-1042,"Medical Scientists, Except Epidemiologists"
Integrative Medicine Fellowship Program.,61.0206,19-1042,"Medical Scientists, Except Epidemiologists"
Medical Toxicology Fellowship Program.,61.0208,19-1042,"Medical Scientists, Except Epidemiologists"
Neuromuscular Medicine Fellowship Program.,61.0209,19-1042,"Medical Scientists, Except Epidemiologists"
Pain Medicine Fellowship Program.,61.021,19-1042,"Medical Scientists, Except Epidemiologists"
Sleep Medicine Fellowship Program.,61.0212,19-1042,"Medical Scientists, Except Epidemiologists"
Sports Medicine Fellowship Program.,61.0213,19-1042,"Medical Scientists, Except Epidemiologists"
Surgery of the Hand Fellowship Program.,61.0214,19-1042,"Medical Scientists, Except Epidemiologists"
Telemedicine Fellowship Program.,61.0215,19-1042,"Medical Scientists, Except Epidemiologists"
Undersea and Hyperbaric Medicine Fellowship Program.,61.0216,19-1042,"Medical Scientists, Except Epidemiologists"
Wilderness Medicine Fellowship Program.,61.0217,19-1042,"Medical Scientists, Except Epidemiologists"
Women's Health Fellowship Program.,61.0218,19-1042,"Medical Scientists, Except Epidemiologists"
"Multiple-Pathway Medical Fellowship Programs, Other.",61.0299,19-1042,"Medical Scientists, Except Epidemiologists"
Allergy and Immunology Fellowship Program.,61.0301,19-1042,"Medical Scientists, Except Epidemiologists"
"Allergy and Immunology Residency/Fellowship Programs, Other.",61.0399,19-1042,"Medical Scientists, Except Epidemiologists"
"Anesthesiology Residency/Fellowship Programs, Other.",61.0499,19-1042,"Medical Scientists, Except Epidemiologists"
Dermatopathology Fellowship Program.,61.0502,19-1042,"Medical Scientists, Except Epidemiologists"
Pediatric Dermatology Fellowship Program.,61.0503,19-1042,"Medical Scientists, Except Epidemiologists"
"Dermatology Residency/Fellowship Programs, Other.",61.0599,19-1042,"Medical Scientists, Except Epidemiologists"
Disaster Medicine Fellowship Program.,61.0602,19-1042,"Medical Scientists, Except Epidemiologists"
Emergency Medical Services Fellowship Program.,61.0603,19-1042,"Medical Scientists, Except Epidemiologists"
"Emergency Medicine Residency/Fellowship Programs, Other.",61.0699,19-1042,"Medical Scientists, Except Epidemiologists"
"Family Medicine Residency/Fellowship Programs, Other.",61.0799,19-1042,"Medical Scientists, Except Epidemiologists"
Cardiovascular Disease Fellowship Program.,61.0804,19-1042,"Medical Scientists, Except Epidemiologists"
Clinical Cardiac Electrophysiology Fellowship Program.,61.0805,19-1042,"Medical Scientists, Except Epidemiologists"
"Endocrinology, Diabetes, and Metabolism Fellowship Program.",61.0806,19-1042,"Medical Scientists, Except Epidemiologists"
Gastroenterology Fellowship Program.,61.0807,19-1042,"Medical Scientists, Except Epidemiologists"
Hematology Fellowship Program.,61.0808,19-1042,"Medical Scientists, Except Epidemiologists"
Hematology-Oncology Fellowship Program.,61.0809,19-1042,"Medical Scientists, Except Epidemiologists"
Infectious Disease Fellowship Program.,61.081,19-1042,"Medical Scientists, Except Epidemiologists"
Interventional Cardiology Fellowship Program.,61.0811,19-1042,"Medical Scientists, Except Epidemiologists"
Nephrology Fellowship Program.,61.0812,19-1042,"Medical Scientists, Except Epidemiologists"
Medical Oncology Fellowship Program.,61.0813,19-1042,"Medical Scientists, Except Epidemiologists"
Pulmonary Disease Fellowship Program.,61.0814,19-1042,"Medical Scientists, Except Epidemiologists"
Rheumatology Fellowship Program.,61.0816,19-1042,"Medical Scientists, Except Epidemiologists"
Transplant Hepatology Fellowship Program.,61.0818,19-1042,"Medical Scientists, Except Epidemiologists"
"Internal Medicine Residency/Fellowship Programs, Other.",61.0899,19-1042,"Medical Scientists, Except Epidemiologists"
Clinical Biochemical Genetics Residency Program.,61.0901,19-1042,"Medical Scientists, Except Epidemiologists"
Clinical Genetics and Genomics Residency Program.,61.0902,19-1042,"Medical Scientists, Except Epidemiologists"
Laboratory Genetics and Genomics Residency Program.,61.0903,19-1042,"Medical Scientists, Except Epidemiologists"
Medical Biochemical Genetics Residency Program.,61.0904,19-1042,"Medical Scientists, Except Epidemiologists"
"Medical Genetics and Genomics Residency/Fellowship Programs, Other.",61.0999,19-1042,"Medical Scientists, Except Epidemiologists"
"Neurological Surgery Residency/Fellowship Programs, Other.",61.1099,19-1042,"Medical Scientists, Except Epidemiologists"
Clinical Neurophysiology Fellowship Program.,61.1103,19-1042,"Medical Scientists, Except Epidemiologists"
Epilepsy Fellowship Program.,61.1104,19-1042,"Medical Scientists, Except Epidemiologists"
Headache Medicine Fellowship Program.,61.1105,19-1042,"Medical Scientists, Except Epidemiologists"
Neurodevelopmental Disabilities Fellowship Program.,61.1106,19-1042,"Medical Scientists, Except Epidemiologists"
Vascular Neurology Fellowship Program.,61.1107,19-1042,"Medical Scientists, Except Epidemiologists"
"Neurology Residency/Fellowship Programs, Other.",61.1199,19-1042,"Medical Scientists, Except Epidemiologists"
"Nuclear Medicine Residency/Fellowship Programs, Other.",61.1299,19-1042,"Medical Scientists, Except Epidemiologists"
Gynecologic Oncology Fellowship Program.,61.1302,19-1042,"Medical Scientists, Except Epidemiologists"
Maternal and Fetal Medicine Fellowship Program.,61.1303,19-1042,"Medical Scientists, Except Epidemiologists"
Reproductive Endocrinology/Infertility Fellowship Program.,61.1304,19-1042,"Medical Scientists, Except Epidemiologists"
"Obstetrics and Gynecology Residency/Fellowship Programs, Other.",61.1399,19-1042,"Medical Scientists, Except Epidemiologists"
"Ophthalmology Residency/Fellowship Programs, Other.",61.1499,19-1042,"Medical Scientists, Except Epidemiologists"
Musculoskeletal Oncology Fellowship Program.,61.1502,19-1042,"Medical Scientists, Except Epidemiologists"
Orthopedic Sports Medicine Fellowship Program.,61.1503,19-1042,"Medical Scientists, Except Epidemiologists"
Orthopedic Surgery of the Spine Fellowship Program.,61.1504,19-1042,"Medical Scientists, Except Epidemiologists"
Pediatric Orthopedics Fellowship Program.,61.1505,19-1042,"Medical Scientists, Except Epidemiologists"
"Orthopedic Surgery Residency/Fellowship Programs, Other.",61.1599,19-1042,"Medical Scientists, Except Epidemiologists"
"Osteopathic Medicine Residency/Fellowship Programs, Other.",61.1699,19-1042,"Medical Scientists, Except Epidemiologists"
Neurotology Fellowship Program.,61.1702,19-1042,"Medical Scientists, Except Epidemiologists"
Pediatric Otolaryngology Fellowship Program.,61.1703,19-1042,"Medical Scientists, Except Epidemiologists"
"Otolaryngology Residency/Fellowship Programs, Other.",61.1799,19-1042,"Medical Scientists, Except Epidemiologists"
Blood Banking/Transfusion Medicine Fellowship Program.,61.1804,19-1042,"Medical Scientists, Except Epidemiologists"
Chemical Pathology Fellowship Program.,61.1805,19-1042,"Medical Scientists, Except Epidemiologists"
Cytopathology Fellowship Program.,61.1806,19-1042,"Medical Scientists, Except Epidemiologists"
Forensic Pathology Fellowship Program.,61.1807,19-1042,"Medical Scientists, Except Epidemiologists"
Hematological Pathology Fellowship Program.,61.1808,19-1042,"Medical Scientists, Except Epidemiologists"
Immunopathology Fellowship Program.,61.1809,19-1042,"Medical Scientists, Except Epidemiologists"
Laboratory Medicine Fellowship Program.,61.181,19-1042,"Medical Scientists, Except Epidemiologists"
Medical Microbiology Fellowship Program.,61.1811,19-1042,"Medical Scientists, Except Epidemiologists"
Molecular Genetic Pathology Fellowship Program.,61.1812,19-1042,"Medical Scientists, Except Epidemiologists"
Neuropathology Fellowship Program.,61.1813,19-1042,"Medical Scientists, Except Epidemiologists"
Pediatric Pathology Fellowship Program.,61.1814,19-1042,"Medical Scientists, Except Epidemiologists"
Radioisotopic Pathology Fellowship Program.,61.1815,19-1042,"Medical Scientists, Except Epidemiologists"
"Pathology Residency/Fellowship Programs, Other.",61.1899,19-1042,"Medical Scientists, Except Epidemiologists"
Adolescent Medicine Fellowship Program.,61.1902,19-1042,"Medical Scientists, Except Epidemiologists"
Child Abuse Pediatrics Fellowship Program.,61.1903,19-1042,"Medical Scientists, Except Epidemiologists"
Developmental-Behavioral Pediatrics Fellowship Program.,61.1904,19-1042,"Medical Scientists, Except Epidemiologists"
Neonatal-Perinatal Medicine Fellowship Program.,61.1905,19-1042,"Medical Scientists, Except Epidemiologists"
Pediatric Cardiology Fellowship Program.,61.1906,19-1042,"Medical Scientists, Except Epidemiologists"
Pediatric Critical Care Medicine Fellowship Program.,61.1907,19-1042,"Medical Scientists, Except Epidemiologists"
Pediatric Emergency Medicine Fellowship Program.,61.1908,19-1042,"Medical Scientists, Except Epidemiologists"
Pediatric Endocrinology Fellowship Program.,61.1909,19-1042,"Medical Scientists, Except Epidemiologists"
Pediatric Gastroenterology Fellowship Program.,61.191,19-1042,"Medical Scientists, Except Epidemiologists"
Pediatric Hematology-Oncology Fellowship Program.,61.1911,19-1042,"Medical Scientists, Except Epidemiologists"
Pediatric Infectious Diseases Fellowship Program.,61.1912,19-1042,"Medical Scientists, Except Epidemiologists"
Pediatric Nephrology Fellowship Program.,61.1913,19-1042,"Medical Scientists, Except Epidemiologists"
Pediatric Pulmonology Fellowship Program.,61.1914,19-1042,"Medical Scientists, Except Epidemiologists"
Pediatric Rheumatology Fellowship Program.,61.1915,19-1042,"Medical Scientists, Except Epidemiologists"
Pediatric Transplant Hepatology Fellowship Program.,61.1917,19-1042,"Medical Scientists, Except Epidemiologists"
"Pediatrics Residency/Fellowship Programs, Other.",61.1999,19-1042,"Medical Scientists, Except Epidemiologists"
Spinal Cord Injury Medicine Fellowship Program.,61.2002,19-1042,"Medical Scientists, Except Epidemiologists"
Pediatric Rehabilitation Medicine Fellowship Program.,61.2003,19-1042,"Medical Scientists, Except Epidemiologists"
"Physical Medicine and Rehabilitation Residency/Fellowship Programs, Other.",61.2099,19-1042,"Medical Scientists, Except Epidemiologists"
Plastic Surgery Within the Head and Neck Fellowship Program.,61.2103,19-1042,"Medical Scientists, Except Epidemiologists"
"Plastic Surgery Residency/Fellowship Programs, Other.",61.2199,19-1042,"Medical Scientists, Except Epidemiologists"
"Podiatric Medicine Residency/Fellowship Programs, Other.",61.2299,19-1042,"Medical Scientists, Except Epidemiologists"
"Preventive Medicine Residency/Fellowship Programs, Other.",61.2399,19-1042,"Medical Scientists, Except Epidemiologists"
Addiction Psychiatry Fellowship Program.,61.2402,19-1042,"Medical Scientists, Except Epidemiologists"
Child and Adolescent Psychiatry Fellowship Program.,61.2403,19-1042,"Medical Scientists, Except Epidemiologists"
Consultation-Liaison Psychiatry Fellowship Program.,61.2404,19-1042,"Medical Scientists, Except Epidemiologists"
Forensic Psychiatry Fellowship Program.,61.2405,19-1042,"Medical Scientists, Except Epidemiologists"
Geriatric Psychiatry Fellowship Program.,61.2406,19-1042,"Medical Scientists, Except Epidemiologists"
"Psychiatry Residency/Fellowship Programs, Other.",61.2499,19-1042,"Medical Scientists, Except Epidemiologists"
"Radiation Oncology Residency/Fellowship Programs, Other.",61.2599,19-1042,"Medical Scientists, Except Epidemiologists"
Abdominal Radiology Fellowship Program.,61.2603,19-1042,"Medical Scientists, Except Epidemiologists"
Musculoskeletal Radiology Fellowship Program.,61.2606,19-1042,"Medical Scientists, Except Epidemiologists"
Neuroradiology Fellowship Program.,61.2607,19-1042,"Medical Scientists, Except Epidemiologists"
Nuclear Radiology Fellowship Program.,61.2608,19-1042,"Medical Scientists, Except Epidemiologists"
Pediatric Radiology Fellowship Program.,61.2609,19-1042,"Medical Scientists, Except Epidemiologists"
Vascular and Interventional Radiology Fellowship Program.,61.2612,19-1042,"Medical Scientists, Except Epidemiologists"
"Radiology Residency/Fellowship Programs, Other.",61.2699,19-1042,"Medical Scientists, Except Epidemiologists"
Complex General Surgical Oncology Fellowship Program.,61.2703,19-1042,"Medical Scientists, Except Epidemiologists"
Congenital Cardiac Surgery Fellowship Program.,61.2704,19-1042,"Medical Scientists, Except Epidemiologists"
Pediatric Surgery Fellowship Program.,61.2705,19-1042,"Medical Scientists, Except Epidemiologists"
Surgical Critical Care Fellowship Program.,61.2706,19-1042,"Medical Scientists, Except Epidemiologists"
Thoracic Surgery Fellowship Program.,61.2707,19-1042,"Medical Scientists, Except Epidemiologists"
Vascular Surgery Fellowship Program.,61.2708,19-1042,"Medical Scientists, Except Epidemiologists"
"Surgery Residency/Fellowship Programs, Other.",61.2799,19-1042,"Medical Scientists, Except Epidemiologists"
Pediatric Urology Fellowship Program.,61.2802,19-1042,"Medical Scientists, Except Epidemiologists"
"Urology Residency/Fellowship Programs, Other.",61.2899,19-1042,"Medical Scientists, Except Epidemiologists"
"Medical Residency/Fellowship Programs, Other.",61.9999,19-1042,"Medical Scientists, Except Epidemiologists"
"Biology/Biological Sciences, General.",26.0101,19-1099,"Life Scientists, All Other"
Ecology.,26.1301,19-1099,"Life Scientists, All Other"
"Ecology, Evolution, Systematics and Population Biology, Other.",26.1399,19-1099,"Life Scientists, All Other"
"Biological and Biomedical Sciences, Other.",26.9999,19-1099,"Life Scientists, All Other"
Behavioral Sciences.,30.1701,19-1099,"Life Scientists, All Other"
Natural Sciences.,30.1801,19-1099,"Life Scientists, All Other"
Nutrition Sciences.,30.1901,19-1099,"Life Scientists, All Other"
Geobiology.,30.4301,19-1099,"Life Scientists, All Other"
Behavioral Neuroscience.,42.2706,19-1099,"Life Scientists, All Other"
Rehabilitation Science.,51.2314,19-1099,"Life Scientists, All Other"
Astronomy.,40.0201,19-2011,Astronomers
Astrophysics.,40.0202,19-2011,Astronomers
Planetary Astronomy and Science.,40.0203,19-2011,Astronomers
"Astronomy and Astrophysics, Other.",40.0299,19-2011,Astronomers
Physics and Astronomy.,40.1101,19-2011,Astronomers
Engineering Physics/Applied Physics.,14.1201,19-2012,Physicists
Astrophysics.,40.0202,19-2012,Physicists
"Physics, General.",40.0801,19-2012,Physicists
Atomic/Molecular Physics.,40.0802,19-2012,Physicists
Elementary Particle Physics.,40.0804,19-2012,Physicists
Plasma and High-Temperature Physics.,40.0805,19-2012,Physicists
Nuclear Physics.,40.0806,19-2012,Physicists
Optics/Optical Sciences.,40.0807,19-2012,Physicists
Condensed Matter and Materials Physics.,40.0808,19-2012,Physicists
Acoustics.,40.0809,19-2012,Physicists
Theoretical and Mathematical Physics.,40.081,19-2012,Physicists
"Physics, Other.",40.0899,19-2012,Physicists
Physics and Astronomy.,40.1101,19-2012,Physicists
Health/Medical  Physics.,51.2205,19-2012,Physicists
Climate Science.,30.3501,19-2021,Atmospheric and Space Scientists
Mathematics and Atmospheric/Oceanic Science.,30.5001,19-2021,Atmospheric and Space Scientists
"Atmospheric Sciences and Meteorology, General.",40.0401,19-2021,Atmospheric and Space Scientists
Atmospheric Chemistry and Climatology.,40.0402,19-2021,Atmospheric and Space Scientists
Atmospheric Physics and Dynamics.,40.0403,19-2021,Atmospheric and Space Scientists
Meteorology.,40.0404,19-2021,Atmospheric and Space Scientists
"Atmospheric Sciences and Meteorology, Other.",40.0499,19-2021,Atmospheric and Space Scientists
"Chemistry, General.",40.0501,19-2031,Chemists
Analytical Chemistry.,40.0502,19-2031,Chemists
Inorganic Chemistry.,40.0503,19-2031,Chemists
Organic Chemistry.,40.0504,19-2031,Chemists
Physical Chemistry.,40.0506,19-2031,Chemists
Polymer Chemistry.,40.0507,19-2031,Chemists
Chemical Physics.,40.0508,19-2031,Chemists
Environmental Chemistry.,40.0509,19-2031,Chemists
Forensic Chemistry.,40.051,19-2031,Chemists
Theoretical Chemistry.,40.0511,19-2031,Chemists
Cheminformatics/Chemistry Informatics.,40.0512,19-2031,Chemists
"Chemistry, Other.",40.0599,19-2031,Chemists
Materials Chemistry.,40.1002,19-2031,Chemists
Medicinal and Pharmaceutical Chemistry.,51.2004,19-2031,Chemists
Textile Science.,19.0904,19-2032,Materials Scientists
Materials Science.,40.1001,19-2032,Materials Scientists
Materials Chemistry.,40.1002,19-2032,Materials Scientists
"Materials Sciences, Other.",40.1099,19-2032,Materials Scientists
Toxicology.,26.1004,19-2041,"Environmental Scientists and Specialists, Including Health"
Molecular Toxicology.,26.1005,19-2041,"Environmental Scientists and Specialists, Including Health"
Environmental Toxicology.,26.1006,19-2041,"Environmental Scientists and Specialists, Including Health"
Environmental Studies.,3.0103,19-2041,"Environmental Scientists and Specialists, Including Health"
Environmental Science.,3.0104,19-2041,"Environmental Scientists and Specialists, Including Health"
Marine Sciences.,30.3201,19-2041,"Environmental Scientists and Specialists, Including Health"
Sustainability Studies.,30.3301,19-2041,"Environmental Scientists and Specialists, Including Health"
Environmental Geosciences.,30.4101,19-2041,"Environmental Scientists and Specialists, Including Health"
Geography and Environmental Studies.,30.4401,19-2041,"Environmental Scientists and Specialists, Including Health"
Environmental Chemistry.,40.0509,19-2041,"Environmental Scientists and Specialists, Including Health"
Environmental Health.,51.2202,19-2041,"Environmental Scientists and Specialists, Including Health"
Marine Sciences.,30.3201,19-2042,"Geoscientists, Except Hydrologists and Geographers"
Earth Systems Science.,30.3801,19-2042,"Geoscientists, Except Hydrologists and Geographers"
Environmental Geosciences.,30.4101,19-2042,"Geoscientists, Except Hydrologists and Geographers"
Geoarcheaology.,30.4201,19-2042,"Geoscientists, Except Hydrologists and Geographers"
Geobiology.,30.4301,19-2042,"Geoscientists, Except Hydrologists and Geographers"
"Geology/Earth Science, General.",40.0601,19-2042,"Geoscientists, Except Hydrologists and Geographers"
Geochemistry.,40.0602,19-2042,"Geoscientists, Except Hydrologists and Geographers"
Geophysics and Seismology.,40.0603,19-2042,"Geoscientists, Except Hydrologists and Geographers"
Paleontology.,40.0604,19-2042,"Geoscientists, Except Hydrologists and Geographers"
Geochemistry and Petrology.,40.0606,19-2042,"Geoscientists, Except Hydrologists and Geographers"
"Oceanography, Chemical and Physical.",40.0607,19-2042,"Geoscientists, Except Hydrologists and Geographers"
"Geological and Earth Sciences/Geosciences, Other.",40.0699,19-2042,"Geoscientists, Except Hydrologists and Geographers"
Earth Systems Science.,30.3801,19-2043,Hydrologists
Environmental Geosciences.,30.4101,19-2043,Hydrologists
"Geology/Earth Science, General.",40.0601,19-2043,Hydrologists
Hydrology and Water Resources Science.,40.0605,19-2043,Hydrologists
"Oceanography, Chemical and Physical.",40.0607,19-2043,Hydrologists
Natural Sciences.,30.1801,19-2099,"Physical Scientists, All Other"
Marine Sciences.,30.3201,19-2099,"Physical Scientists, All Other"
"Physical Sciences, Other.",40.9999,19-2099,"Physical Scientists, All Other"
Agricultural Economics.,1.0103,19-3011,Economists
Financial Mathematics.,27.0305,19-3011,Economists
Economics and Computer Science.,30.3901,19-3011,Economists
Economics and Foreign Language/Literature.,30.4001,19-3011,Economists
Mathematical Economics.,30.4901,19-3011,Economists
"Philosophy, Politics, and Economics.",30.5101,19-3011,Economists
"Economics, General.",45.0601,19-3011,Economists
Applied Economics.,45.0602,19-3011,Economists
Econometrics and Quantitative Economics.,45.0603,19-3011,Economists
Development Economics and International Development.,45.0604,19-3011,Economists
International Economics.,45.0605,19-3011,Economists
"Economics, Other.",45.0699,19-3011,Economists
Political Economy.,45.1004,19-3011,Economists
Pharmacoeconomics/Pharmaceutical Economics.,51.2007,19-3011,Economists
Business/Managerial Economics.,52.0601,19-3011,Economists
Institutional Research.,13.0608,19-3022,Survey Researchers
"Statistics, General.",27.0501,19-3022,Survey Researchers
"Applied Statistics, General.",27.0601,19-3022,Survey Researchers
Research Methodology and Quantitative Methods.,45.0102,19-3022,Survey Researchers
"Economics, General.",45.0601,19-3022,Survey Researchers
Applied Economics.,45.0602,19-3022,Survey Researchers
Business/Managerial Economics.,52.0601,19-3022,Survey Researchers
Business Statistics.,52.1302,19-3022,Survey Researchers
Marketing Research.,52.1402,19-3022,Survey Researchers
"Psychology, General.",42.0101,19-3032,Industrial-Organizational Psychologists
Industrial and Organizational Psychology.,42.2804,19-3032,Industrial-Organizational Psychologists
"Psychology, General.",42.0101,19-3033,Clinical and Counseling Psychologists
Developmental and Child Psychology.,42.2703,19-3033,Clinical and Counseling Psychologists
Clinical Psychology.,42.2801,19-3033,Clinical and Counseling Psychologists
Counseling Psychology.,42.2803,19-3033,Clinical and Counseling Psychologists
Clinical Child Psychology.,42.2807,19-3033,Clinical and Counseling Psychologists
Geropsychology.,42.2809,19-3033,Clinical and Counseling Psychologists
Health/Medical Psychology.,42.281,19-3033,Clinical and Counseling Psychologists
Family Psychology.,42.2811,19-3033,Clinical and Counseling Psychologists
Applied Behavior Analysis.,42.2814,19-3033,Clinical and Counseling Psychologists
Psychoanalysis and Psychotherapy.,51.1507,19-3033,Clinical and Counseling Psychologists
School Psychology.,42.2805,19-3034,School Psychologists
Educational Psychology.,42.2806,19-3034,School Psychologists
Adult Development and Aging.,19.0702,19-3039,"Psychologists, All Other"
Child Development.,19.0706,19-3039,"Psychologists, All Other"
Early Childhood and Family Studies.,19.0711,19-3039,"Psychologists, All Other"
Behavioral Sciences.,30.1701,19-3039,"Psychologists, All Other"
"Psychology, General.",42.0101,19-3039,"Psychologists, All Other"
Cognitive Psychology and Psycholinguistics.,42.2701,19-3039,"Psychologists, All Other"
Comparative Psychology.,42.2702,19-3039,"Psychologists, All Other"
Experimental Psychology.,42.2704,19-3039,"Psychologists, All Other"
Personality Psychology.,42.2705,19-3039,"Psychologists, All Other"
Behavioral Neuroscience.,42.2706,19-3039,"Psychologists, All Other"
Social Psychology.,42.2707,19-3039,"Psychologists, All Other"
Psychometrics and Quantitative Psychology.,42.2708,19-3039,"Psychologists, All Other"
Psychopharmacology.,42.2709,19-3039,"Psychologists, All Other"
"Research and Experimental Psychology, Other.",42.2799,19-3039,"Psychologists, All Other"
Community Psychology.,42.2802,19-3039,"Psychologists, All Other"
Educational Psychology.,42.2806,19-3039,"Psychologists, All Other"
Clinical Child Psychology.,42.2807,19-3039,"Psychologists, All Other"
Environmental Psychology.,42.2808,19-3039,"Psychologists, All Other"
Health/Medical Psychology.,42.281,19-3039,"Psychologists, All Other"
Family Psychology.,42.2811,19-3039,"Psychologists, All Other"
Forensic Psychology.,42.2812,19-3039,"Psychologists, All Other"
Applied Psychology.,42.2813,19-3039,"Psychologists, All Other"
Applied Behavior Analysis.,42.2814,19-3039,"Psychologists, All Other"
Performance and Sport Psychology.,42.2815,19-3039,"Psychologists, All Other"
Somatic Psychology.,42.2816,19-3039,"Psychologists, All Other"
Transpersonal/Spiritual Psychology.,42.2817,19-3039,"Psychologists, All Other"
"Clinical, Counseling and Applied Psychology, Other.",42.2899,19-3039,"Psychologists, All Other"
"Psychology, Other.",42.9999,19-3039,"Psychologists, All Other"
Criminology.,45.0401,19-3039,"Psychologists, All Other"
Research Methodology and Quantitative Methods.,45.0102,19-3041,Sociologists
Survey Research/Methodology.,45.0103,19-3041,Sociologists
Criminology.,45.0401,19-3041,Sociologists
Demography and Population Studies.,45.0501,19-3041,Sociologists
Applied Demography.,45.0502,19-3041,Sociologists
"Demography, Other.",45.0599,19-3041,Sociologists
"Sociology, General.",45.1101,19-3041,Sociologists
Applied/Public Sociology.,45.1102,19-3041,Sociologists
Rural Sociology.,45.1103,19-3041,Sociologists
"Sociology, Other.",45.1199,19-3041,Sociologists
Urban Studies/Affairs.,45.1201,19-3041,Sociologists
Sociology and Anthropology.,45.1301,19-3041,Sociologists
Medical/Health Humanities.,51.3204,19-3041,Sociologists
Sustainability Studies.,30.3301,19-3051,Urban and Regional Planners
Design for Human Health.,30.3701,19-3051,Urban and Regional Planners
"City/Urban, Community, and Regional Planning.",4.0301,19-3051,Urban and Regional Planners
Sustainable Design/Architecture.,4.0403,19-3051,Urban and Regional Planners
Real Estate Development.,4.1001,19-3051,Urban and Regional Planners
Transportation and Infrastructure Planning/Studies.,44.0403,19-3051,Urban and Regional Planners
Urban Studies/Affairs.,45.1201,19-3051,Urban and Regional Planners
Ancient Studies/Civilization.,30.2201,19-3091,Anthropologists and Archeologists
"Classical and Ancient Studies, Other.",30.2299,19-3091,Anthropologists and Archeologists
Human Biology.,30.2701,19-3091,Anthropologists and Archeologists
Geoarcheaology.,30.4201,19-3091,Anthropologists and Archeologists
Linguistics and Anthropology.,30.4701,19-3091,Anthropologists and Archeologists
"Anthropology, General.",45.0201,19-3091,Anthropologists and Archeologists
Physical and Biological Anthropology.,45.0202,19-3091,Anthropologists and Archeologists
Medical Anthropology.,45.0203,19-3091,Anthropologists and Archeologists
Cultural Anthropology.,45.0204,19-3091,Anthropologists and Archeologists
Forensic Anthropology.,45.0205,19-3091,Anthropologists and Archeologists
"Anthropology, Other.",45.0299,19-3091,Anthropologists and Archeologists
Archeology.,45.0301,19-3091,Anthropologists and Archeologists
Sociology and Anthropology.,45.1301,19-3091,Anthropologists and Archeologists
Geography and Anthropology.,45.1501,19-3091,Anthropologists and Archeologists
Medical/Health Humanities.,51.3204,19-3091,Anthropologists and Archeologists
Climate Science.,30.3501,19-3092,Geographers
Earth Systems Science.,30.3801,19-3092,Geographers
Environmental Geosciences.,30.4101,19-3092,Geographers
Geography and Environmental Studies.,30.4401,19-3092,Geographers
Geospatial Intelligence.,43.0407,19-3092,Geographers
Geography.,45.0701,19-3092,Geographers
Geographic Information Science and Cartography.,45.0702,19-3092,Geographers
"Geography, Other.",45.0799,19-3092,Geographers
Geography and Anthropology.,45.1501,19-3092,Geographers
Medical/Health Humanities.,51.3204,19-3092,Geographers
"Historic Preservation and Conservation, General.",30.1201,19-3093,Historians
Cultural Resource Management and Policy Analysis.,30.1202,19-3093,Historians
"Historic Preservation and Conservation, Other.",30.1299,19-3093,Historians
Medieval and Renaissance Studies.,30.1301,19-3093,Historians
Holocaust and Related Studies.,30.2101,19-3093,Historians
Ancient Studies/Civilization.,30.2201,19-3093,Historians
"Classical, Ancient Mediterranean, and Near Eastern Studies and Archaeology.",30.2202,19-3093,Historians
"Classical and Ancient Studies, Other.",30.2299,19-3093,Historians
Maritime Studies.,30.2901,19-3093,Historians
History and Language/Literature.,30.4501,19-3093,Historians
History and Political Science.,30.4601,19-3093,Historians
"Architectural History and Criticism, General.",4.0801,19-3093,Historians
Architectural Conservation.,4.0802,19-3093,Historians
Medical/Health Humanities.,51.3204,19-3093,Historians
History of Medicine.,51.3205,19-3093,Historians
"History, General.",54.0101,19-3093,Historians
American  History (United States).,54.0102,19-3093,Historians
European History.,54.0103,19-3093,Historians
History and Philosophy of Science and Technology.,54.0104,19-3093,Historians
Public/Applied History.,54.0105,19-3093,Historians
Asian History.,54.0106,19-3093,Historians
Canadian History.,54.0107,19-3093,Historians
Military History.,54.0108,19-3093,Historians
"History, Other.",54.0199,19-3093,Historians
International/Globalization Studies.,30.2001,19-3094,Political Scientists
History and Political Science.,30.4601,19-3094,Political Scientists
"Philosophy, Politics, and Economics.",30.5101,19-3094,Political Scientists
"Public Policy Analysis, General.",44.0501,19-3094,Political Scientists
International Policy Analysis.,44.0504,19-3094,Political Scientists
International Relations and Affairs.,45.0901,19-3094,Political Scientists
National Security Policy Studies.,45.0902,19-3094,Political Scientists
"International Relations and National Security Studies, Other.",45.0999,19-3094,Political Scientists
"Political Science and Government, General.",45.1001,19-3094,Political Scientists
American Government and Politics (United States).,45.1002,19-3094,Political Scientists
Canadian Government and Politics.,45.1003,19-3094,Political Scientists
Political Economy.,45.1004,19-3094,Political Scientists
"Political Science and Government, Other.",45.1099,19-3094,Political Scientists
Educational Evaluation and Research.,13.0601,19-3099,"Social Scientists and Related Workers, All Other"
Educational Statistics and Research Methods.,13.0603,19-3099,"Social Scientists and Related Workers, All Other"
"Educational Assessment, Testing, and Measurement.",13.0604,19-3099,"Social Scientists and Related Workers, All Other"
Learning Sciences.,13.0607,19-3099,"Social Scientists and Related Workers, All Other"
"Educational Assessment, Evaluation, and Research, Other.",13.0699,19-3099,"Social Scientists and Related Workers, All Other"
"Linguistic, Comparative, and Related Language Studies and Services, Other.",16.0199,19-3099,"Social Scientists and Related Workers, All Other"
Adult Development and Aging.,19.0702,19-3099,"Social Scientists and Related Workers, All Other"
Energy and Environmental Policy.,3.0209,19-3099,"Social Scientists and Related Workers, All Other"
Peace Studies and Conflict Resolution.,30.0501,19-3099,"Social Scientists and Related Workers, All Other"
Biopsychology.,30.1001,19-3099,"Social Scientists and Related Workers, All Other"
Gerontology.,30.1101,19-3099,"Social Scientists and Related Workers, All Other"
Behavioral Sciences.,30.1701,19-3099,"Social Scientists and Related Workers, All Other"
Holocaust and Related Studies.,30.2101,19-3099,"Social Scientists and Related Workers, All Other"
Intercultural/Multicultural and Diversity Studies.,30.2301,19-3099,"Social Scientists and Related Workers, All Other"
Cultural Studies/Critical Theory and Analysis.,30.2601,19-3099,"Social Scientists and Related Workers, All Other"
Human Biology.,30.2701,19-3099,"Social Scientists and Related Workers, All Other"
Sustainability Studies.,30.3301,19-3099,"Social Scientists and Related Workers, All Other"
Anthrozoology.,30.3401,19-3099,"Social Scientists and Related Workers, All Other"
Economics and Foreign Language/Literature.,30.4001,19-3099,"Social Scientists and Related Workers, All Other"
Geoarcheaology.,30.4201,19-3099,"Social Scientists and Related Workers, All Other"
Geography and Environmental Studies.,30.4401,19-3099,"Social Scientists and Related Workers, All Other"
History and Political Science.,30.4601,19-3099,"Social Scientists and Related Workers, All Other"
Linguistics and Anthropology.,30.4701,19-3099,"Social Scientists and Related Workers, All Other"
"Philosophy, Politics, and Economics.",30.5101,19-3099,"Social Scientists and Related Workers, All Other"
Education Policy Analysis.,44.0502,19-3099,"Social Scientists and Related Workers, All Other"
Health Policy Analysis.,44.0503,19-3099,"Social Scientists and Related Workers, All Other"
"Social Sciences, General.",45.0101,19-3099,"Social Scientists and Related Workers, All Other"
Research Methodology and Quantitative Methods.,45.0102,19-3099,"Social Scientists and Related Workers, All Other"
Survey Research/Methodology.,45.0103,19-3099,"Social Scientists and Related Workers, All Other"
"Social Sciences, Other.",45.0199,19-3099,"Social Scientists and Related Workers, All Other"
Demography and Population Studies.,45.0501,19-3099,"Social Scientists and Related Workers, All Other"
Applied Demography.,45.0502,19-3099,"Social Scientists and Related Workers, All Other"
"Demography, Other.",45.0599,19-3099,"Social Scientists and Related Workers, All Other"
"Social Sciences, Other.",45.9999,19-3099,"Social Scientists and Related Workers, All Other"
Medical/Health Humanities.,51.3204,19-3099,"Social Scientists and Related Workers, All Other"
"Agriculture, General.",1,19-4012,Agricultural Technicians
"Animal Sciences, General.",1.0901,19-4012,Agricultural Technicians
Dairy Science.,1.0905,19-4012,Agricultural Technicians
Poultry Science.,1.0907,19-4012,Agricultural Technicians
"Plant Sciences, General.",1.1101,19-4012,Agricultural Technicians
Agronomy and Crop Science.,1.1102,19-4012,Agricultural Technicians
"Soil Science and Agronomy, General.",1.1201,19-4012,Agricultural Technicians
"Agriculture/Veterinary Preparatory Programs, Other.",1.1399,19-4012,Agricultural Technicians
"Biology/Biological Sciences, General.",26.0101,19-4012,Agricultural Technicians
Agricultural and Food Products Processing.,1.0401,19-4013,Food Science Technicians
Food Science.,1.1001,19-4013,Food Science Technicians
Food Technology and Processing.,1.1002,19-4013,Food Science Technicians
Brewing Science.,1.1003,19-4013,Food Science Technicians
Zymology/Fermentation Science.,1.1005,19-4013,Food Science Technicians
"Food Science and Technology, Other.",1.1099,19-4013,Food Science Technicians
"Biology/Biological Sciences, General.",26.0101,19-4013,Food Science Technicians
Biochemistry.,26.0202,19-4013,Food Science Technicians
"Microbiology, General.",26.0502,19-4013,Food Science Technicians
"Chemistry, General.",40.0501,19-4013,Food Science Technicians
"Biology/Biological Sciences, General.",26.0101,19-4021,Biological Technicians
"Biomedical Sciences, General.",26.0102,19-4021,Biological Technicians
Biochemistry.,26.0202,19-4021,Biological Technicians
Molecular Biology.,26.0204,19-4021,Biological Technicians
Cell/Cellular and Molecular Biology.,26.0406,19-4021,Biological Technicians
"Microbiology, General.",26.0502,19-4021,Biological Technicians
Medical Microbiology and Bacteriology.,26.0503,19-4021,Biological Technicians
Microbiology and Immunology.,26.0508,19-4021,Biological Technicians
Zoology/Animal Biology.,26.0701,19-4021,Biological Technicians
Animal Behavior and Ethology.,26.0708,19-4021,Biological Technicians
Wildlife Biology.,26.0709,19-4021,Biological Technicians
"Genetics, General.",26.0801,19-4021,Biological Technicians
Biostatistics.,26.1102,19-4021,Biological Technicians
Bioinformatics.,26.1103,19-4021,Biological Technicians
Computational Biology.,26.1104,19-4021,Biological Technicians
Marine Biology and Biological Oceanography.,26.1302,19-4021,Biological Technicians
Aquatic Biology/Limnology.,26.1304,19-4021,Biological Technicians
Neuroscience.,26.1501,19-4021,Biological Technicians
Biology/Biotechnology Technology/Technician.,41.0101,19-4021,Biological Technicians
"Chemistry, General.",40.0501,19-4031,Chemical Technicians
Analytical Chemistry.,40.0502,19-4031,Chemical Technicians
Inorganic Chemistry.,40.0503,19-4031,Chemical Technicians
Organic Chemistry.,40.0504,19-4031,Chemical Technicians
Environmental Chemistry.,40.0509,19-4031,Chemical Technicians
Chemical Technology/Technician.,41.0301,19-4031,Chemical Technicians
Chemical Process Technology.,41.0303,19-4031,Chemical Technicians
Water Quality and Wastewater Treatment Management and Recycling Technology/Technician.,15.0506,19-4042,"Environmental Science and Protection Technicians, Including Health"
Environmental/Environmental Engineering Technology/Technician.,15.0507,19-4042,"Environmental Science and Protection Technicians, Including Health"
Hazardous Materials Management and Waste Technology/Technician.,15.0508,19-4042,"Environmental Science and Protection Technicians, Including Health"
Environmental Toxicology.,26.1006,19-4042,"Environmental Science and Protection Technicians, Including Health"
Environmental Science.,3.0104,19-4042,"Environmental Science and Protection Technicians, Including Health"
Sustainability Studies.,30.3301,19-4042,"Environmental Science and Protection Technicians, Including Health"
Environmental Geosciences.,30.4101,19-4042,"Environmental Science and Protection Technicians, Including Health"
Geography and Environmental Studies.,30.4401,19-4042,"Environmental Science and Protection Technicians, Including Health"
Environmental Chemistry.,40.0509,19-4042,"Environmental Science and Protection Technicians, Including Health"
"Physical Science Technologies/Technicians, Other.",41.0399,19-4042,"Environmental Science and Protection Technicians, Including Health"
"Science Technologies/Technicians, Other.",41.9999,19-4042,"Environmental Science and Protection Technicians, Including Health"
Mining Technology/Technician.,15.0901,19-4043,"Geological Technicians, Except Hydrologic Technicians"
Petroleum Technology/Technician.,15.0903,19-4043,"Geological Technicians, Except Hydrologic Technicians"
"Mining and Petroleum Technologies/Technicians, Other.",15.0999,19-4043,"Geological Technicians, Except Hydrologic Technicians"
"Geology/Earth Science, General.",40.0601,19-4043,"Geological Technicians, Except Hydrologic Technicians"
"Science Technologies/Technicians, General.",41,19-4043,"Geological Technicians, Except Hydrologic Technicians"
Chemical Process Technology.,41.0303,19-4043,"Geological Technicians, Except Hydrologic Technicians"
"Physical Science Technologies/Technicians, Other.",41.0399,19-4043,"Geological Technicians, Except Hydrologic Technicians"
"Science Technologies/Technicians, Other.",41.9999,19-4043,"Geological Technicians, Except Hydrologic Technicians"
Hydrology and Water Resources Science.,40.0605,19-4044,Hydrologic Technicians
"Science Technologies/Technicians, General.",41,19-4044,Hydrologic Technicians
"Physical Science Technologies/Technicians, Other.",41.0399,19-4044,Hydrologic Technicians
"Science Technologies/Technicians, Other.",41.9999,19-4044,Hydrologic Technicians
Nuclear Engineering Technology/Technician.,15.1401,19-4051,Nuclear Technicians
Industrial Radiologic Technology/Technician.,41.0204,19-4051,Nuclear Technicians
Nuclear/Nuclear Power Technology/Technician.,41.0205,19-4051,Nuclear Technicians
"Nuclear and Industrial Radiologic Technologies/Technicians, Other.",41.0299,19-4051,Nuclear Technicians
Radiation Protection/Health Physics Technician.,51.0916,19-4051,Nuclear Technicians
Behavioral Sciences.,30.1701,19-4061,Social Science Research Assistants
History and Political Science.,30.4601,19-4061,Social Science Research Assistants
"Psychology, General.",42.0101,19-4061,Social Science Research Assistants
Psychometrics and Quantitative Psychology.,42.2708,19-4061,Social Science Research Assistants
"Public Policy Analysis, General.",44.0501,19-4061,Social Science Research Assistants
Education Policy Analysis.,44.0502,19-4061,Social Science Research Assistants
Health Policy Analysis.,44.0503,19-4061,Social Science Research Assistants
International Policy Analysis.,44.0504,19-4061,Social Science Research Assistants
"Social Sciences, General.",45.0101,19-4061,Social Science Research Assistants
Survey Research/Methodology.,45.0103,19-4061,Social Science Research Assistants
"Economics, General.",45.0601,19-4061,Social Science Research Assistants
Applied Economics.,45.0602,19-4061,Social Science Research Assistants
Econometrics and Quantitative Economics.,45.0603,19-4061,Social Science Research Assistants
Development Economics and International Development.,45.0604,19-4061,Social Science Research Assistants
"Political Science and Government, General.",45.1001,19-4061,Social Science Research Assistants
Political Economy.,45.1004,19-4061,Social Science Research Assistants
"Sociology, General.",45.1101,19-4061,Social Science Research Assistants
Applied/Public Sociology.,45.1102,19-4061,Social Science Research Assistants
"Natural Resources/Conservation, General.",3.0101,19-4071,Forest and Conservation Technicians
Environmental Science.,3.0104,19-4071,Forest and Conservation Technicians
"Forestry, General.",3.0501,19-4071,Forest and Conservation Technicians
Forest Resources Production and Management.,3.051,19-4071,Forest and Conservation Technicians
Forest Technology/Technician.,3.0511,19-4071,Forest and Conservation Technicians
"Forestry, Other.",3.0599,19-4071,Forest and Conservation Technicians
"Biology/Biological Sciences, General.",26.0101,19-4092,Forensic Science Technicians
"Chemistry, General.",40.0501,19-4092,Forensic Science Technicians
Forensic Chemistry.,40.051,19-4092,Forensic Science Technicians
"Criminal Justice and Corrections, General.",43.01,19-4092,Forensic Science Technicians
Criminalistics and Criminal Science.,43.0402,19-4092,Forensic Science Technicians
Forensic Science and Technology.,43.0406,19-4092,Forensic Science Technicians
Forensic Anthropology.,45.0205,19-4092,Forensic Science Technicians
"Atmospheric Sciences and Meteorology, General.",40.0401,19-4099,"Life, Physical, and Social Science Technicians, All Other"
Materials Science.,40.1001,19-4099,"Life, Physical, and Social Science Technicians, All Other"
Materials Chemistry.,40.1002,19-4099,"Life, Physical, and Social Science Technicians, All Other"
"Science Technologies/Technicians, General.",41,19-4099,"Life, Physical, and Social Science Technicians, All Other"
Chemical Process Technology.,41.0303,19-4099,"Life, Physical, and Social Science Technicians, All Other"
"Physical Science Technologies/Technicians, Other.",41.0399,19-4099,"Life, Physical, and Social Science Technicians, All Other"
"Science Technologies/Technicians, Other.",41.9999,19-4099,"Life, Physical, and Social Science Technicians, All Other"
"Criminal Justice and Corrections, General.",43.01,19-4099,"Life, Physical, and Social Science Technicians, All Other"
Criminal Justice/Safety Studies.,43.0104,19-4099,"Life, Physical, and Social Science Technicians, All Other"
Criminalistics and Criminal Science.,43.0402,19-4099,"Life, Physical, and Social Science Technicians, All Other"
Forensic Science and Technology.,43.0406,19-4099,"Life, Physical, and Social Science Technicians, All Other"
Criminology.,45.0401,19-4099,"Life, Physical, and Social Science Technicians, All Other"
Occupational Safety and Health Technology/Technician.,15.0701,19-5011,Occupational Health and Safety Specialists
Industrial Safety Technology/Technician.,15.0703,19-5011,Occupational Health and Safety Specialists
Environmental Toxicology.,26.1006,19-5011,Occupational Health and Safety Specialists
Environmental Health.,51.2202,19-5011,Occupational Health and Safety Specialists
Occupational Health and Industrial Hygiene.,51.2206,19-5011,Occupational Health and Safety Specialists
Patient Safety and Healthcare Quality.,51.2213,19-5011,Occupational Health and Safety Specialists
Process Safety Technology/Technician.,15.0705,19-5012,Occupational Health and Safety Technicians
Environmental Toxicology.,26.1006,19-5012,Occupational Health and Safety Technicians
Radiation Protection/Health Physics Technician.,51.0916,19-5012,Occupational Health and Safety Technicians
Environmental Health.,51.2202,19-5012,Occupational Health and Safety Technicians
Occupational Health and Industrial Hygiene.,51.2206,19-5012,Occupational Health and Safety Technicians
Patient Safety and Healthcare Quality.,51.2213,19-5012,Occupational Health and Safety Technicians
Substance Abuse/Addiction Counseling.,51.1501,21-1011,Substance Abuse and Behavioral Disorder Counselors
Clinical/Medical Social Work.,51.1503,21-1011,Substance Abuse and Behavioral Disorder Counselors
Counselor Education/School Counseling and Guidance Services.,13.1101,21-1012,"Educational, Guidance, and Career Counselors and Advisors"
College Student Counseling and Personnel Services.,13.1102,21-1012,"Educational, Guidance, and Career Counselors and Advisors"
"Student Counseling and Personnel Services, Other.",13.1199,21-1012,"Educational, Guidance, and Career Counselors and Advisors"
School Psychology.,42.2805,21-1012,"Educational, Guidance, and Career Counselors and Advisors"
Executive/Career Coaching.,52.1006,21-1012,"Educational, Guidance, and Career Counselors and Advisors"
Social Work.,44.0701,21-1013,Marriage and Family Therapists
Marriage and Family Therapy/Counseling.,51.1505,21-1013,Marriage and Family Therapists
Clinical Pastoral Counseling/Patient Counseling.,51.1506,21-1013,Marriage and Family Therapists
Infant/Toddler Mental Health Services.,51.151,21-1013,Marriage and Family Therapists
Medical Family Therapy/Therapist.,51.1511,21-1013,Marriage and Family Therapists
Counseling Psychology.,42.2803,21-1014,Mental Health Counselors
Substance Abuse/Addiction Counseling.,51.1501,21-1014,Mental Health Counselors
Clinical/Medical Social Work.,51.1503,21-1014,Mental Health Counselors
Clinical Pastoral Counseling/Patient Counseling.,51.1506,21-1014,Mental Health Counselors
Mental Health Counseling/Counselor.,51.1508,21-1014,Mental Health Counselors
Trauma Counseling.,51.1513,21-1014,Mental Health Counselors
Vocational Rehabilitation Counseling/Counselor.,51.231,21-1015,Rehabilitation Counselors
Assistive/Augmentative Technology and Rehabilitation Engineering.,51.2312,21-1015,Rehabilitation Counselors
Rehabilitation Science.,51.2314,21-1015,Rehabilitation Counselors
Thanatology.,30.5301,21-1019,"Counselors, All Other"
Pastoral Studies/Counseling.,39.0701,21-1019,"Counselors, All Other"
"Pastoral Counseling and Specialized Ministries, Other.",39.0799,21-1019,"Counselors, All Other"
Counseling Psychology.,42.2803,21-1019,"Counselors, All Other"
Social Work.,44.0701,21-1019,"Counselors, All Other"
Clinical Pastoral Counseling/Patient Counseling.,51.1506,21-1019,"Counselors, All Other"
Infant/Toddler Mental Health Services.,51.151,21-1019,"Counselors, All Other"
Executive/Career Coaching.,52.1006,21-1019,"Counselors, All Other"
Developmental and Child Psychology.,42.2703,21-1021,"Child, Family, and School Social Workers"
Developmental and Adolescent Psychology.,42.271,21-1021,"Child, Family, and School Social Workers"
Juvenile Corrections.,43.011,21-1021,"Child, Family, and School Social Workers"
Social Work.,44.0701,21-1021,"Child, Family, and School Social Workers"
Youth Services/Administration.,44.0702,21-1021,"Child, Family, and School Social Workers"
Forensic Social Work.,44.0703,21-1021,"Child, Family, and School Social Workers"
"Social Work, Other.",44.0799,21-1021,"Child, Family, and School Social Workers"
Infant/Toddler Mental Health Services.,51.151,21-1021,"Child, Family, and School Social Workers"
Thanatology.,30.5301,21-1022,Healthcare Social Workers
Social Work.,44.0701,21-1022,Healthcare Social Workers
Forensic Social Work.,44.0703,21-1022,Healthcare Social Workers
"Social Work, Other.",44.0799,21-1022,Healthcare Social Workers
Clinical/Medical Social Work.,51.1503,21-1022,Healthcare Social Workers
Medical Family Therapy/Therapist.,51.1511,21-1022,Healthcare Social Workers
Hospice and Palliative Care.,51.1512,21-1022,Healthcare Social Workers
Social Work.,44.0701,21-1023,Mental Health and Substance Abuse Social Workers
"Social Work, Other.",44.0799,21-1023,Mental Health and Substance Abuse Social Workers
Clinical/Medical Social Work.,51.1503,21-1023,Mental Health and Substance Abuse Social Workers
Social Work.,44.0701,21-1029,"Social Workers, All Other"
Forensic Social Work.,44.0703,21-1029,"Social Workers, All Other"
"Social Work, Other.",44.0799,21-1029,"Social Workers, All Other"
Hospice and Palliative Care.,51.1512,21-1029,"Social Workers, All Other"
"Health and Wellness, General.",51.0001,21-1091,Health Education Specialists
Dental Public Health and Education.,51.0504,21-1091,Health Education Specialists
Community Health Services/Liaison/Counseling.,51.1504,21-1091,Health Education Specialists
"Public Health, General.",51.2201,21-1091,Health Education Specialists
Public Health Education and Promotion.,51.2207,21-1091,Health Education Specialists
Maternal and Child Health.,51.2209,21-1091,Health Education Specialists
International Public Health/International Health.,51.221,21-1091,Health Education Specialists
Behavioral Aspects of Health.,51.2212,21-1091,Health Education Specialists
Health Communication.,9.0905,21-1091,Health Education Specialists
Social Work.,44.0701,21-1092,Probation Officers and Correctional Treatment Specialists
Developmental Services Worker.,19.071,21-1093,Social and Human Service Assistants
"Human Services, General.",44,21-1093,Social and Human Service Assistants
"Health and Wellness, General.",51.0001,21-1094,Community Health Workers
Community Health Services/Liaison/Counseling.,51.1504,21-1094,Community Health Workers
"Public Health, General.",51.2201,21-1094,Community Health Workers
Public Health Education and Promotion.,51.2207,21-1094,Community Health Workers
Community Health and Preventive Medicine.,51.2208,21-1094,Community Health Workers
Maternal and Child Health.,51.2209,21-1094,Community Health Workers
Behavioral Aspects of Health.,51.2212,21-1094,Community Health Workers
Arts in Medicine/Health.,51.3206,21-1094,Community Health Workers
Health Communication.,9.0905,21-1094,Community Health Workers
Developmental Services Worker.,19.071,21-1099,"Community and Social Service Specialists, All Other"
Early Childhood and Family Studies.,19.0711,21-1099,"Community and Social Service Specialists, All Other"
Parent Education Services.,19.0712,21-1099,"Community and Social Service Specialists, All Other"
Behavioral Sciences.,30.1701,21-1099,"Community and Social Service Specialists, All Other"
Contemplative Studies/Inquiry.,30.2502,21-1099,"Community and Social Service Specialists, All Other"
Pastoral Studies/Counseling.,39.0701,21-1099,"Community and Social Service Specialists, All Other"
"Pastoral Counseling and Specialized Ministries, Other.",39.0799,21-1099,"Community and Social Service Specialists, All Other"
"Human Services, General.",44,21-1099,"Community and Social Service Specialists, All Other"
Community Organization and Advocacy.,44.0201,21-1099,"Community and Social Service Specialists, All Other"
Theology/Theological Studies.,39.0601,21-2011,Clergy
Divinity/Ministry.,39.0602,21-2011,Clergy
Pre-Theology/Pre-Ministerial Studies.,39.0604,21-2011,Clergy
Rabbinical Studies.,39.0605,21-2011,Clergy
"Theological and Ministerial Studies, Other.",39.0699,21-2011,Clergy
Pastoral Studies/Counseling.,39.0701,21-2011,Clergy
Youth Ministry.,39.0702,21-2011,Clergy
Chaplain/Chaplaincy Studies.,39.0706,21-2011,Clergy
Clinical Pastoral Counseling/Patient Counseling.,51.1506,21-2011,Clergy
Contemplative Studies/Inquiry.,30.2502,21-2021,"Directors, Religious Activities and Education"
Thanatology.,30.5301,21-2021,"Directors, Religious Activities and Education"
Bible/Biblical Studies.,39.0201,21-2021,"Directors, Religious Activities and Education"
Missions/Missionary Studies.,39.0301,21-2021,"Directors, Religious Activities and Education"
Religious Education.,39.0401,21-2021,"Directors, Religious Activities and Education"
Worship Ministry.,39.0502,21-2021,"Directors, Religious Activities and Education"
"Religious Music and Worship, Other.",39.0599,21-2021,"Directors, Religious Activities and Education"
Pastoral Studies/Counseling.,39.0701,21-2021,"Directors, Religious Activities and Education"
Youth Ministry.,39.0702,21-2021,"Directors, Religious Activities and Education"
Urban Ministry.,39.0703,21-2021,"Directors, Religious Activities and Education"
Women's Ministry.,39.0704,21-2021,"Directors, Religious Activities and Education"
Lay Ministry.,39.0705,21-2021,"Directors, Religious Activities and Education"
Chaplain/Chaplaincy Studies.,39.0706,21-2021,"Directors, Religious Activities and Education"
"Pastoral Counseling and Specialized Ministries, Other.",39.0799,21-2021,"Directors, Religious Activities and Education"
Clinical Pastoral Counseling/Patient Counseling.,51.1506,21-2021,"Directors, Religious Activities and Education"
Bioethics/Medical Ethics.,51.3201,21-2021,"Directors, Religious Activities and Education"
Contemplative Studies/Inquiry.,30.2502,21-2099,"Religious Workers, All Other"
Thanatology.,30.5301,21-2099,"Religious Workers, All Other"
Church Planting.,39.0302,21-2099,"Religious Workers, All Other"
"Missions/Missionary Studies and Missiology, Other.",39.0399,21-2099,"Religious Workers, All Other"
"Religious Music and Worship, Other.",39.0599,21-2099,"Religious Workers, All Other"
"Theological and Ministerial Studies, Other.",39.0699,21-2099,"Religious Workers, All Other"
Pastoral Studies/Counseling.,39.0701,21-2099,"Religious Workers, All Other"
Urban Ministry.,39.0703,21-2099,"Religious Workers, All Other"
Women's Ministry.,39.0704,21-2099,"Religious Workers, All Other"
Lay Ministry.,39.0705,21-2099,"Religious Workers, All Other"
Chaplain/Chaplaincy Studies.,39.0706,21-2099,"Religious Workers, All Other"
"Pastoral Counseling and Specialized Ministries, Other.",39.0799,21-2099,"Religious Workers, All Other"
Religious/Canon Law.,39.0802,21-2099,"Religious Workers, All Other"
Law.,22.0101,23-1011,Lawyers
"Advanced Legal Research/Studies, General.",22.0201,23-1011,Lawyers
Programs for Foreign Lawyers.,22.0202,23-1011,Lawyers
American/U.S. Law/Legal Studies/Jurisprudence.,22.0203,23-1011,Lawyers
Canadian Law/Legal Studies/Jurisprudence.,22.0204,23-1011,Lawyers
"Banking, Corporate, Finance, and Securities Law.",22.0205,23-1011,Lawyers
Comparative Law.,22.0206,23-1011,Lawyers
"Energy, Environment, and Natural Resources Law.",22.0207,23-1011,Lawyers
Health Law.,22.0208,23-1011,Lawyers
International Law and Legal Studies.,22.0209,23-1011,Lawyers
"International Business, Trade, and Tax Law.",22.021,23-1011,Lawyers
Tax Law/Taxation.,22.0211,23-1011,Lawyers
Intellectual Property Law.,22.0212,23-1011,Lawyers
Patent Law.,22.0213,23-1011,Lawyers
Agriculture Law.,22.0214,23-1011,Lawyers
Arts and Entertainment Law.,22.0215,23-1011,Lawyers
Compliance Law.,22.0216,23-1011,Lawyers
Criminal Law and Procedure.,22.0217,23-1011,Lawyers
Entrepreneurship Law.,22.0218,23-1011,Lawyers
Family/Child/Elder Law.,22.0219,23-1011,Lawyers
Human Resources Law.,22.022,23-1011,Lawyers
Insurance Law.,22.0221,23-1011,Lawyers
Real Estate and Land Development Law.,22.0222,23-1011,Lawyers
Transportation Law.,22.0223,23-1011,Lawyers
Tribal/Indigenous Law.,22.0224,23-1011,Lawyers
"Legal Research and Advanced Professional Studies, Other.",22.0299,23-1011,Lawyers
Law.,22.0101,23-1012,Judicial Law Clerks
Law.,22.0101,23-1021,"Administrative Law Judges, Adjudicators, and Hearing Officers"
Law.,22.0101,23-1022,"Arbitrators, Mediators, and Conciliators"
Peace Studies and Conflict Resolution.,30.0501,23-1022,"Arbitrators, Mediators, and Conciliators"
Dispute Resolution.,30.2801,23-1022,"Arbitrators, Mediators, and Conciliators"
Law.,22.0101,23-1023,"Judges, Magistrate Judges, and Magistrates"
Legal Studies.,22,23-2011,Paralegals and Legal Assistants
Legal Assistant/Paralegal.,22.0302,23-2011,Paralegals and Legal Assistants
Legal Assistant/Paralegal.,22.0302,23-2093,"Title Examiners, Abstractors, and Searchers"
Legal Studies.,22,23-2099,"Legal Support Workers, All Other"
Legal Assistant/Paralegal.,22.0302,23-2099,"Legal Support Workers, All Other"
Court Interpreter.,22.0304,23-2099,"Legal Support Workers, All Other"
Business and Innovation/Entrepreneurship Teacher Education.,13.1303,25-1099,"Business Teachers, Postsecondary"
Sales and Marketing Operations/Marketing and Distribution   Teacher Education.,13.131,25-1099,"Business Teachers, Postsecondary"
Accounting and Computer Science.,30.1601,25-1099,"Business Teachers, Postsecondary"
Dispute Resolution.,30.2801,25-1099,"Business Teachers, Postsecondary"
Financial Analytics.,30.7104,25-1099,"Business Teachers, Postsecondary"
Hospital and Health Care Facilities Administration/Management.,51.0702,25-1099,"Business Teachers, Postsecondary"
"Business/Commerce, General.",52.0101,25-1099,"Business Teachers, Postsecondary"
"Business Administration and Management, General.",52.0201,25-1099,"Business Teachers, Postsecondary"
"Purchasing, Procurement/Acquisitions and Contracts Management.",52.0202,25-1099,"Business Teachers, Postsecondary"
"Logistics, Materials, and Supply Chain Management.",52.0203,25-1099,"Business Teachers, Postsecondary"
Operations Management and Supervision.,52.0205,25-1099,"Business Teachers, Postsecondary"
Non-Profit/Public/Organizational Management.,52.0206,25-1099,"Business Teachers, Postsecondary"
Research and Development Management.,52.021,25-1099,"Business Teachers, Postsecondary"
Project Management.,52.0211,25-1099,"Business Teachers, Postsecondary"
Retail Management.,52.0212,25-1099,"Business Teachers, Postsecondary"
Organizational Leadership.,52.0213,25-1099,"Business Teachers, Postsecondary"
Accounting.,52.0301,25-1099,"Business Teachers, Postsecondary"
Auditing.,52.0303,25-1099,"Business Teachers, Postsecondary"
Accounting and Finance.,52.0304,25-1099,"Business Teachers, Postsecondary"
Accounting and Business/Management.,52.0305,25-1099,"Business Teachers, Postsecondary"
"Business/Corporate Communications, General.",52.0501,25-1099,"Business Teachers, Postsecondary"
"Business/Corporate Communications, Other.",52.0599,25-1099,"Business Teachers, Postsecondary"
Entrepreneurship/Entrepreneurial Studies.,52.0701,25-1099,"Business Teachers, Postsecondary"
Franchising and Franchise Operations.,52.0702,25-1099,"Business Teachers, Postsecondary"
"Finance, General.",52.0801,25-1099,"Business Teachers, Postsecondary"
Financial Planning and Services.,52.0804,25-1099,"Business Teachers, Postsecondary"
International Finance.,52.0806,25-1099,"Business Teachers, Postsecondary"
Investments and Securities.,52.0807,25-1099,"Business Teachers, Postsecondary"
Public Finance.,52.0808,25-1099,"Business Teachers, Postsecondary"
Financial Risk Management.,52.081,25-1099,"Business Teachers, Postsecondary"
"Hotel, Motel, and Restaurant Management.",52.0909,25-1099,"Business Teachers, Postsecondary"
"Human Resources Management/Personnel Administration, General.",52.1001,25-1099,"Business Teachers, Postsecondary"
Labor and Industrial Relations.,52.1002,25-1099,"Business Teachers, Postsecondary"
Organizational Behavior Studies.,52.1003,25-1099,"Business Teachers, Postsecondary"
Labor Studies.,52.1004,25-1099,"Business Teachers, Postsecondary"
International Business/Trade/Commerce.,52.1101,25-1099,"Business Teachers, Postsecondary"
Management Science.,52.1301,25-1099,"Business Teachers, Postsecondary"
Business Statistics.,52.1302,25-1099,"Business Teachers, Postsecondary"
Actuarial Science.,52.1304,25-1099,"Business Teachers, Postsecondary"
"Marketing/Marketing Management, General.",52.1401,25-1099,"Business Teachers, Postsecondary"
Marketing Research.,52.1402,25-1099,"Business Teachers, Postsecondary"
International Marketing.,52.1403,25-1099,"Business Teachers, Postsecondary"
Digital Marketing.,52.1404,25-1099,"Business Teachers, Postsecondary"
"Marketing, Other.",52.1499,25-1099,"Business Teachers, Postsecondary"
Insurance.,52.1701,25-1099,"Business Teachers, Postsecondary"
"Sales, Distribution, and Marketing Operations, General.",52.1801,25-1099,"Business Teachers, Postsecondary"
Construction Project Management.,52.2002,25-1099,"Business Teachers, Postsecondary"
"Construction Management, Other.",52.2099,25-1099,"Business Teachers, Postsecondary"
Telecommunications Management.,52.2101,25-1099,"Business Teachers, Postsecondary"
"Computer and Information Sciences, General.",11.0101,25-1099,"Computer Science Teachers, Postsecondary"
Artificial Intelligence.,11.0102,25-1099,"Computer Science Teachers, Postsecondary"
"Computer and Information Sciences,  Other.",11.0199,25-1099,"Computer Science Teachers, Postsecondary"
"Computer Programming/Programmer, General.",11.0201,25-1099,"Computer Science Teachers, Postsecondary"
Information Science/Studies.,11.0401,25-1099,"Computer Science Teachers, Postsecondary"
Computer Systems Analysis/Analyst.,11.0501,25-1099,"Computer Science Teachers, Postsecondary"
Computer Science.,11.0701,25-1099,"Computer Science Teachers, Postsecondary"
"Modeling, Virtual Environments and Simulation.",11.0804,25-1099,"Computer Science Teachers, Postsecondary"
Computer Systems Networking and Telecommunications.,11.0901,25-1099,"Computer Science Teachers, Postsecondary"
Cloud Computing.,11.0902,25-1099,"Computer Science Teachers, Postsecondary"
Computer Teacher Education.,13.1321,25-1099,"Computer Science Teachers, Postsecondary"
Mathematics and Computer Science.,30.0801,25-1099,"Computer Science Teachers, Postsecondary"
Accounting and Computer Science.,30.1601,25-1099,"Computer Science Teachers, Postsecondary"
Computational Science.,30.3001,25-1099,"Computer Science Teachers, Postsecondary"
Human Computer Interaction.,30.3101,25-1099,"Computer Science Teachers, Postsecondary"
Economics and Computer Science.,30.3901,25-1099,"Computer Science Teachers, Postsecondary"
Linguistics and Computer Science.,30.4801,25-1099,"Computer Science Teachers, Postsecondary"
"Management Information Systems, General.",52.1201,25-1099,"Computer Science Teachers, Postsecondary"
Information Resources Management.,52.1206,25-1099,"Computer Science Teachers, Postsecondary"
Knowledge Management.,52.1207,25-1099,"Computer Science Teachers, Postsecondary"
"Management Information Systems and Services, Other.",52.1299,25-1099,"Computer Science Teachers, Postsecondary"
Mathematics Teacher Education.,13.1311,25-1099,"Mathematical Science Teachers, Postsecondary"
Biostatistics.,26.1102,25-1099,"Mathematical Science Teachers, Postsecondary"
"Mathematics, General.",27.0101,25-1099,"Mathematical Science Teachers, Postsecondary"
Algebra and Number Theory.,27.0102,25-1099,"Mathematical Science Teachers, Postsecondary"
Analysis and Functional Analysis.,27.0103,25-1099,"Mathematical Science Teachers, Postsecondary"
Geometry/Geometric Analysis.,27.0104,25-1099,"Mathematical Science Teachers, Postsecondary"
Topology and Foundations.,27.0105,25-1099,"Mathematical Science Teachers, Postsecondary"
"Mathematics, Other.",27.0199,25-1099,"Mathematical Science Teachers, Postsecondary"
"Applied Mathematics, General.",27.0301,25-1099,"Mathematical Science Teachers, Postsecondary"
Computational and Applied Mathematics.,27.0304,25-1099,"Mathematical Science Teachers, Postsecondary"
Financial Mathematics.,27.0305,25-1099,"Mathematical Science Teachers, Postsecondary"
Mathematical Biology.,27.0306,25-1099,"Mathematical Science Teachers, Postsecondary"
"Applied Mathematics, Other.",27.0399,25-1099,"Mathematical Science Teachers, Postsecondary"
"Statistics, General.",27.0501,25-1099,"Mathematical Science Teachers, Postsecondary"
Mathematical Statistics and Probability.,27.0502,25-1099,"Mathematical Science Teachers, Postsecondary"
Mathematics and Statistics.,27.0503,25-1099,"Mathematical Science Teachers, Postsecondary"
"Statistics, Other.",27.0599,25-1099,"Mathematical Science Teachers, Postsecondary"
"Applied Statistics, General.",27.0601,25-1099,"Mathematical Science Teachers, Postsecondary"
"Mathematics and Statistics, Other.",27.9999,25-1099,"Mathematical Science Teachers, Postsecondary"
Mathematics and Computer Science.,30.0801,25-1099,"Mathematical Science Teachers, Postsecondary"
Mathematics and Atmospheric/Oceanic Science.,30.5001,25-1099,"Mathematical Science Teachers, Postsecondary"
Logic.,38.0102,25-1099,"Mathematical Science Teachers, Postsecondary"
Business Statistics.,52.1302,25-1099,"Mathematical Science Teachers, Postsecondary"
Architectural Engineering.,14.0401,25-1099,"Architecture Teachers, Postsecondary"
Design for Human Health.,30.3701,25-1099,"Architecture Teachers, Postsecondary"
Architecture.,4.0201,25-1099,"Architecture Teachers, Postsecondary"
Architectural Design.,4.0202,25-1099,"Architecture Teachers, Postsecondary"
"Architecture, Other.",4.0299,25-1099,"Architecture Teachers, Postsecondary"
"City/Urban, Community, and Regional Planning.",4.0301,25-1099,"Architecture Teachers, Postsecondary"
Environmental Design/Architecture.,4.0401,25-1099,"Architecture Teachers, Postsecondary"
Healthcare Environment Design/Architecture.,4.0402,25-1099,"Architecture Teachers, Postsecondary"
Sustainable Design/Architecture.,4.0403,25-1099,"Architecture Teachers, Postsecondary"
"Environmental Design, Other.",4.0499,25-1099,"Architecture Teachers, Postsecondary"
Interior Architecture.,4.0501,25-1099,"Architecture Teachers, Postsecondary"
Landscape Architecture.,4.0601,25-1099,"Architecture Teachers, Postsecondary"
Architectural Conservation.,4.0802,25-1099,"Architecture Teachers, Postsecondary"
Architectural Studies.,4.0803,25-1099,"Architecture Teachers, Postsecondary"
"Architectural History, Criticism, and Conservation, Other.",4.0899,25-1099,"Architecture Teachers, Postsecondary"
Architectural and Building Sciences/Technology.,4.0902,25-1099,"Architecture Teachers, Postsecondary"
"Architectural Sciences and Technology, Other.",4.0999,25-1099,"Architecture Teachers, Postsecondary"
Interior Design.,50.0408,25-1099,"Architecture Teachers, Postsecondary"
"Engineering, General.",14.0101,25-1099,"Engineering Teachers, Postsecondary"
"Aerospace, Aeronautical, and Astronautical/Space Engineering, General.",14.0201,25-1099,"Engineering Teachers, Postsecondary"
Astronautical Engineering.,14.0202,25-1099,"Engineering Teachers, Postsecondary"
"Aerospace, Aeronautical, and Astronautical/Space Engineering, Other.",14.0299,25-1099,"Engineering Teachers, Postsecondary"
Agricultural Engineering.,14.0301,25-1099,"Engineering Teachers, Postsecondary"
Architectural Engineering.,14.0401,25-1099,"Engineering Teachers, Postsecondary"
Bioengineering and Biomedical Engineering.,14.0501,25-1099,"Engineering Teachers, Postsecondary"
Ceramic Sciences and Engineering.,14.0601,25-1099,"Engineering Teachers, Postsecondary"
Chemical Engineering.,14.0701,25-1099,"Engineering Teachers, Postsecondary"
Chemical and Biomolecular Engineering.,14.0702,25-1099,"Engineering Teachers, Postsecondary"
"Chemical Engineering, Other.",14.0799,25-1099,"Engineering Teachers, Postsecondary"
"Civil Engineering, General.",14.0801,25-1099,"Engineering Teachers, Postsecondary"
Geotechnical and Geoenvironmental Engineering.,14.0802,25-1099,"Engineering Teachers, Postsecondary"
Structural Engineering.,14.0803,25-1099,"Engineering Teachers, Postsecondary"
Transportation and Highway Engineering.,14.0804,25-1099,"Engineering Teachers, Postsecondary"
Water Resources Engineering.,14.0805,25-1099,"Engineering Teachers, Postsecondary"
"Civil Engineering, Other.",14.0899,25-1099,"Engineering Teachers, Postsecondary"
"Computer Engineering, General.",14.0901,25-1099,"Engineering Teachers, Postsecondary"
Computer Hardware Engineering.,14.0902,25-1099,"Engineering Teachers, Postsecondary"
Computer Software Engineering.,14.0903,25-1099,"Engineering Teachers, Postsecondary"
"Computer Engineering, Other.",14.0999,25-1099,"Engineering Teachers, Postsecondary"
Electrical and Electronics Engineering.,14.1001,25-1099,"Engineering Teachers, Postsecondary"
Laser and Optical Engineering.,14.1003,25-1099,"Engineering Teachers, Postsecondary"
Telecommunications Engineering.,14.1004,25-1099,"Engineering Teachers, Postsecondary"
"Electrical, Electronics, and Communications Engineering, Other.",14.1099,25-1099,"Engineering Teachers, Postsecondary"
Engineering Mechanics.,14.1101,25-1099,"Engineering Teachers, Postsecondary"
Engineering Physics/Applied Physics.,14.1201,25-1099,"Engineering Teachers, Postsecondary"
Engineering Science.,14.1301,25-1099,"Engineering Teachers, Postsecondary"
Environmental/Environmental Health Engineering.,14.1401,25-1099,"Engineering Teachers, Postsecondary"
Materials Engineering.,14.1801,25-1099,"Engineering Teachers, Postsecondary"
Mechanical Engineering.,14.1901,25-1099,"Engineering Teachers, Postsecondary"
Metallurgical Engineering.,14.2001,25-1099,"Engineering Teachers, Postsecondary"
Mining and Mineral Engineering.,14.2101,25-1099,"Engineering Teachers, Postsecondary"
Naval Architecture and Marine Engineering.,14.2201,25-1099,"Engineering Teachers, Postsecondary"
Nuclear Engineering.,14.2301,25-1099,"Engineering Teachers, Postsecondary"
Ocean Engineering.,14.2401,25-1099,"Engineering Teachers, Postsecondary"
Petroleum Engineering.,14.2501,25-1099,"Engineering Teachers, Postsecondary"
Systems Engineering.,14.2701,25-1099,"Engineering Teachers, Postsecondary"
Textile Sciences and Engineering.,14.2801,25-1099,"Engineering Teachers, Postsecondary"
Polymer/Plastics Engineering.,14.3201,25-1099,"Engineering Teachers, Postsecondary"
Construction Engineering.,14.3301,25-1099,"Engineering Teachers, Postsecondary"
Forest Engineering.,14.3401,25-1099,"Engineering Teachers, Postsecondary"
Industrial Engineering.,14.3501,25-1099,"Engineering Teachers, Postsecondary"
Manufacturing Engineering.,14.3601,25-1099,"Engineering Teachers, Postsecondary"
Operations Research.,14.3701,25-1099,"Engineering Teachers, Postsecondary"
Surveying Engineering.,14.3801,25-1099,"Engineering Teachers, Postsecondary"
Geological/Geophysical Engineering.,14.3901,25-1099,"Engineering Teachers, Postsecondary"
Paper Science and Engineering.,14.4001,25-1099,"Engineering Teachers, Postsecondary"
Electromechanical Engineering.,14.4101,25-1099,"Engineering Teachers, Postsecondary"
"Mechatronics, Robotics, and Automation Engineering.",14.4201,25-1099,"Engineering Teachers, Postsecondary"
Biochemical Engineering.,14.4301,25-1099,"Engineering Teachers, Postsecondary"
Engineering Chemistry.,14.4401,25-1099,"Engineering Teachers, Postsecondary"
Biological/Biosystems Engineering.,14.4501,25-1099,"Engineering Teachers, Postsecondary"
Electrical and Computer Engineering.,14.4701,25-1099,"Engineering Teachers, Postsecondary"
"Energy Systems Engineering, General.",14.4801,25-1099,"Engineering Teachers, Postsecondary"
Power Plant Engineering.,14.4802,25-1099,"Engineering Teachers, Postsecondary"
"Energy Systems Engineering, Other.",14.4899,25-1099,"Engineering Teachers, Postsecondary"
"Engineering, Other.",14.9999,25-1099,"Engineering Teachers, Postsecondary"
Engineering Design.,15.1502,25-1099,"Engineering Teachers, Postsecondary"
Packaging Science.,15.1503,25-1099,"Engineering Teachers, Postsecondary"
Materials Science.,40.1001,25-1099,"Engineering Teachers, Postsecondary"
"Agriculture, General.",1,25-1099,"Agricultural Sciences Teachers, Postsecondary"
"Agricultural Business and Management, General.",1.0101,25-1099,"Agricultural Sciences Teachers, Postsecondary"
Agribusiness/Agricultural Business Operations.,1.0102,25-1099,"Agricultural Sciences Teachers, Postsecondary"
Agricultural Economics.,1.0103,25-1099,"Agricultural Sciences Teachers, Postsecondary"
Farm/Farm and Ranch Management.,1.0104,25-1099,"Agricultural Sciences Teachers, Postsecondary"
Agricultural/Farm Supplies Retailing and Wholesaling.,1.0105,25-1099,"Agricultural Sciences Teachers, Postsecondary"
"Agricultural Business and Management, Other.",1.0199,25-1099,"Agricultural Sciences Teachers, Postsecondary"
"Agricultural Mechanization, General.",1.0201,25-1099,"Agricultural Sciences Teachers, Postsecondary"
Agricultural Power Machinery Operation.,1.0204,25-1099,"Agricultural Sciences Teachers, Postsecondary"
"Agricultural Mechanization, Other.",1.0299,25-1099,"Agricultural Sciences Teachers, Postsecondary"
"Agricultural Production Operations, General.",1.0301,25-1099,"Agricultural Sciences Teachers, Postsecondary"
Animal/Livestock Husbandry and Production.,1.0302,25-1099,"Agricultural Sciences Teachers, Postsecondary"
Aquaculture.,1.0303,25-1099,"Agricultural Sciences Teachers, Postsecondary"
Crop Production.,1.0304,25-1099,"Agricultural Sciences Teachers, Postsecondary"
Horse Husbandry/Equine Science and Management.,1.0307,25-1099,"Agricultural Sciences Teachers, Postsecondary"
Agroecology and Sustainable Agriculture.,1.0308,25-1099,"Agricultural Sciences Teachers, Postsecondary"
"Agricultural Production Operations, Other.",1.0399,25-1099,"Agricultural Sciences Teachers, Postsecondary"
Agricultural and Food Products Processing.,1.0401,25-1099,"Agricultural Sciences Teachers, Postsecondary"
Animal Training.,1.0505,25-1099,"Agricultural Sciences Teachers, Postsecondary"
Equestrian/Equine Studies.,1.0507,25-1099,"Agricultural Sciences Teachers, Postsecondary"
"Applied Horticulture/Horticulture Operations, General.",1.0601,25-1099,"Agricultural Sciences Teachers, Postsecondary"
Ornamental Horticulture.,1.0603,25-1099,"Agricultural Sciences Teachers, Postsecondary"
Greenhouse Operations and Management.,1.0604,25-1099,"Agricultural Sciences Teachers, Postsecondary"
Landscaping and Groundskeeping.,1.0605,25-1099,"Agricultural Sciences Teachers, Postsecondary"
Plant Nursery Operations and Management.,1.0606,25-1099,"Agricultural Sciences Teachers, Postsecondary"
Turf and Turfgrass Management.,1.0607,25-1099,"Agricultural Sciences Teachers, Postsecondary"
International Agriculture.,1.0701,25-1099,"Agricultural Sciences Teachers, Postsecondary"
"Animal Sciences, General.",1.0901,25-1099,"Agricultural Sciences Teachers, Postsecondary"
Agricultural Animal Breeding.,1.0902,25-1099,"Agricultural Sciences Teachers, Postsecondary"
Animal Health.,1.0903,25-1099,"Agricultural Sciences Teachers, Postsecondary"
Animal Nutrition.,1.0904,25-1099,"Agricultural Sciences Teachers, Postsecondary"
Dairy Science.,1.0905,25-1099,"Agricultural Sciences Teachers, Postsecondary"
Livestock Management.,1.0906,25-1099,"Agricultural Sciences Teachers, Postsecondary"
Poultry Science.,1.0907,25-1099,"Agricultural Sciences Teachers, Postsecondary"
"Animal Sciences, Other.",1.0999,25-1099,"Agricultural Sciences Teachers, Postsecondary"
Food Science.,1.1001,25-1099,"Agricultural Sciences Teachers, Postsecondary"
Viticulture and Enology.,1.1004,25-1099,"Agricultural Sciences Teachers, Postsecondary"
"Food Science and Technology, Other.",1.1099,25-1099,"Agricultural Sciences Teachers, Postsecondary"
"Plant Sciences, General.",1.1101,25-1099,"Agricultural Sciences Teachers, Postsecondary"
Agronomy and Crop Science.,1.1102,25-1099,"Agricultural Sciences Teachers, Postsecondary"
Horticultural Science.,1.1103,25-1099,"Agricultural Sciences Teachers, Postsecondary"
Agricultural and Horticultural Plant Breeding.,1.1104,25-1099,"Agricultural Sciences Teachers, Postsecondary"
Plant Protection and Integrated Pest Management.,1.1105,25-1099,"Agricultural Sciences Teachers, Postsecondary"
Range Science and Management.,1.1106,25-1099,"Agricultural Sciences Teachers, Postsecondary"
"Plant Sciences, Other.",1.1199,25-1099,"Agricultural Sciences Teachers, Postsecondary"
"Soil Science and Agronomy, General.",1.1201,25-1099,"Agricultural Sciences Teachers, Postsecondary"
Soil Chemistry and Physics.,1.1202,25-1099,"Agricultural Sciences Teachers, Postsecondary"
Soil Microbiology.,1.1203,25-1099,"Agricultural Sciences Teachers, Postsecondary"
"Soil Sciences, Other.",1.1299,25-1099,"Agricultural Sciences Teachers, Postsecondary"
Agricultural Teacher Education.,13.1301,25-1099,"Agricultural Sciences Teachers, Postsecondary"
Science Teacher Education/General Science Teacher Education.,13.1316,25-1099,"Agricultural Sciences Teachers, Postsecondary"
Science Teacher Education/General Science Teacher Education.,13.1316,25-1099,"Biological Science Teachers, Postsecondary"
Biology Teacher Education.,13.1322,25-1099,"Biological Science Teachers, Postsecondary"
"Biology/Biological Sciences, General.",26.0101,25-1099,"Biological Science Teachers, Postsecondary"
"Biomedical Sciences, General.",26.0102,25-1099,"Biological Science Teachers, Postsecondary"
Biochemistry.,26.0202,25-1099,"Biological Science Teachers, Postsecondary"
Biophysics.,26.0203,25-1099,"Biological Science Teachers, Postsecondary"
Molecular Biology.,26.0204,25-1099,"Biological Science Teachers, Postsecondary"
Molecular Biochemistry.,26.0205,25-1099,"Biological Science Teachers, Postsecondary"
Molecular Biophysics.,26.0206,25-1099,"Biological Science Teachers, Postsecondary"
Structural Biology.,26.0207,25-1099,"Biological Science Teachers, Postsecondary"
Photobiology.,26.0208,25-1099,"Biological Science Teachers, Postsecondary"
Radiation Biology/Radiobiology.,26.0209,25-1099,"Biological Science Teachers, Postsecondary"
Biochemistry and Molecular Biology.,26.021,25-1099,"Biological Science Teachers, Postsecondary"
"Biochemistry, Biophysics and Molecular Biology, Other.",26.0299,25-1099,"Biological Science Teachers, Postsecondary"
Botany/Plant Biology.,26.0301,25-1099,"Biological Science Teachers, Postsecondary"
Plant Pathology/Phytopathology.,26.0305,25-1099,"Biological Science Teachers, Postsecondary"
Plant Physiology.,26.0307,25-1099,"Biological Science Teachers, Postsecondary"
"Botany/Plant Biology, Other.",26.0399,25-1099,"Biological Science Teachers, Postsecondary"
Cell/Cellular Biology and Histology.,26.0401,25-1099,"Biological Science Teachers, Postsecondary"
Anatomy.,26.0403,25-1099,"Biological Science Teachers, Postsecondary"
Developmental Biology and Embryology.,26.0404,25-1099,"Biological Science Teachers, Postsecondary"
Cell/Cellular and Molecular Biology.,26.0406,25-1099,"Biological Science Teachers, Postsecondary"
Cell Biology and Anatomy.,26.0407,25-1099,"Biological Science Teachers, Postsecondary"
"Cell/Cellular Biology and Anatomical Sciences, Other.",26.0499,25-1099,"Biological Science Teachers, Postsecondary"
"Microbiology, General.",26.0502,25-1099,"Biological Science Teachers, Postsecondary"
Medical Microbiology and Bacteriology.,26.0503,25-1099,"Biological Science Teachers, Postsecondary"
Virology.,26.0504,25-1099,"Biological Science Teachers, Postsecondary"
Parasitology.,26.0505,25-1099,"Biological Science Teachers, Postsecondary"
Mycology.,26.0506,25-1099,"Biological Science Teachers, Postsecondary"
Immunology.,26.0507,25-1099,"Biological Science Teachers, Postsecondary"
Microbiology and Immunology.,26.0508,25-1099,"Biological Science Teachers, Postsecondary"
"Microbiological Sciences and Immunology, Other.",26.0599,25-1099,"Biological Science Teachers, Postsecondary"
Zoology/Animal Biology.,26.0701,25-1099,"Biological Science Teachers, Postsecondary"
Entomology.,26.0702,25-1099,"Biological Science Teachers, Postsecondary"
Animal Physiology.,26.0707,25-1099,"Biological Science Teachers, Postsecondary"
"Zoology/Animal Biology, Other.",26.0799,25-1099,"Biological Science Teachers, Postsecondary"
"Genetics, General.",26.0801,25-1099,"Biological Science Teachers, Postsecondary"
Molecular Genetics.,26.0802,25-1099,"Biological Science Teachers, Postsecondary"
Microbial and Eukaryotic Genetics.,26.0803,25-1099,"Biological Science Teachers, Postsecondary"
Animal Genetics.,26.0804,25-1099,"Biological Science Teachers, Postsecondary"
Plant Genetics.,26.0805,25-1099,"Biological Science Teachers, Postsecondary"
Human/Medical Genetics.,26.0806,25-1099,"Biological Science Teachers, Postsecondary"
Genome Sciences/Genomics.,26.0807,25-1099,"Biological Science Teachers, Postsecondary"
"Genetics, Other.",26.0899,25-1099,"Biological Science Teachers, Postsecondary"
"Physiology, General.",26.0901,25-1099,"Biological Science Teachers, Postsecondary"
Molecular Physiology.,26.0902,25-1099,"Biological Science Teachers, Postsecondary"
Cell Physiology.,26.0903,25-1099,"Biological Science Teachers, Postsecondary"
Endocrinology.,26.0904,25-1099,"Biological Science Teachers, Postsecondary"
Reproductive Biology.,26.0905,25-1099,"Biological Science Teachers, Postsecondary"
Cardiovascular Science.,26.0907,25-1099,"Biological Science Teachers, Postsecondary"
Exercise Physiology and Kinesiology.,26.0908,25-1099,"Biological Science Teachers, Postsecondary"
Vision Science/Physiological Optics.,26.0909,25-1099,"Biological Science Teachers, Postsecondary"
Pathology/Experimental Pathology.,26.091,25-1099,"Biological Science Teachers, Postsecondary"
Oncology and Cancer Biology.,26.0911,25-1099,"Biological Science Teachers, Postsecondary"
Aerospace Physiology and Medicine.,26.0912,25-1099,"Biological Science Teachers, Postsecondary"
Biomechanics.,26.0913,25-1099,"Biological Science Teachers, Postsecondary"
Pharmacology.,26.1001,25-1099,"Biological Science Teachers, Postsecondary"
Toxicology.,26.1004,25-1099,"Biological Science Teachers, Postsecondary"
Biometry/Biometrics.,26.1101,25-1099,"Biological Science Teachers, Postsecondary"
Computational Biology.,26.1104,25-1099,"Biological Science Teachers, Postsecondary"
"Biomathematics, Bioinformatics, and Computational Biology, Other.",26.1199,25-1099,"Biological Science Teachers, Postsecondary"
Biotechnology.,26.1201,25-1099,"Biological Science Teachers, Postsecondary"
Ecology.,26.1301,25-1099,"Biological Science Teachers, Postsecondary"
Marine Biology and Biological Oceanography.,26.1302,25-1099,"Biological Science Teachers, Postsecondary"
Evolutionary Biology.,26.1303,25-1099,"Biological Science Teachers, Postsecondary"
Aquatic Biology/Limnology.,26.1304,25-1099,"Biological Science Teachers, Postsecondary"
Environmental Biology.,26.1305,25-1099,"Biological Science Teachers, Postsecondary"
Population Biology.,26.1306,25-1099,"Biological Science Teachers, Postsecondary"
Conservation Biology.,26.1307,25-1099,"Biological Science Teachers, Postsecondary"
Systematic Biology/Biological Systematics.,26.1308,25-1099,"Biological Science Teachers, Postsecondary"
Ecology and Evolutionary Biology.,26.131,25-1099,"Biological Science Teachers, Postsecondary"
"Ecology, Evolution, Systematics and Population Biology, Other.",26.1399,25-1099,"Biological Science Teachers, Postsecondary"
Molecular Medicine.,26.1401,25-1099,"Biological Science Teachers, Postsecondary"
Neuroscience.,26.1501,25-1099,"Biological Science Teachers, Postsecondary"
Neuroanatomy.,26.1502,25-1099,"Biological Science Teachers, Postsecondary"
Neurobiology and Anatomy.,26.1503,25-1099,"Biological Science Teachers, Postsecondary"
Neurobiology and Behavior.,26.1504,25-1099,"Biological Science Teachers, Postsecondary"
"Neurobiology and Neurosciences, Other.",26.1599,25-1099,"Biological Science Teachers, Postsecondary"
"Biological and Biomedical Sciences, Other.",26.9999,25-1099,"Biological Science Teachers, Postsecondary"
Biopsychology.,30.1001,25-1099,"Biological Science Teachers, Postsecondary"
Nutrition Sciences.,30.1901,25-1099,"Biological Science Teachers, Postsecondary"
Human Biology.,30.2701,25-1099,"Biological Science Teachers, Postsecondary"
Geobiology.,30.4301,25-1099,"Biological Science Teachers, Postsecondary"
Agroecology and Sustainable Agriculture.,1.0308,25-1099,"Forestry and Conservation Science Teachers, Postsecondary"
Range Science and Management.,1.1106,25-1099,"Forestry and Conservation Science Teachers, Postsecondary"
Science Teacher Education/General Science Teacher Education.,13.1316,25-1099,"Forestry and Conservation Science Teachers, Postsecondary"
Ecology.,26.1301,25-1099,"Forestry and Conservation Science Teachers, Postsecondary"
"Natural Resources/Conservation, General.",3.0101,25-1099,"Forestry and Conservation Science Teachers, Postsecondary"
"Environmental/Natural Resources Management and Policy, General.",3.0201,25-1099,"Forestry and Conservation Science Teachers, Postsecondary"
"Water, Wetlands, and Marine Resources Management.",3.0205,25-1099,"Forestry and Conservation Science Teachers, Postsecondary"
Land Use Planning and Management/Development.,3.0206,25-1099,"Forestry and Conservation Science Teachers, Postsecondary"
"Environmental/Natural Resources Management and Policy, Other.",3.0299,25-1099,"Forestry and Conservation Science Teachers, Postsecondary"
"Forestry, General.",3.0501,25-1099,"Forestry and Conservation Science Teachers, Postsecondary"
Forest Sciences and Biology.,3.0502,25-1099,"Forestry and Conservation Science Teachers, Postsecondary"
Forest Management/Forest Resources Management.,3.0506,25-1099,"Forestry and Conservation Science Teachers, Postsecondary"
Urban Forestry.,3.0508,25-1099,"Forestry and Conservation Science Teachers, Postsecondary"
Wood Science and Wood Products/Pulp and Paper Technology/Technician.,3.0509,25-1099,"Forestry and Conservation Science Teachers, Postsecondary"
Forest Resources Production and Management.,3.051,25-1099,"Forestry and Conservation Science Teachers, Postsecondary"
"Forestry, Other.",3.0599,25-1099,"Forestry and Conservation Science Teachers, Postsecondary"
"Wildlife, Fish and Wildlands Science and Management.",3.0601,25-1099,"Forestry and Conservation Science Teachers, Postsecondary"
"Natural Resources and Conservation, Other.",3.9999,25-1099,"Forestry and Conservation Science Teachers, Postsecondary"
Science Teacher Education/General Science Teacher Education.,13.1316,25-1099,"Atmospheric, Earth, Marine, and Space Sciences Teachers, Postsecondary"
Earth Science Teacher Education.,13.1337,25-1099,"Atmospheric, Earth, Marine, and Space Sciences Teachers, Postsecondary"
Climate Science.,30.3501,25-1099,"Atmospheric, Earth, Marine, and Space Sciences Teachers, Postsecondary"
Earth Systems Science.,30.3801,25-1099,"Atmospheric, Earth, Marine, and Space Sciences Teachers, Postsecondary"
Environmental Geosciences.,30.4101,25-1099,"Atmospheric, Earth, Marine, and Space Sciences Teachers, Postsecondary"
Mathematics and Atmospheric/Oceanic Science.,30.5001,25-1099,"Atmospheric, Earth, Marine, and Space Sciences Teachers, Postsecondary"
Astronomy.,40.0201,25-1099,"Atmospheric, Earth, Marine, and Space Sciences Teachers, Postsecondary"
Astrophysics.,40.0202,25-1099,"Atmospheric, Earth, Marine, and Space Sciences Teachers, Postsecondary"
Planetary Astronomy and Science.,40.0203,25-1099,"Atmospheric, Earth, Marine, and Space Sciences Teachers, Postsecondary"
"Astronomy and Astrophysics, Other.",40.0299,25-1099,"Atmospheric, Earth, Marine, and Space Sciences Teachers, Postsecondary"
"Atmospheric Sciences and Meteorology, General.",40.0401,25-1099,"Atmospheric, Earth, Marine, and Space Sciences Teachers, Postsecondary"
Atmospheric Chemistry and Climatology.,40.0402,25-1099,"Atmospheric, Earth, Marine, and Space Sciences Teachers, Postsecondary"
Atmospheric Physics and Dynamics.,40.0403,25-1099,"Atmospheric, Earth, Marine, and Space Sciences Teachers, Postsecondary"
Meteorology.,40.0404,25-1099,"Atmospheric, Earth, Marine, and Space Sciences Teachers, Postsecondary"
"Atmospheric Sciences and Meteorology, Other.",40.0499,25-1099,"Atmospheric, Earth, Marine, and Space Sciences Teachers, Postsecondary"
"Geology/Earth Science, General.",40.0601,25-1099,"Atmospheric, Earth, Marine, and Space Sciences Teachers, Postsecondary"
Geochemistry.,40.0602,25-1099,"Atmospheric, Earth, Marine, and Space Sciences Teachers, Postsecondary"
Geophysics and Seismology.,40.0603,25-1099,"Atmospheric, Earth, Marine, and Space Sciences Teachers, Postsecondary"
Paleontology.,40.0604,25-1099,"Atmospheric, Earth, Marine, and Space Sciences Teachers, Postsecondary"
Hydrology and Water Resources Science.,40.0605,25-1099,"Atmospheric, Earth, Marine, and Space Sciences Teachers, Postsecondary"
Geochemistry and Petrology.,40.0606,25-1099,"Atmospheric, Earth, Marine, and Space Sciences Teachers, Postsecondary"
"Oceanography, Chemical and Physical.",40.0607,25-1099,"Atmospheric, Earth, Marine, and Space Sciences Teachers, Postsecondary"
"Geological and Earth Sciences/Geosciences, Other.",40.0699,25-1099,"Atmospheric, Earth, Marine, and Space Sciences Teachers, Postsecondary"
Physics and Astronomy.,40.1101,25-1099,"Atmospheric, Earth, Marine, and Space Sciences Teachers, Postsecondary"
Science Teacher Education/General Science Teacher Education.,13.1316,25-1099,"Chemistry Teachers, Postsecondary"
Chemistry Teacher Education.,13.1323,25-1099,"Chemistry Teachers, Postsecondary"
"Chemistry, General.",40.0501,25-1099,"Chemistry Teachers, Postsecondary"
Analytical Chemistry.,40.0502,25-1099,"Chemistry Teachers, Postsecondary"
Inorganic Chemistry.,40.0503,25-1099,"Chemistry Teachers, Postsecondary"
Organic Chemistry.,40.0504,25-1099,"Chemistry Teachers, Postsecondary"
Physical Chemistry.,40.0506,25-1099,"Chemistry Teachers, Postsecondary"
Polymer Chemistry.,40.0507,25-1099,"Chemistry Teachers, Postsecondary"
Chemical Physics.,40.0508,25-1099,"Chemistry Teachers, Postsecondary"
Environmental Chemistry.,40.0509,25-1099,"Chemistry Teachers, Postsecondary"
Forensic Chemistry.,40.051,25-1099,"Chemistry Teachers, Postsecondary"
Theoretical Chemistry.,40.0511,25-1099,"Chemistry Teachers, Postsecondary"
Cheminformatics/Chemistry Informatics.,40.0512,25-1099,"Chemistry Teachers, Postsecondary"
"Chemistry, Other.",40.0599,25-1099,"Chemistry Teachers, Postsecondary"
Geochemistry.,40.0602,25-1099,"Chemistry Teachers, Postsecondary"
Materials Chemistry.,40.1002,25-1099,"Chemistry Teachers, Postsecondary"
Medicinal and Pharmaceutical Chemistry.,51.2004,25-1099,"Chemistry Teachers, Postsecondary"
Science Teacher Education/General Science Teacher Education.,13.1316,25-1099,"Environmental Science Teachers, Postsecondary"
Conservation Biology.,26.1307,25-1099,"Environmental Science Teachers, Postsecondary"
Ecology and Evolutionary Biology.,26.131,25-1099,"Environmental Science Teachers, Postsecondary"
"Ecology, Evolution, Systematics and Population Biology, Other.",26.1399,25-1099,"Environmental Science Teachers, Postsecondary"
Environmental Studies.,3.0103,25-1099,"Environmental Science Teachers, Postsecondary"
Environmental Science.,3.0104,25-1099,"Environmental Science Teachers, Postsecondary"
Sustainability Studies.,30.3301,25-1099,"Environmental Science Teachers, Postsecondary"
Environmental Geosciences.,30.4101,25-1099,"Environmental Science Teachers, Postsecondary"
Geobiology.,30.4301,25-1099,"Environmental Science Teachers, Postsecondary"
Geography and Environmental Studies.,30.4401,25-1099,"Environmental Science Teachers, Postsecondary"
Environmental Chemistry.,40.0509,25-1099,"Environmental Science Teachers, Postsecondary"
Science Teacher Education/General Science Teacher Education.,13.1316,25-1099,"Physics Teachers, Postsecondary"
Physics Teacher Education.,13.1329,25-1099,"Physics Teachers, Postsecondary"
"Astronomy and Astrophysics, Other.",40.0299,25-1099,"Physics Teachers, Postsecondary"
Chemical Physics.,40.0508,25-1099,"Physics Teachers, Postsecondary"
"Physics, General.",40.0801,25-1099,"Physics Teachers, Postsecondary"
Atomic/Molecular Physics.,40.0802,25-1099,"Physics Teachers, Postsecondary"
Elementary Particle Physics.,40.0804,25-1099,"Physics Teachers, Postsecondary"
Plasma and High-Temperature Physics.,40.0805,25-1099,"Physics Teachers, Postsecondary"
Nuclear Physics.,40.0806,25-1099,"Physics Teachers, Postsecondary"
Optics/Optical Sciences.,40.0807,25-1099,"Physics Teachers, Postsecondary"
Condensed Matter and Materials Physics.,40.0808,25-1099,"Physics Teachers, Postsecondary"
Acoustics.,40.0809,25-1099,"Physics Teachers, Postsecondary"
Theoretical and Mathematical Physics.,40.081,25-1099,"Physics Teachers, Postsecondary"
"Physics, Other.",40.0899,25-1099,"Physics Teachers, Postsecondary"
Physics and Astronomy.,40.1101,25-1099,"Physics Teachers, Postsecondary"
Health/Medical  Physics.,51.2205,25-1099,"Physics Teachers, Postsecondary"
Ancient Studies/Civilization.,30.2201,25-1099,"Anthropology and Archeology Teachers, Postsecondary"
"Classical, Ancient Mediterranean, and Near Eastern Studies and Archaeology.",30.2202,25-1099,"Anthropology and Archeology Teachers, Postsecondary"
"Classical and Ancient Studies, Other.",30.2299,25-1099,"Anthropology and Archeology Teachers, Postsecondary"
Geoarcheaology.,30.4201,25-1099,"Anthropology and Archeology Teachers, Postsecondary"
Linguistics and Anthropology.,30.4701,25-1099,"Anthropology and Archeology Teachers, Postsecondary"
"Anthropology, General.",45.0201,25-1099,"Anthropology and Archeology Teachers, Postsecondary"
Physical and Biological Anthropology.,45.0202,25-1099,"Anthropology and Archeology Teachers, Postsecondary"
Medical Anthropology.,45.0203,25-1099,"Anthropology and Archeology Teachers, Postsecondary"
Cultural Anthropology.,45.0204,25-1099,"Anthropology and Archeology Teachers, Postsecondary"
Forensic Anthropology.,45.0205,25-1099,"Anthropology and Archeology Teachers, Postsecondary"
"Anthropology, Other.",45.0299,25-1099,"Anthropology and Archeology Teachers, Postsecondary"
Archeology.,45.0301,25-1099,"Anthropology and Archeology Teachers, Postsecondary"
Sociology and Anthropology.,45.1301,25-1099,"Anthropology and Archeology Teachers, Postsecondary"
Geography and Anthropology.,45.1501,25-1099,"Anthropology and Archeology Teachers, Postsecondary"
Cultural Resource Management and Policy Analysis.,30.1202,25-1099,"Area, Ethnic, and Cultural Studies Teachers, Postsecondary"
Ancient Studies/Civilization.,30.2201,25-1099,"Area, Ethnic, and Cultural Studies Teachers, Postsecondary"
"Classical, Ancient Mediterranean, and Near Eastern Studies and Archaeology.",30.2202,25-1099,"Area, Ethnic, and Cultural Studies Teachers, Postsecondary"
"Classical and Ancient Studies, Other.",30.2299,25-1099,"Area, Ethnic, and Cultural Studies Teachers, Postsecondary"
Intercultural/Multicultural and Diversity Studies.,30.2301,25-1099,"Area, Ethnic, and Cultural Studies Teachers, Postsecondary"
Cultural Studies/Critical Theory and Analysis.,30.2601,25-1099,"Area, Ethnic, and Cultural Studies Teachers, Postsecondary"
Cultural Studies and Comparative Literature.,30.3601,25-1099,"Area, Ethnic, and Cultural Studies Teachers, Postsecondary"
Economics and Foreign Language/Literature.,30.4001,25-1099,"Area, Ethnic, and Cultural Studies Teachers, Postsecondary"
History and Language/Literature.,30.4501,25-1099,"Area, Ethnic, and Cultural Studies Teachers, Postsecondary"
Digital Humanities.,30.5202,25-1099,"Area, Ethnic, and Cultural Studies Teachers, Postsecondary"
Textual Studies.,30.5203,25-1099,"Area, Ethnic, and Cultural Studies Teachers, Postsecondary"
Islamic Studies.,38.0205,25-1099,"Area, Ethnic, and Cultural Studies Teachers, Postsecondary"
Jewish/Judaic Studies.,38.0206,25-1099,"Area, Ethnic, and Cultural Studies Teachers, Postsecondary"
Catholic Studies.,38.0208,25-1099,"Area, Ethnic, and Cultural Studies Teachers, Postsecondary"
Mormon Studies.,38.0209,25-1099,"Area, Ethnic, and Cultural Studies Teachers, Postsecondary"
Cultural Anthropology.,45.0204,25-1099,"Area, Ethnic, and Cultural Studies Teachers, Postsecondary"
African Studies.,5.0101,25-1099,"Area, Ethnic, and Cultural Studies Teachers, Postsecondary"
American/United States Studies/Civilization.,5.0102,25-1099,"Area, Ethnic, and Cultural Studies Teachers, Postsecondary"
Asian Studies/Civilization.,5.0103,25-1099,"Area, Ethnic, and Cultural Studies Teachers, Postsecondary"
East Asian Studies.,5.0104,25-1099,"Area, Ethnic, and Cultural Studies Teachers, Postsecondary"
"Russian, Central European, East European and Eurasian Studies.",5.0105,25-1099,"Area, Ethnic, and Cultural Studies Teachers, Postsecondary"
European Studies/Civilization.,5.0106,25-1099,"Area, Ethnic, and Cultural Studies Teachers, Postsecondary"
Latin American Studies.,5.0107,25-1099,"Area, Ethnic, and Cultural Studies Teachers, Postsecondary"
Near and Middle Eastern Studies.,5.0108,25-1099,"Area, Ethnic, and Cultural Studies Teachers, Postsecondary"
Pacific Area/Pacific Rim Studies.,5.0109,25-1099,"Area, Ethnic, and Cultural Studies Teachers, Postsecondary"
Russian Studies.,5.011,25-1099,"Area, Ethnic, and Cultural Studies Teachers, Postsecondary"
Scandinavian Studies.,5.0111,25-1099,"Area, Ethnic, and Cultural Studies Teachers, Postsecondary"
South Asian Studies.,5.0112,25-1099,"Area, Ethnic, and Cultural Studies Teachers, Postsecondary"
Southeast Asian Studies.,5.0113,25-1099,"Area, Ethnic, and Cultural Studies Teachers, Postsecondary"
Western European Studies.,5.0114,25-1099,"Area, Ethnic, and Cultural Studies Teachers, Postsecondary"
Canadian Studies.,5.0115,25-1099,"Area, Ethnic, and Cultural Studies Teachers, Postsecondary"
Balkans Studies.,5.0116,25-1099,"Area, Ethnic, and Cultural Studies Teachers, Postsecondary"
Baltic Studies.,5.0117,25-1099,"Area, Ethnic, and Cultural Studies Teachers, Postsecondary"
Slavic Studies.,5.0118,25-1099,"Area, Ethnic, and Cultural Studies Teachers, Postsecondary"
Caribbean Studies.,5.0119,25-1099,"Area, Ethnic, and Cultural Studies Teachers, Postsecondary"
Ural-Altaic and Central Asian Studies.,5.012,25-1099,"Area, Ethnic, and Cultural Studies Teachers, Postsecondary"
Commonwealth Studies.,5.0121,25-1099,"Area, Ethnic, and Cultural Studies Teachers, Postsecondary"
"Regional Studies (U.S., Canadian, Foreign).",5.0122,25-1099,"Area, Ethnic, and Cultural Studies Teachers, Postsecondary"
Chinese Studies.,5.0123,25-1099,"Area, Ethnic, and Cultural Studies Teachers, Postsecondary"
French Studies.,5.0124,25-1099,"Area, Ethnic, and Cultural Studies Teachers, Postsecondary"
German Studies.,5.0125,25-1099,"Area, Ethnic, and Cultural Studies Teachers, Postsecondary"
Italian Studies.,5.0126,25-1099,"Area, Ethnic, and Cultural Studies Teachers, Postsecondary"
Japanese Studies.,5.0127,25-1099,"Area, Ethnic, and Cultural Studies Teachers, Postsecondary"
Korean Studies.,5.0128,25-1099,"Area, Ethnic, and Cultural Studies Teachers, Postsecondary"
Polish Studies.,5.0129,25-1099,"Area, Ethnic, and Cultural Studies Teachers, Postsecondary"
Spanish and Iberian Studies.,5.013,25-1099,"Area, Ethnic, and Cultural Studies Teachers, Postsecondary"
Tibetan Studies.,5.0131,25-1099,"Area, Ethnic, and Cultural Studies Teachers, Postsecondary"
Ukraine Studies.,5.0132,25-1099,"Area, Ethnic, and Cultural Studies Teachers, Postsecondary"
Irish Studies.,5.0133,25-1099,"Area, Ethnic, and Cultural Studies Teachers, Postsecondary"
Latin American and Caribbean Studies.,5.0134,25-1099,"Area, Ethnic, and Cultural Studies Teachers, Postsecondary"
Appalachian Studies.,5.0135,25-1099,"Area, Ethnic, and Cultural Studies Teachers, Postsecondary"
Arctic Studies.,5.0136,25-1099,"Area, Ethnic, and Cultural Studies Teachers, Postsecondary"
"Area Studies, Other.",5.0199,25-1099,"Area, Ethnic, and Cultural Studies Teachers, Postsecondary"
Ethnic Studies.,5.02,25-1099,"Area, Ethnic, and Cultural Studies Teachers, Postsecondary"
African-American/Black Studies.,5.0201,25-1099,"Area, Ethnic, and Cultural Studies Teachers, Postsecondary"
American Indian/Native American Studies.,5.0202,25-1099,"Area, Ethnic, and Cultural Studies Teachers, Postsecondary"
"Hispanic-American, Puerto Rican, and Mexican-American/Chicano Studies.",5.0203,25-1099,"Area, Ethnic, and Cultural Studies Teachers, Postsecondary"
Asian-American Studies.,5.0206,25-1099,"Area, Ethnic, and Cultural Studies Teachers, Postsecondary"
Women's Studies.,5.0207,25-1099,"Area, Ethnic, and Cultural Studies Teachers, Postsecondary"
Gay/Lesbian Studies.,5.0208,25-1099,"Area, Ethnic, and Cultural Studies Teachers, Postsecondary"
Folklore Studies.,5.0209,25-1099,"Area, Ethnic, and Cultural Studies Teachers, Postsecondary"
Disability Studies.,5.021,25-1099,"Area, Ethnic, and Cultural Studies Teachers, Postsecondary"
Deaf Studies.,5.0211,25-1099,"Area, Ethnic, and Cultural Studies Teachers, Postsecondary"
Comparative Group Studies.,5.0212,25-1099,"Area, Ethnic, and Cultural Studies Teachers, Postsecondary"
"Ethnic, Cultural Minority, Gender, and Group Studies, Other.",5.0299,25-1099,"Area, Ethnic, and Cultural Studies Teachers, Postsecondary"
"Area, Ethnic, Cultural, Gender, and Group Studies, Other.",5.9999,25-1099,"Area, Ethnic, and Cultural Studies Teachers, Postsecondary"
Agricultural Economics.,1.0103,25-1099,"Economics Teachers, Postsecondary"
Economics and Computer Science.,30.3901,25-1099,"Economics Teachers, Postsecondary"
Economics and Foreign Language/Literature.,30.4001,25-1099,"Economics Teachers, Postsecondary"
Mathematical Economics.,30.4901,25-1099,"Economics Teachers, Postsecondary"
"Philosophy, Politics, and Economics.",30.5101,25-1099,"Economics Teachers, Postsecondary"
"Economics, General.",45.0601,25-1099,"Economics Teachers, Postsecondary"
Applied Economics.,45.0602,25-1099,"Economics Teachers, Postsecondary"
Econometrics and Quantitative Economics.,45.0603,25-1099,"Economics Teachers, Postsecondary"
Development Economics and International Development.,45.0604,25-1099,"Economics Teachers, Postsecondary"
International Economics.,45.0605,25-1099,"Economics Teachers, Postsecondary"
"Economics, Other.",45.0699,25-1099,"Economics Teachers, Postsecondary"
Political Economy.,45.1004,25-1099,"Economics Teachers, Postsecondary"
Pharmacoeconomics/Pharmaceutical Economics.,51.2007,25-1099,"Economics Teachers, Postsecondary"
Business/Managerial Economics.,52.0601,25-1099,"Economics Teachers, Postsecondary"
Geography Teacher Education.,13.1332,25-1099,"Geography Teachers, Postsecondary"
Geography and Environmental Studies.,30.4401,25-1099,"Geography Teachers, Postsecondary"
Geospatial Intelligence.,43.0407,25-1099,"Geography Teachers, Postsecondary"
Geography.,45.0701,25-1099,"Geography Teachers, Postsecondary"
Geographic Information Science and Cartography.,45.0702,25-1099,"Geography Teachers, Postsecondary"
"Geography, Other.",45.0799,25-1099,"Geography Teachers, Postsecondary"
Geography and Anthropology.,45.1501,25-1099,"Geography Teachers, Postsecondary"
History and Political Science.,30.4601,25-1099,"Political Science Teachers, Postsecondary"
"Philosophy, Politics, and Economics.",30.5101,25-1099,"Political Science Teachers, Postsecondary"
"Public Policy Analysis, General.",44.0501,25-1099,"Political Science Teachers, Postsecondary"
Education Policy Analysis.,44.0502,25-1099,"Political Science Teachers, Postsecondary"
International Policy Analysis.,44.0504,25-1099,"Political Science Teachers, Postsecondary"
International Relations and Affairs.,45.0901,25-1099,"Political Science Teachers, Postsecondary"
National Security Policy Studies.,45.0902,25-1099,"Political Science Teachers, Postsecondary"
"International Relations and National Security Studies, Other.",45.0999,25-1099,"Political Science Teachers, Postsecondary"
"Political Science and Government, General.",45.1001,25-1099,"Political Science Teachers, Postsecondary"
American Government and Politics (United States).,45.1002,25-1099,"Political Science Teachers, Postsecondary"
Political Economy.,45.1004,25-1099,"Political Science Teachers, Postsecondary"
"Political Science and Government, Other.",45.1099,25-1099,"Political Science Teachers, Postsecondary"
Psychology Teacher Education.,13.1335,25-1099,"Psychology Teachers, Postsecondary"
Biopsychology.,30.1001,25-1099,"Psychology Teachers, Postsecondary"
Behavioral Sciences.,30.1701,25-1099,"Psychology Teachers, Postsecondary"
Thanatology.,30.5301,25-1099,"Psychology Teachers, Postsecondary"
"Psychology, General.",42.0101,25-1099,"Psychology Teachers, Postsecondary"
Cognitive Psychology and Psycholinguistics.,42.2701,25-1099,"Psychology Teachers, Postsecondary"
Comparative Psychology.,42.2702,25-1099,"Psychology Teachers, Postsecondary"
Developmental and Child Psychology.,42.2703,25-1099,"Psychology Teachers, Postsecondary"
Experimental Psychology.,42.2704,25-1099,"Psychology Teachers, Postsecondary"
Personality Psychology.,42.2705,25-1099,"Psychology Teachers, Postsecondary"
Behavioral Neuroscience.,42.2706,25-1099,"Psychology Teachers, Postsecondary"
Social Psychology.,42.2707,25-1099,"Psychology Teachers, Postsecondary"
Psychometrics and Quantitative Psychology.,42.2708,25-1099,"Psychology Teachers, Postsecondary"
Developmental and Adolescent Psychology.,42.271,25-1099,"Psychology Teachers, Postsecondary"
"Research and Experimental Psychology, Other.",42.2799,25-1099,"Psychology Teachers, Postsecondary"
Clinical Psychology.,42.2801,25-1099,"Psychology Teachers, Postsecondary"
Community Psychology.,42.2802,25-1099,"Psychology Teachers, Postsecondary"
Counseling Psychology.,42.2803,25-1099,"Psychology Teachers, Postsecondary"
Industrial and Organizational Psychology.,42.2804,25-1099,"Psychology Teachers, Postsecondary"
School Psychology.,42.2805,25-1099,"Psychology Teachers, Postsecondary"
Educational Psychology.,42.2806,25-1099,"Psychology Teachers, Postsecondary"
Clinical Child Psychology.,42.2807,25-1099,"Psychology Teachers, Postsecondary"
Environmental Psychology.,42.2808,25-1099,"Psychology Teachers, Postsecondary"
Geropsychology.,42.2809,25-1099,"Psychology Teachers, Postsecondary"
Health/Medical Psychology.,42.281,25-1099,"Psychology Teachers, Postsecondary"
Family Psychology.,42.2811,25-1099,"Psychology Teachers, Postsecondary"
Forensic Psychology.,42.2812,25-1099,"Psychology Teachers, Postsecondary"
Applied Psychology.,42.2813,25-1099,"Psychology Teachers, Postsecondary"
Applied Behavior Analysis.,42.2814,25-1099,"Psychology Teachers, Postsecondary"
Performance and Sport Psychology.,42.2815,25-1099,"Psychology Teachers, Postsecondary"
Somatic Psychology.,42.2816,25-1099,"Psychology Teachers, Postsecondary"
Transpersonal/Spiritual Psychology.,42.2817,25-1099,"Psychology Teachers, Postsecondary"
"Clinical, Counseling and Applied Psychology, Other.",42.2899,25-1099,"Psychology Teachers, Postsecondary"
"Psychology, Other.",42.9999,25-1099,"Psychology Teachers, Postsecondary"
Marriage and Family Therapy/Counseling.,51.1505,25-1099,"Psychology Teachers, Postsecondary"
Survey Research/Methodology.,45.0103,25-1099,"Sociology Teachers, Postsecondary"
Demography and Population Studies.,45.0501,25-1099,"Sociology Teachers, Postsecondary"
Applied Demography.,45.0502,25-1099,"Sociology Teachers, Postsecondary"
"Demography, Other.",45.0599,25-1099,"Sociology Teachers, Postsecondary"
"Sociology, General.",45.1101,25-1099,"Sociology Teachers, Postsecondary"
Applied/Public Sociology.,45.1102,25-1099,"Sociology Teachers, Postsecondary"
Rural Sociology.,45.1103,25-1099,"Sociology Teachers, Postsecondary"
"Sociology, Other.",45.1199,25-1099,"Sociology Teachers, Postsecondary"
Sociology and Anthropology.,45.1301,25-1099,"Sociology Teachers, Postsecondary"
Learning Sciences.,13.0607,25-1099,"Social Sciences Teachers, Postsecondary, All Other"
Work and Family Studies.,19.1001,25-1099,"Social Sciences Teachers, Postsecondary, All Other"
International/Globalization Studies.,30.2001,25-1099,"Social Sciences Teachers, Postsecondary, All Other"
Holocaust and Related Studies.,30.2101,25-1099,"Social Sciences Teachers, Postsecondary, All Other"
Human Biology.,30.2701,25-1099,"Social Sciences Teachers, Postsecondary, All Other"
Geoarcheaology.,30.4201,25-1099,"Social Sciences Teachers, Postsecondary, All Other"
"City/Urban, Community, and Regional Planning.",4.0301,25-1099,"Social Sciences Teachers, Postsecondary, All Other"
Real Estate Development.,4.1001,25-1099,"Social Sciences Teachers, Postsecondary, All Other"
"Social Sciences, General.",45.0101,25-1099,"Social Sciences Teachers, Postsecondary, All Other"
Research Methodology and Quantitative Methods.,45.0102,25-1099,"Social Sciences Teachers, Postsecondary, All Other"
Survey Research/Methodology.,45.0103,25-1099,"Social Sciences Teachers, Postsecondary, All Other"
"Social Sciences, Other.",45.0199,25-1099,"Social Sciences Teachers, Postsecondary, All Other"
Rural Sociology.,45.1103,25-1099,"Social Sciences Teachers, Postsecondary, All Other"
"Sociology, Other.",45.1199,25-1099,"Social Sciences Teachers, Postsecondary, All Other"
Urban Studies/Affairs.,45.1201,25-1099,"Social Sciences Teachers, Postsecondary, All Other"
"Social Sciences, Other.",45.9999,25-1099,"Social Sciences Teachers, Postsecondary, All Other"
Medical/Health Humanities.,51.3204,25-1099,"Social Sciences Teachers, Postsecondary, All Other"
Veterinary Medicine.,1.8001,25-1099,"Health Specialties Teachers, Postsecondary"
"Veterinary Sciences/Veterinary Clinical Sciences, General.",1.8101,25-1099,"Health Specialties Teachers, Postsecondary"
Comparative and Laboratory Animal Medicine.,1.8102,25-1099,"Health Specialties Teachers, Postsecondary"
Large Animal/Food Animal and Equine Surgery and Medicine.,1.8103,25-1099,"Health Specialties Teachers, Postsecondary"
Small/Companion Animal Surgery and Medicine.,1.8104,25-1099,"Health Specialties Teachers, Postsecondary"
Veterinary Anatomy.,1.8105,25-1099,"Health Specialties Teachers, Postsecondary"
Veterinary Infectious Diseases.,1.8106,25-1099,"Health Specialties Teachers, Postsecondary"
Veterinary Microbiology and Immunobiology.,1.8107,25-1099,"Health Specialties Teachers, Postsecondary"
Veterinary Pathology and Pathobiology.,1.8108,25-1099,"Health Specialties Teachers, Postsecondary"
Veterinary Physiology.,1.8109,25-1099,"Health Specialties Teachers, Postsecondary"
"Veterinary Preventive Medicine, Epidemiology, and Public Health.",1.811,25-1099,"Health Specialties Teachers, Postsecondary"
Veterinary Toxicology and Pharmacology.,1.8111,25-1099,"Health Specialties Teachers, Postsecondary"
"Veterinary Biomedical and Clinical Sciences, Other.",1.8199,25-1099,"Health Specialties Teachers, Postsecondary"
Veterinary/Animal Health Technology/Technician and Veterinary Assistant.,1.8301,25-1099,"Health Specialties Teachers, Postsecondary"
Health Occupations Teacher Education.,13.1327,25-1099,"Health Specialties Teachers, Postsecondary"
Cell/Cellular Biology and Histology.,26.0401,25-1099,"Health Specialties Teachers, Postsecondary"
Anatomy.,26.0403,25-1099,"Health Specialties Teachers, Postsecondary"
Developmental Biology and Embryology.,26.0404,25-1099,"Health Specialties Teachers, Postsecondary"
Medical Microbiology and Bacteriology.,26.0503,25-1099,"Health Specialties Teachers, Postsecondary"
Biomechanics.,26.0913,25-1099,"Health Specialties Teachers, Postsecondary"
"Physiology, Pathology, and Related Sciences, Other.",26.0999,25-1099,"Health Specialties Teachers, Postsecondary"
Pharmacology.,26.1001,25-1099,"Health Specialties Teachers, Postsecondary"
Molecular Pharmacology.,26.1002,25-1099,"Health Specialties Teachers, Postsecondary"
Neuropharmacology.,26.1003,25-1099,"Health Specialties Teachers, Postsecondary"
Toxicology.,26.1004,25-1099,"Health Specialties Teachers, Postsecondary"
Molecular Toxicology.,26.1005,25-1099,"Health Specialties Teachers, Postsecondary"
Environmental Toxicology.,26.1006,25-1099,"Health Specialties Teachers, Postsecondary"
Pharmacology and Toxicology.,26.1007,25-1099,"Health Specialties Teachers, Postsecondary"
"Pharmacology and Toxicology, Other.",26.1099,25-1099,"Health Specialties Teachers, Postsecondary"
Biostatistics.,26.1102,25-1099,"Health Specialties Teachers, Postsecondary"
Epidemiology.,26.1309,25-1099,"Health Specialties Teachers, Postsecondary"
Epidemiology and Biostatistics.,26.1311,25-1099,"Health Specialties Teachers, Postsecondary"
Gerontology.,30.1101,25-1099,"Health Specialties Teachers, Postsecondary"
Nutrition Sciences.,30.1901,25-1099,"Health Specialties Teachers, Postsecondary"
Psychopharmacology.,42.2709,25-1099,"Health Specialties Teachers, Postsecondary"
Health Policy Analysis.,44.0503,25-1099,"Health Specialties Teachers, Postsecondary"
Chiropractic.,51.0101,25-1099,"Health Specialties Teachers, Postsecondary"
"Communication Sciences and Disorders, General.",51.0201,25-1099,"Health Specialties Teachers, Postsecondary"
Audiology/Audiologist.,51.0202,25-1099,"Health Specialties Teachers, Postsecondary"
Speech-Language Pathology/Pathologist.,51.0203,25-1099,"Health Specialties Teachers, Postsecondary"
Audiology/Audiologist and Speech-Language Pathology/Pathologist.,51.0204,25-1099,"Health Specialties Teachers, Postsecondary"
"Communication Disorders Sciences and Services, Other.",51.0299,25-1099,"Health Specialties Teachers, Postsecondary"
Dentistry.,51.0401,25-1099,"Health Specialties Teachers, Postsecondary"
"Dental Clinical Sciences, General.",51.0501,25-1099,"Health Specialties Teachers, Postsecondary"
Advanced General Dentistry.,51.0502,25-1099,"Health Specialties Teachers, Postsecondary"
Dental Public Health and Education.,51.0504,25-1099,"Health Specialties Teachers, Postsecondary"
Dental Materials.,51.0505,25-1099,"Health Specialties Teachers, Postsecondary"
Endodontics/Endodontology.,51.0506,25-1099,"Health Specialties Teachers, Postsecondary"
Oral/Maxillofacial Surgery.,51.0507,25-1099,"Health Specialties Teachers, Postsecondary"
Orthodontics/Orthodontology.,51.0508,25-1099,"Health Specialties Teachers, Postsecondary"
Pediatric Dentistry/Pedodontics.,51.0509,25-1099,"Health Specialties Teachers, Postsecondary"
Periodontics/Periodontology.,51.051,25-1099,"Health Specialties Teachers, Postsecondary"
Prosthodontics/Prosthodontology.,51.0511,25-1099,"Health Specialties Teachers, Postsecondary"
Digital Dentistry.,51.0512,25-1099,"Health Specialties Teachers, Postsecondary"
Geriatric Dentistry.,51.0513,25-1099,"Health Specialties Teachers, Postsecondary"
Implantology/Implant Dentistry.,51.0514,25-1099,"Health Specialties Teachers, Postsecondary"
"Advanced/Graduate Dentistry and Oral Sciences, Other.",51.0599,25-1099,"Health Specialties Teachers, Postsecondary"
Dental Assisting/Assistant.,51.0601,25-1099,"Health Specialties Teachers, Postsecondary"
Dental Hygiene/Hygienist.,51.0602,25-1099,"Health Specialties Teachers, Postsecondary"
Dental Laboratory Technology/Technician.,51.0603,25-1099,"Health Specialties Teachers, Postsecondary"
Medical/Clinical Assistant.,51.0801,25-1099,"Health Specialties Teachers, Postsecondary"
Clinical/Medical Laboratory Assistant.,51.0802,25-1099,"Health Specialties Teachers, Postsecondary"
Occupational Therapist Assistant.,51.0803,25-1099,"Health Specialties Teachers, Postsecondary"
Pharmacy Technician/Assistant.,51.0805,25-1099,"Health Specialties Teachers, Postsecondary"
Cardiovascular Technology/Technologist.,51.0901,25-1099,"Health Specialties Teachers, Postsecondary"
Electrocardiograph Technology/Technician.,51.0902,25-1099,"Health Specialties Teachers, Postsecondary"
Electroneurodiagnostic/Electroencephalographic Technology/Technologist.,51.0903,25-1099,"Health Specialties Teachers, Postsecondary"
Emergency Medical Technology/Technician (EMT Paramedic).,51.0904,25-1099,"Health Specialties Teachers, Postsecondary"
Nuclear Medical Technology/Technologist.,51.0905,25-1099,"Health Specialties Teachers, Postsecondary"
Perfusion Technology/Perfusionist.,51.0906,25-1099,"Health Specialties Teachers, Postsecondary"
Medical Radiologic Technology/Science - Radiation Therapist.,51.0907,25-1099,"Health Specialties Teachers, Postsecondary"
Respiratory Care Therapy/Therapist.,51.0908,25-1099,"Health Specialties Teachers, Postsecondary"
Surgical Technology/Technologist.,51.0909,25-1099,"Health Specialties Teachers, Postsecondary"
Diagnostic Medical Sonography/Sonographer and Ultrasound Technician.,51.091,25-1099,"Health Specialties Teachers, Postsecondary"
Radiologic Technology/Science - Radiographer.,51.0911,25-1099,"Health Specialties Teachers, Postsecondary"
Physician Assistant.,51.0912,25-1099,"Health Specialties Teachers, Postsecondary"
Athletic Training/Trainer.,51.0913,25-1099,"Health Specialties Teachers, Postsecondary"
Gene/Genetic Therapy.,51.0914,25-1099,"Health Specialties Teachers, Postsecondary"
Cardiopulmonary Technology/Technologist.,51.0915,25-1099,"Health Specialties Teachers, Postsecondary"
Radiation Protection/Health Physics Technician.,51.0916,25-1099,"Health Specialties Teachers, Postsecondary"
Polysomnography.,51.0917,25-1099,"Health Specialties Teachers, Postsecondary"
Mammography Technology/Technician.,51.0919,25-1099,"Health Specialties Teachers, Postsecondary"
Magnetic Resonance Imaging (MRI) Technology/Technician.,51.092,25-1099,"Health Specialties Teachers, Postsecondary"
Hyperbaric Medicine Technology/Technician.,51.0921,25-1099,"Health Specialties Teachers, Postsecondary"
Intraoperative Neuromonitoring Technology/Technician.,51.0922,25-1099,"Health Specialties Teachers, Postsecondary"
Orthopedic Technology/Technician.,51.0923,25-1099,"Health Specialties Teachers, Postsecondary"
"Allied Health Diagnostic, Intervention, and Treatment Professions, Other.",51.0999,25-1099,"Health Specialties Teachers, Postsecondary"
Blood Bank Technology Specialist.,51.1001,25-1099,"Health Specialties Teachers, Postsecondary"
Cytotechnology/Cytotechnologist.,51.1002,25-1099,"Health Specialties Teachers, Postsecondary"
Hematology Technology/Technician.,51.1003,25-1099,"Health Specialties Teachers, Postsecondary"
Clinical/Medical Laboratory Technician.,51.1004,25-1099,"Health Specialties Teachers, Postsecondary"
Clinical Laboratory Science/Medical Technology/Technologist.,51.1005,25-1099,"Health Specialties Teachers, Postsecondary"
Ophthalmic Laboratory Technology/Technician.,51.1006,25-1099,"Health Specialties Teachers, Postsecondary"
Histologic Technology/Histotechnologist.,51.1007,25-1099,"Health Specialties Teachers, Postsecondary"
Histologic Technician.,51.1008,25-1099,"Health Specialties Teachers, Postsecondary"
Phlebotomy Technician/Phlebotomist.,51.1009,25-1099,"Health Specialties Teachers, Postsecondary"
Cytogenetics/Genetics/Clinical Genetics Technology/Technologist.,51.101,25-1099,"Health Specialties Teachers, Postsecondary"
Renal/Dialysis Technologist/Technician.,51.1011,25-1099,"Health Specialties Teachers, Postsecondary"
Sterile Processing Technology/Technician.,51.1012,25-1099,"Health Specialties Teachers, Postsecondary"
"Clinical/Medical Laboratory Science and Allied Professions, Other.",51.1099,25-1099,"Health Specialties Teachers, Postsecondary"
Tropical Medicine.,51.1405,25-1099,"Health Specialties Teachers, Postsecondary"
Substance Abuse/Addiction Counseling.,51.1501,25-1099,"Health Specialties Teachers, Postsecondary"
Pharmacy.,51.2001,25-1099,"Health Specialties Teachers, Postsecondary"
Pharmacy Administration and Pharmacy Policy and Regulatory Affairs.,51.2002,25-1099,"Health Specialties Teachers, Postsecondary"
Pharmaceutics and Drug Design.,51.2003,25-1099,"Health Specialties Teachers, Postsecondary"
Medicinal and Pharmaceutical Chemistry.,51.2004,25-1099,"Health Specialties Teachers, Postsecondary"
Natural Products Chemistry and Pharmacognosy.,51.2005,25-1099,"Health Specialties Teachers, Postsecondary"
Clinical and Industrial Drug Development.,51.2006,25-1099,"Health Specialties Teachers, Postsecondary"
Pharmacoeconomics/Pharmaceutical Economics.,51.2007,25-1099,"Health Specialties Teachers, Postsecondary"
"Clinical, Hospital, and Managed Care Pharmacy.",51.2008,25-1099,"Health Specialties Teachers, Postsecondary"
Industrial and Physical Pharmacy and Cosmetic Sciences.,51.2009,25-1099,"Health Specialties Teachers, Postsecondary"
Pharmaceutical Sciences.,51.201,25-1099,"Health Specialties Teachers, Postsecondary"
Pharmaceutical Marketing and Management.,51.2011,25-1099,"Health Specialties Teachers, Postsecondary"
"Pharmacy, Pharmaceutical Sciences, and Administration, Other.",51.2099,25-1099,"Health Specialties Teachers, Postsecondary"
"Public Health, General.",51.2201,25-1099,"Health Specialties Teachers, Postsecondary"
Environmental Health.,51.2202,25-1099,"Health Specialties Teachers, Postsecondary"
Health/Medical  Physics.,51.2205,25-1099,"Health Specialties Teachers, Postsecondary"
Occupational Health and Industrial Hygiene.,51.2206,25-1099,"Health Specialties Teachers, Postsecondary"
Public Health Education and Promotion.,51.2207,25-1099,"Health Specialties Teachers, Postsecondary"
Community Health and Preventive Medicine.,51.2208,25-1099,"Health Specialties Teachers, Postsecondary"
Maternal and Child Health.,51.2209,25-1099,"Health Specialties Teachers, Postsecondary"
Behavioral Aspects of Health.,51.2212,25-1099,"Health Specialties Teachers, Postsecondary"
Patient Safety and Healthcare Quality.,51.2213,25-1099,"Health Specialties Teachers, Postsecondary"
Public Health Genetics.,51.2214,25-1099,"Health Specialties Teachers, Postsecondary"
"Public Health, Other.",51.2299,25-1099,"Health Specialties Teachers, Postsecondary"
"Rehabilitation and Therapeutic Professions, General.",51.23,25-1099,"Health Specialties Teachers, Postsecondary"
Art Therapy/Therapist.,51.2301,25-1099,"Health Specialties Teachers, Postsecondary"
Dance Therapy/Therapist.,51.2302,25-1099,"Health Specialties Teachers, Postsecondary"
Music Therapy/Therapist.,51.2305,25-1099,"Health Specialties Teachers, Postsecondary"
Occupational Therapy/Therapist.,51.2306,25-1099,"Health Specialties Teachers, Postsecondary"
Orthotist/Prosthetist.,51.2307,25-1099,"Health Specialties Teachers, Postsecondary"
Physical Therapy/Therapist.,51.2308,25-1099,"Health Specialties Teachers, Postsecondary"
Therapeutic Recreation/Recreational Therapy.,51.2309,25-1099,"Health Specialties Teachers, Postsecondary"
Vocational Rehabilitation Counseling/Counselor.,51.231,25-1099,"Health Specialties Teachers, Postsecondary"
Animal-Assisted Therapy.,51.2313,25-1099,"Health Specialties Teachers, Postsecondary"
Rehabilitation Science.,51.2314,25-1099,"Health Specialties Teachers, Postsecondary"
Drama Therapy/Therapist.,51.2315,25-1099,"Health Specialties Teachers, Postsecondary"
Horticulture Therapy/Therapist.,51.2316,25-1099,"Health Specialties Teachers, Postsecondary"
Play Therapy/Therapist.,51.2317,25-1099,"Health Specialties Teachers, Postsecondary"
"Rehabilitation and Therapeutic Professions, Other.",51.2399,25-1099,"Health Specialties Teachers, Postsecondary"
Health Professions Education.,51.3202,25-1099,"Health Specialties Teachers, Postsecondary"
Massage Therapy/Therapeutic Massage.,51.3501,25-1099,"Health Specialties Teachers, Postsecondary"
Asian Bodywork Therapy.,51.3502,25-1099,"Health Specialties Teachers, Postsecondary"
Somatic Bodywork.,51.3503,25-1099,"Health Specialties Teachers, Postsecondary"
"Somatic Bodywork and Related Therapeutic Services, Other.",51.3599,25-1099,"Health Specialties Teachers, Postsecondary"
Hypnotherapy/Hypnotherapist.,51.3603,25-1099,"Health Specialties Teachers, Postsecondary"
"Combined Medical Residency/Fellowship Program, General.",61.0101,25-1099,"Health Specialties Teachers, Postsecondary"
Diagnostic Radiology/Nuclear Medicine Combined Specialty Program.,61.0102,25-1099,"Health Specialties Teachers, Postsecondary"
Emergency Medicine/Anesthesiology Combined Specialty Program.,61.0103,25-1099,"Health Specialties Teachers, Postsecondary"
Family Medicine/Emergency Medicine Combined Specialty Program.,61.0104,25-1099,"Health Specialties Teachers, Postsecondary"
Family Medicine/Osteopathic Neuromusculoskeletal Medicine Combined Specialty Program.,61.0105,25-1099,"Health Specialties Teachers, Postsecondary"
Family Medicine/Preventive Medicine Combined Specialty Program.,61.0106,25-1099,"Health Specialties Teachers, Postsecondary"
Family Medicine/Psychiatry Combined Specialty Program.,61.0107,25-1099,"Health Specialties Teachers, Postsecondary"
Internal Medicine/Anesthesiology Combined Specialty Program.,61.0108,25-1099,"Health Specialties Teachers, Postsecondary"
Internal Medicine/Dermatology Combined Specialty Program.,61.0109,25-1099,"Health Specialties Teachers, Postsecondary"
Internal Medicine/Emergency Medicine Combined Specialty Program.,61.011,25-1099,"Health Specialties Teachers, Postsecondary"
Internal Medicine/Emergency Medicine/Critical Care Medicine Combined Specialty Program.,61.0111,25-1099,"Health Specialties Teachers, Postsecondary"
Internal Medicine/Family Medicine Combined Specialty Program.,61.0112,25-1099,"Health Specialties Teachers, Postsecondary"
Internal Medicine/Medical Genetics and Genomics Combined Specialty Program.,61.0113,25-1099,"Health Specialties Teachers, Postsecondary"
Internal Medicine/Neurology Combined Specialty Program.,61.0114,25-1099,"Health Specialties Teachers, Postsecondary"
Internal Medicine/Pediatrics Combined Specialty Program.,61.0115,25-1099,"Health Specialties Teachers, Postsecondary"
Internal Medicine/Preventive Medicine Combined Specialty Program.,61.0116,25-1099,"Health Specialties Teachers, Postsecondary"
Internal Medicine/Psychiatry Combined Specialty Program.,61.0117,25-1099,"Health Specialties Teachers, Postsecondary"
Medical Genetics and Genomics/Maternal-Fetal Medicine Combined Specialty Program.,61.0118,25-1099,"Health Specialties Teachers, Postsecondary"
Pediatrics/Anesthesiology Combined Specialty Program.,61.0119,25-1099,"Health Specialties Teachers, Postsecondary"
Pediatrics/Emergency Medicine Combined Specialty Program.,61.012,25-1099,"Health Specialties Teachers, Postsecondary"
Pediatrics/Medical Genetics and Genomics Combined Specialty Program.,61.0121,25-1099,"Health Specialties Teachers, Postsecondary"
Pediatrics/Physical Medicine & Rehabilitation Combined Specialty Program.,61.0122,25-1099,"Health Specialties Teachers, Postsecondary"
Pediatrics/Psychology/Child-Adolescent Psychology Combined Specialty Program.,61.0123,25-1099,"Health Specialties Teachers, Postsecondary"
Psychiatry/Neurology Combined Specialty Program.,61.0124,25-1099,"Health Specialties Teachers, Postsecondary"
Reproductive Endocrinology and Infertility/Medical Genetics and Genomics Combined Specialty Program.,61.0125,25-1099,"Health Specialties Teachers, Postsecondary"
"Combined Medical Residency/Fellowship Programs, Other.",61.0199,25-1099,"Health Specialties Teachers, Postsecondary"
Critical Care Medicine Fellowship Program.,61.0202,25-1099,"Health Specialties Teachers, Postsecondary"
Geriatric Medicine Fellowship Program.,61.0203,25-1099,"Health Specialties Teachers, Postsecondary"
Health Policy Fellowship Program.,61.0204,25-1099,"Health Specialties Teachers, Postsecondary"
Hospice and Palliative Medicine Fellowship Program.,61.0205,25-1099,"Health Specialties Teachers, Postsecondary"
Integrative Medicine Fellowship Program.,61.0206,25-1099,"Health Specialties Teachers, Postsecondary"
Medical Education Fellowship Program.,61.0207,25-1099,"Health Specialties Teachers, Postsecondary"
Medical Toxicology Fellowship Program.,61.0208,25-1099,"Health Specialties Teachers, Postsecondary"
Neuromuscular Medicine Fellowship Program.,61.0209,25-1099,"Health Specialties Teachers, Postsecondary"
Pain Medicine Fellowship Program.,61.021,25-1099,"Health Specialties Teachers, Postsecondary"
Simulation Fellowship Program.,61.0211,25-1099,"Health Specialties Teachers, Postsecondary"
Sleep Medicine Fellowship Program.,61.0212,25-1099,"Health Specialties Teachers, Postsecondary"
Sports Medicine Fellowship Program.,61.0213,25-1099,"Health Specialties Teachers, Postsecondary"
Surgery of the Hand Fellowship Program.,61.0214,25-1099,"Health Specialties Teachers, Postsecondary"
Telemedicine Fellowship Program.,61.0215,25-1099,"Health Specialties Teachers, Postsecondary"
Undersea and Hyperbaric Medicine Fellowship Program.,61.0216,25-1099,"Health Specialties Teachers, Postsecondary"
Wilderness Medicine Fellowship Program.,61.0217,25-1099,"Health Specialties Teachers, Postsecondary"
Women's Health Fellowship Program.,61.0218,25-1099,"Health Specialties Teachers, Postsecondary"
"Multiple-Pathway Medical Fellowship Programs, Other.",61.0299,25-1099,"Health Specialties Teachers, Postsecondary"
Allergy and Immunology Fellowship Program.,61.0301,25-1099,"Health Specialties Teachers, Postsecondary"
"Allergy and Immunology Residency/Fellowship Programs, Other.",61.0399,25-1099,"Health Specialties Teachers, Postsecondary"
Anesthesiology Residency Program.,61.0401,25-1099,"Health Specialties Teachers, Postsecondary"
"Anesthesiology Residency/Fellowship Programs, Other.",61.0499,25-1099,"Health Specialties Teachers, Postsecondary"
Dermatology Residency Program.,61.0501,25-1099,"Health Specialties Teachers, Postsecondary"
Dermatopathology Fellowship Program.,61.0502,25-1099,"Health Specialties Teachers, Postsecondary"
Pediatric Dermatology Fellowship Program.,61.0503,25-1099,"Health Specialties Teachers, Postsecondary"
"Dermatology Residency/Fellowship Programs, Other.",61.0599,25-1099,"Health Specialties Teachers, Postsecondary"
Emergency Medicine Residency Program.,61.0601,25-1099,"Health Specialties Teachers, Postsecondary"
Disaster Medicine Fellowship Program.,61.0602,25-1099,"Health Specialties Teachers, Postsecondary"
Emergency Medical Services Fellowship Program.,61.0603,25-1099,"Health Specialties Teachers, Postsecondary"
"Emergency Medicine Residency/Fellowship Programs, Other.",61.0699,25-1099,"Health Specialties Teachers, Postsecondary"
Family Medicine Residency Program.,61.0701,25-1099,"Health Specialties Teachers, Postsecondary"
"Family Medicine Residency/Fellowship Programs, Other.",61.0799,25-1099,"Health Specialties Teachers, Postsecondary"
Internal Medicine Residency Program.,61.0801,25-1099,"Health Specialties Teachers, Postsecondary"
Cardiovascular Disease Fellowship Program.,61.0804,25-1099,"Health Specialties Teachers, Postsecondary"
Clinical Cardiac Electrophysiology Fellowship Program.,61.0805,25-1099,"Health Specialties Teachers, Postsecondary"
"Endocrinology, Diabetes, and Metabolism Fellowship Program.",61.0806,25-1099,"Health Specialties Teachers, Postsecondary"
Gastroenterology Fellowship Program.,61.0807,25-1099,"Health Specialties Teachers, Postsecondary"
Hematology Fellowship Program.,61.0808,25-1099,"Health Specialties Teachers, Postsecondary"
Hematology-Oncology Fellowship Program.,61.0809,25-1099,"Health Specialties Teachers, Postsecondary"
Infectious Disease Fellowship Program.,61.081,25-1099,"Health Specialties Teachers, Postsecondary"
Interventional Cardiology Fellowship Program.,61.0811,25-1099,"Health Specialties Teachers, Postsecondary"
Nephrology Fellowship Program.,61.0812,25-1099,"Health Specialties Teachers, Postsecondary"
Medical Oncology Fellowship Program.,61.0813,25-1099,"Health Specialties Teachers, Postsecondary"
Pulmonary Disease Fellowship Program.,61.0814,25-1099,"Health Specialties Teachers, Postsecondary"
Rheumatology Fellowship Program.,61.0816,25-1099,"Health Specialties Teachers, Postsecondary"
Transplant Hepatology Fellowship Program.,61.0818,25-1099,"Health Specialties Teachers, Postsecondary"
"Internal Medicine Residency/Fellowship Programs, Other.",61.0899,25-1099,"Health Specialties Teachers, Postsecondary"
Clinical Biochemical Genetics Residency Program.,61.0901,25-1099,"Health Specialties Teachers, Postsecondary"
Clinical Genetics and Genomics Residency Program.,61.0902,25-1099,"Health Specialties Teachers, Postsecondary"
Laboratory Genetics and Genomics Residency Program.,61.0903,25-1099,"Health Specialties Teachers, Postsecondary"
Medical Biochemical Genetics Residency Program.,61.0904,25-1099,"Health Specialties Teachers, Postsecondary"
"Medical Genetics and Genomics Residency/Fellowship Programs, Other.",61.0999,25-1099,"Health Specialties Teachers, Postsecondary"
Neurological Surgery Residency Program.,61.1001,25-1099,"Health Specialties Teachers, Postsecondary"
"Neurological Surgery Residency/Fellowship Programs, Other.",61.1099,25-1099,"Health Specialties Teachers, Postsecondary"
Neurology Residency Program.,61.1101,25-1099,"Health Specialties Teachers, Postsecondary"
Child Neurology Residency Program.,61.1102,25-1099,"Health Specialties Teachers, Postsecondary"
Clinical Neurophysiology Fellowship Program.,61.1103,25-1099,"Health Specialties Teachers, Postsecondary"
Epilepsy Fellowship Program.,61.1104,25-1099,"Health Specialties Teachers, Postsecondary"
Headache Medicine Fellowship Program.,61.1105,25-1099,"Health Specialties Teachers, Postsecondary"
Neurodevelopmental Disabilities Fellowship Program.,61.1106,25-1099,"Health Specialties Teachers, Postsecondary"
Vascular Neurology Fellowship Program.,61.1107,25-1099,"Health Specialties Teachers, Postsecondary"
"Neurology Residency/Fellowship Programs, Other.",61.1199,25-1099,"Health Specialties Teachers, Postsecondary"
Nuclear Medicine Residency Program.,61.1201,25-1099,"Health Specialties Teachers, Postsecondary"
"Nuclear Medicine Residency/Fellowship Programs, Other.",61.1299,25-1099,"Health Specialties Teachers, Postsecondary"
Obstetrics and Gynecology Residency Program.,61.1301,25-1099,"Health Specialties Teachers, Postsecondary"
Gynecologic Oncology Fellowship Program.,61.1302,25-1099,"Health Specialties Teachers, Postsecondary"
Maternal and Fetal Medicine Fellowship Program.,61.1303,25-1099,"Health Specialties Teachers, Postsecondary"
Reproductive Endocrinology/Infertility Fellowship Program.,61.1304,25-1099,"Health Specialties Teachers, Postsecondary"
"Obstetrics and Gynecology Residency/Fellowship Programs, Other.",61.1399,25-1099,"Health Specialties Teachers, Postsecondary"
Ophthalmology Residency Program.,61.1401,25-1099,"Health Specialties Teachers, Postsecondary"
"Ophthalmology Residency/Fellowship Programs, Other.",61.1499,25-1099,"Health Specialties Teachers, Postsecondary"
Orthopedic Surgery Residency Program.,61.1501,25-1099,"Health Specialties Teachers, Postsecondary"
Musculoskeletal Oncology Fellowship Program.,61.1502,25-1099,"Health Specialties Teachers, Postsecondary"
Orthopedic Sports Medicine Fellowship Program.,61.1503,25-1099,"Health Specialties Teachers, Postsecondary"
Orthopedic Surgery of the Spine Fellowship Program.,61.1504,25-1099,"Health Specialties Teachers, Postsecondary"
Pediatric Orthopedics Fellowship Program.,61.1505,25-1099,"Health Specialties Teachers, Postsecondary"
"Orthopedic Surgery Residency/Fellowship Programs, Other.",61.1599,25-1099,"Health Specialties Teachers, Postsecondary"
Osteopathic Neuromusculoskeletal Medicine Residency Program.,61.1601,25-1099,"Health Specialties Teachers, Postsecondary"
"Osteopathic Medicine Residency/Fellowship Programs, Other.",61.1699,25-1099,"Health Specialties Teachers, Postsecondary"
Otolaryngology Residency Program.,61.1701,25-1099,"Health Specialties Teachers, Postsecondary"
Neurotology Fellowship Program.,61.1702,25-1099,"Health Specialties Teachers, Postsecondary"
Pediatric Otolaryngology Fellowship Program.,61.1703,25-1099,"Health Specialties Teachers, Postsecondary"
"Otolaryngology Residency/Fellowship Programs, Other.",61.1799,25-1099,"Health Specialties Teachers, Postsecondary"
Combined Anatomic and Clinical Pathology Residency Program.,61.1801,25-1099,"Health Specialties Teachers, Postsecondary"
Anatomic Pathology Residency Program.,61.1802,25-1099,"Health Specialties Teachers, Postsecondary"
Clinical Pathology Residency Program.,61.1803,25-1099,"Health Specialties Teachers, Postsecondary"
Blood Banking/Transfusion Medicine Fellowship Program.,61.1804,25-1099,"Health Specialties Teachers, Postsecondary"
Chemical Pathology Fellowship Program.,61.1805,25-1099,"Health Specialties Teachers, Postsecondary"
Cytopathology Fellowship Program.,61.1806,25-1099,"Health Specialties Teachers, Postsecondary"
Forensic Pathology Fellowship Program.,61.1807,25-1099,"Health Specialties Teachers, Postsecondary"
Hematological Pathology Fellowship Program.,61.1808,25-1099,"Health Specialties Teachers, Postsecondary"
Immunopathology Fellowship Program.,61.1809,25-1099,"Health Specialties Teachers, Postsecondary"
Laboratory Medicine Fellowship Program.,61.181,25-1099,"Health Specialties Teachers, Postsecondary"
Medical Microbiology Fellowship Program.,61.1811,25-1099,"Health Specialties Teachers, Postsecondary"
Molecular Genetic Pathology Fellowship Program.,61.1812,25-1099,"Health Specialties Teachers, Postsecondary"
Neuropathology Fellowship Program.,61.1813,25-1099,"Health Specialties Teachers, Postsecondary"
Pediatric Pathology Fellowship Program.,61.1814,25-1099,"Health Specialties Teachers, Postsecondary"
Radioisotopic Pathology Fellowship Program.,61.1815,25-1099,"Health Specialties Teachers, Postsecondary"
"Pathology Residency/Fellowship Programs, Other.",61.1899,25-1099,"Health Specialties Teachers, Postsecondary"
Pediatrics Residency Program.,61.1901,25-1099,"Health Specialties Teachers, Postsecondary"
Adolescent Medicine Fellowship Program.,61.1902,25-1099,"Health Specialties Teachers, Postsecondary"
Child Abuse Pediatrics Fellowship Program.,61.1903,25-1099,"Health Specialties Teachers, Postsecondary"
Developmental-Behavioral Pediatrics Fellowship Program.,61.1904,25-1099,"Health Specialties Teachers, Postsecondary"
Neonatal-Perinatal Medicine Fellowship Program.,61.1905,25-1099,"Health Specialties Teachers, Postsecondary"
Pediatric Cardiology Fellowship Program.,61.1906,25-1099,"Health Specialties Teachers, Postsecondary"
Pediatric Critical Care Medicine Fellowship Program.,61.1907,25-1099,"Health Specialties Teachers, Postsecondary"
Pediatric Emergency Medicine Fellowship Program.,61.1908,25-1099,"Health Specialties Teachers, Postsecondary"
Pediatric Endocrinology Fellowship Program.,61.1909,25-1099,"Health Specialties Teachers, Postsecondary"
Pediatric Gastroenterology Fellowship Program.,61.191,25-1099,"Health Specialties Teachers, Postsecondary"
Pediatric Hematology-Oncology Fellowship Program.,61.1911,25-1099,"Health Specialties Teachers, Postsecondary"
Pediatric Infectious Diseases Fellowship Program.,61.1912,25-1099,"Health Specialties Teachers, Postsecondary"
Pediatric Nephrology Fellowship Program.,61.1913,25-1099,"Health Specialties Teachers, Postsecondary"
Pediatric Pulmonology Fellowship Program.,61.1914,25-1099,"Health Specialties Teachers, Postsecondary"
Pediatric Rheumatology Fellowship Program.,61.1915,25-1099,"Health Specialties Teachers, Postsecondary"
Pediatric Transplant Hepatology Fellowship Program.,61.1917,25-1099,"Health Specialties Teachers, Postsecondary"
"Pediatrics Residency/Fellowship Programs, Other.",61.1999,25-1099,"Health Specialties Teachers, Postsecondary"
Physical Medicine and Rehabilitation Residency Program.,61.2001,25-1099,"Health Specialties Teachers, Postsecondary"
Spinal Cord Injury Medicine Fellowship Program.,61.2002,25-1099,"Health Specialties Teachers, Postsecondary"
Pediatric Rehabilitation Medicine Fellowship Program.,61.2003,25-1099,"Health Specialties Teachers, Postsecondary"
"Physical Medicine and Rehabilitation Residency/Fellowship Programs, Other.",61.2099,25-1099,"Health Specialties Teachers, Postsecondary"
Plastic Surgery Residency Program.,61.2101,25-1099,"Health Specialties Teachers, Postsecondary"
Integrated Plastic Surgery Residency Program.,61.2102,25-1099,"Health Specialties Teachers, Postsecondary"
Plastic Surgery Within the Head and Neck Fellowship Program.,61.2103,25-1099,"Health Specialties Teachers, Postsecondary"
"Plastic Surgery Residency/Fellowship Programs, Other.",61.2199,25-1099,"Health Specialties Teachers, Postsecondary"
Podiatric Medicine and Surgery Residency Program.,61.2201,25-1099,"Health Specialties Teachers, Postsecondary"
"Podiatric Medicine Residency/Fellowship Programs, Other.",61.2299,25-1099,"Health Specialties Teachers, Postsecondary"
Public Health and General Preventive Medicine Residency Program.,61.2301,25-1099,"Health Specialties Teachers, Postsecondary"
Aerospace Medicine Residency Program.,61.2302,25-1099,"Health Specialties Teachers, Postsecondary"
Occupational Medicine Residency Program.,61.2303,25-1099,"Health Specialties Teachers, Postsecondary"
"Preventive Medicine Residency/Fellowship Programs, Other.",61.2399,25-1099,"Health Specialties Teachers, Postsecondary"
Psychiatry Residency Program.,61.2401,25-1099,"Health Specialties Teachers, Postsecondary"
Addiction Psychiatry Fellowship Program.,61.2402,25-1099,"Health Specialties Teachers, Postsecondary"
Child and Adolescent Psychiatry Fellowship Program.,61.2403,25-1099,"Health Specialties Teachers, Postsecondary"
Consultation-Liaison Psychiatry Fellowship Program.,61.2404,25-1099,"Health Specialties Teachers, Postsecondary"
Forensic Psychiatry Fellowship Program.,61.2405,25-1099,"Health Specialties Teachers, Postsecondary"
Geriatric Psychiatry Fellowship Program.,61.2406,25-1099,"Health Specialties Teachers, Postsecondary"
"Psychiatry Residency/Fellowship Programs, Other.",61.2499,25-1099,"Health Specialties Teachers, Postsecondary"
Radiation Oncology Residency Program.,61.2501,25-1099,"Health Specialties Teachers, Postsecondary"
"Radiation Oncology Residency/Fellowship Programs, Other.",61.2599,25-1099,"Health Specialties Teachers, Postsecondary"
Diagnostic Radiology Residency Program.,61.2601,25-1099,"Health Specialties Teachers, Postsecondary"
Integrated Interventional Radiology Residency Program.,61.2602,25-1099,"Health Specialties Teachers, Postsecondary"
Abdominal Radiology Fellowship Program.,61.2603,25-1099,"Health Specialties Teachers, Postsecondary"
Diagnostic Radiologic Physics Residency Program.,61.2604,25-1099,"Health Specialties Teachers, Postsecondary"
Medical Nuclear Physics Residency Program.,61.2605,25-1099,"Health Specialties Teachers, Postsecondary"
Musculoskeletal Radiology Fellowship Program.,61.2606,25-1099,"Health Specialties Teachers, Postsecondary"
Neuroradiology Fellowship Program.,61.2607,25-1099,"Health Specialties Teachers, Postsecondary"
Nuclear Radiology Fellowship Program.,61.2608,25-1099,"Health Specialties Teachers, Postsecondary"
Pediatric Radiology Fellowship Program.,61.2609,25-1099,"Health Specialties Teachers, Postsecondary"
Radiologic Physics Residency Program.,61.261,25-1099,"Health Specialties Teachers, Postsecondary"
Therapeutic Radiologic Physics Residency Program.,61.2611,25-1099,"Health Specialties Teachers, Postsecondary"
Vascular and Interventional Radiology Fellowship Program.,61.2612,25-1099,"Health Specialties Teachers, Postsecondary"
"Radiology Residency/Fellowship Programs, Other.",61.2699,25-1099,"Health Specialties Teachers, Postsecondary"
General Surgery Residency Program.,61.2701,25-1099,"Health Specialties Teachers, Postsecondary"
Colon and Rectal Surgery Residency Program.,61.2702,25-1099,"Health Specialties Teachers, Postsecondary"
Complex General Surgical Oncology Fellowship Program.,61.2703,25-1099,"Health Specialties Teachers, Postsecondary"
Congenital Cardiac Surgery Fellowship Program.,61.2704,25-1099,"Health Specialties Teachers, Postsecondary"
Pediatric Surgery Fellowship Program.,61.2705,25-1099,"Health Specialties Teachers, Postsecondary"
Surgical Critical Care Fellowship Program.,61.2706,25-1099,"Health Specialties Teachers, Postsecondary"
Thoracic Surgery Fellowship Program.,61.2707,25-1099,"Health Specialties Teachers, Postsecondary"
Vascular Surgery Fellowship Program.,61.2708,25-1099,"Health Specialties Teachers, Postsecondary"
"Surgery Residency/Fellowship Programs, Other.",61.2799,25-1099,"Health Specialties Teachers, Postsecondary"
Urology Residency Program.,61.2801,25-1099,"Health Specialties Teachers, Postsecondary"
Pediatric Urology Fellowship Program.,61.2802,25-1099,"Health Specialties Teachers, Postsecondary"
"Urology Residency/Fellowship Programs, Other.",61.2899,25-1099,"Health Specialties Teachers, Postsecondary"
"Medical Residency/Fellowship Programs, Other.",61.9999,25-1099,"Health Specialties Teachers, Postsecondary"
Nursing Education.,51.3203,25-1099,"Nursing Instructors and Teachers, Postsecondary"
Registered Nursing/Registered Nurse.,51.3801,25-1099,"Nursing Instructors and Teachers, Postsecondary"
Adult Health Nurse/Nursing.,51.3803,25-1099,"Nursing Instructors and Teachers, Postsecondary"
Nurse Anesthetist.,51.3804,25-1099,"Nursing Instructors and Teachers, Postsecondary"
Family Practice Nurse/Nursing.,51.3805,25-1099,"Nursing Instructors and Teachers, Postsecondary"
Maternal/Child Health and Neonatal Nurse/Nursing.,51.3806,25-1099,"Nursing Instructors and Teachers, Postsecondary"
Nurse Midwife/Nursing Midwifery.,51.3807,25-1099,"Nursing Instructors and Teachers, Postsecondary"
Nursing Science.,51.3808,25-1099,"Nursing Instructors and Teachers, Postsecondary"
Pediatric Nurse/Nursing.,51.3809,25-1099,"Nursing Instructors and Teachers, Postsecondary"
Psychiatric/Mental Health Nurse/Nursing.,51.381,25-1099,"Nursing Instructors and Teachers, Postsecondary"
Public Health/Community Nurse/Nursing.,51.3811,25-1099,"Nursing Instructors and Teachers, Postsecondary"
Perioperative/Operating Room and Surgical Nurse/Nursing.,51.3812,25-1099,"Nursing Instructors and Teachers, Postsecondary"
Clinical Nurse Specialist.,51.3813,25-1099,"Nursing Instructors and Teachers, Postsecondary"
Critical Care Nursing.,51.3814,25-1099,"Nursing Instructors and Teachers, Postsecondary"
Occupational and Environmental Health Nursing.,51.3815,25-1099,"Nursing Instructors and Teachers, Postsecondary"
Emergency Room/Trauma Nursing.,51.3816,25-1099,"Nursing Instructors and Teachers, Postsecondary"
Nursing Practice.,51.3818,25-1099,"Nursing Instructors and Teachers, Postsecondary"
Palliative Care Nursing.,51.3819,25-1099,"Nursing Instructors and Teachers, Postsecondary"
Clinical Nurse Leader.,51.382,25-1099,"Nursing Instructors and Teachers, Postsecondary"
Geriatric Nurse/Nursing.,51.3821,25-1099,"Nursing Instructors and Teachers, Postsecondary"
Women's Health Nurse/Nursing.,51.3822,25-1099,"Nursing Instructors and Teachers, Postsecondary"
Forensic Nursing.,51.3824,25-1099,"Nursing Instructors and Teachers, Postsecondary"
"Registered Nursing, Nursing Administration, Nursing Research and Clinical Nursing, Other.",51.3899,25-1099,"Nursing Instructors and Teachers, Postsecondary"
"Education, General.",13.0101,25-1099,"Education Teachers, Postsecondary"
Bilingual and Multilingual Education.,13.0201,25-1099,"Education Teachers, Postsecondary"
Multicultural Education.,13.0202,25-1099,"Education Teachers, Postsecondary"
Indian/Native American Education.,13.0203,25-1099,"Education Teachers, Postsecondary"
"Bilingual, Multilingual, and Multicultural Education, Other.",13.0299,25-1099,"Education Teachers, Postsecondary"
Curriculum and Instruction.,13.0301,25-1099,"Education Teachers, Postsecondary"
Educational Evaluation and Research.,13.0601,25-1099,"Education Teachers, Postsecondary"
Educational Statistics and Research Methods.,13.0603,25-1099,"Education Teachers, Postsecondary"
"Educational Assessment, Testing, and Measurement.",13.0604,25-1099,"Education Teachers, Postsecondary"
Learning Sciences.,13.0607,25-1099,"Education Teachers, Postsecondary"
"Educational Assessment, Evaluation, and Research, Other.",13.0699,25-1099,"Education Teachers, Postsecondary"
Social and Philosophical Foundations of Education.,13.0901,25-1099,"Education Teachers, Postsecondary"
Education/Teaching of Individuals with Emotional Disturbances.,13.1005,25-1099,"Education Teachers, Postsecondary"
Education/Teaching of Individuals with Intellectual Disabilities.,13.1006,25-1099,"Education Teachers, Postsecondary"
Education/Teaching of Individuals with Multiple Disabilities.,13.1007,25-1099,"Education Teachers, Postsecondary"
Education/Teaching of Individuals with Orthopedic and Other Physical Health Impairments.,13.1008,25-1099,"Education Teachers, Postsecondary"
Education/Teaching of Individuals with Vision Impairments Including Blindness.,13.1009,25-1099,"Education Teachers, Postsecondary"
Education/Teaching of Individuals with Specific Learning Disabilities.,13.1011,25-1099,"Education Teachers, Postsecondary"
Education/Teaching of Individuals with Speech or Language Impairments.,13.1012,25-1099,"Education Teachers, Postsecondary"
Education/Teaching of Individuals with Autism.,13.1013,25-1099,"Education Teachers, Postsecondary"
Education/Teaching of Individuals Who are Developmentally Delayed.,13.1014,25-1099,"Education Teachers, Postsecondary"
Education/Teaching of Individuals in Early Childhood Special Education Programs.,13.1015,25-1099,"Education Teachers, Postsecondary"
Education/Teaching of Individuals with Traumatic Brain Injuries.,13.1016,25-1099,"Education Teachers, Postsecondary"
Education/Teaching of Individuals in Elementary Special Education Programs.,13.1017,25-1099,"Education Teachers, Postsecondary"
Education/Teaching of Individuals in Junior High/Middle School Special Education Programs.,13.1018,25-1099,"Education Teachers, Postsecondary"
Education/Teaching of Individuals in Secondary Special Education Programs.,13.1019,25-1099,"Education Teachers, Postsecondary"
"Special Education and Teaching, Other.",13.1099,25-1099,"Education Teachers, Postsecondary"
Elementary Education and Teaching.,13.1202,25-1099,"Education Teachers, Postsecondary"
Junior High/Intermediate/Middle School Education and Teaching.,13.1203,25-1099,"Education Teachers, Postsecondary"
Secondary Education and Teaching.,13.1205,25-1099,"Education Teachers, Postsecondary"
"Teacher Education, Multiple Levels.",13.1206,25-1099,"Education Teachers, Postsecondary"
Montessori Teacher Education.,13.1207,25-1099,"Education Teachers, Postsecondary"
Waldorf/Steiner Teacher Education.,13.1208,25-1099,"Education Teachers, Postsecondary"
Kindergarten/Preschool Education and Teaching.,13.1209,25-1099,"Education Teachers, Postsecondary"
Early Childhood Education and Teaching.,13.121,25-1099,"Education Teachers, Postsecondary"
Online Educator/Online Teaching.,13.1211,25-1099,"Education Teachers, Postsecondary"
"Science, Technology, Engineering, and Mathematics (STEM) Educational Methods.",13.1213,25-1099,"Education Teachers, Postsecondary"
College/Postsecondary/University Teaching.,13.1214,25-1099,"Education Teachers, Postsecondary"
Agricultural Teacher Education.,13.1301,25-1099,"Education Teachers, Postsecondary"
Art Teacher Education.,13.1302,25-1099,"Education Teachers, Postsecondary"
Business and Innovation/Entrepreneurship Teacher Education.,13.1303,25-1099,"Education Teachers, Postsecondary"
Driver and Safety Teacher Education.,13.1304,25-1099,"Education Teachers, Postsecondary"
English/Language Arts Teacher Education.,13.1305,25-1099,"Education Teachers, Postsecondary"
Foreign Language Teacher  Education.,13.1306,25-1099,"Education Teachers, Postsecondary"
Health Teacher Education.,13.1307,25-1099,"Education Teachers, Postsecondary"
Family and Consumer Sciences/Home Economics Teacher Education.,13.1308,25-1099,"Education Teachers, Postsecondary"
Technology Teacher Education/Industrial Arts Teacher Education.,13.1309,25-1099,"Education Teachers, Postsecondary"
Sales and Marketing Operations/Marketing and Distribution   Teacher Education.,13.131,25-1099,"Education Teachers, Postsecondary"
Mathematics Teacher Education.,13.1311,25-1099,"Education Teachers, Postsecondary"
Music Teacher Education.,13.1312,25-1099,"Education Teachers, Postsecondary"
Physical Education Teaching and Coaching.,13.1314,25-1099,"Education Teachers, Postsecondary"
Reading Teacher Education.,13.1315,25-1099,"Education Teachers, Postsecondary"
Science Teacher Education/General Science Teacher Education.,13.1316,25-1099,"Education Teachers, Postsecondary"
Social Science Teacher Education.,13.1317,25-1099,"Education Teachers, Postsecondary"
Technical Teacher Education.,13.1319,25-1099,"Education Teachers, Postsecondary"
Trade and Industrial Teacher Education.,13.132,25-1099,"Education Teachers, Postsecondary"
Computer Teacher Education.,13.1321,25-1099,"Education Teachers, Postsecondary"
Biology Teacher Education.,13.1322,25-1099,"Education Teachers, Postsecondary"
Chemistry Teacher Education.,13.1323,25-1099,"Education Teachers, Postsecondary"
Drama and Dance Teacher Education.,13.1324,25-1099,"Education Teachers, Postsecondary"
French Language Teacher Education.,13.1325,25-1099,"Education Teachers, Postsecondary"
German Language Teacher Education.,13.1326,25-1099,"Education Teachers, Postsecondary"
History Teacher Education.,13.1328,25-1099,"Education Teachers, Postsecondary"
Physics Teacher Education.,13.1329,25-1099,"Education Teachers, Postsecondary"
Spanish Language Teacher Education.,13.133,25-1099,"Education Teachers, Postsecondary"
Speech Teacher Education.,13.1331,25-1099,"Education Teachers, Postsecondary"
Geography Teacher Education.,13.1332,25-1099,"Education Teachers, Postsecondary"
Earth Science Teacher Education.,13.1337,25-1099,"Education Teachers, Postsecondary"
Environmental Education.,13.1338,25-1099,"Education Teachers, Postsecondary"
Communication Arts and Literature Teacher Education.,13.1339,25-1099,"Education Teachers, Postsecondary"
"Teacher Education and Professional Development, Specific Subject Areas, Other.",13.1399,25-1099,"Education Teachers, Postsecondary"
"Education, Other.",13.9999,25-1099,"Education Teachers, Postsecondary"
Education Policy Analysis.,44.0502,25-1099,"Education Teachers, Postsecondary"
Health Professions Education.,51.3202,25-1099,"Education Teachers, Postsecondary"
Library and Information Science.,25.0101,25-1099,"Library Science Teachers, Postsecondary"
Children and Youth Library Services.,25.0102,25-1099,"Library Science Teachers, Postsecondary"
Environmental/Natural Resources Law Enforcement and Protective Services.,3.0208,25-1099,"Criminal Justice and Law Enforcement Teachers, Postsecondary"
"Criminal Justice and Corrections, General.",43.01,25-1099,"Criminal Justice and Law Enforcement Teachers, Postsecondary"
Corrections.,43.0102,25-1099,"Criminal Justice and Law Enforcement Teachers, Postsecondary"
Criminal Justice/Law Enforcement Administration.,43.0103,25-1099,"Criminal Justice and Law Enforcement Teachers, Postsecondary"
Criminal Justice/Safety Studies.,43.0104,25-1099,"Criminal Justice and Law Enforcement Teachers, Postsecondary"
Criminal Justice/Police Science.,43.0107,25-1099,"Criminal Justice and Law Enforcement Teachers, Postsecondary"
Security and Loss Prevention Services.,43.0109,25-1099,"Criminal Justice and Law Enforcement Teachers, Postsecondary"
Juvenile Corrections.,43.011,25-1099,"Criminal Justice and Law Enforcement Teachers, Postsecondary"
Securities Services Administration/Management.,43.0112,25-1099,"Criminal Justice and Law Enforcement Teachers, Postsecondary"
Corrections Administration.,43.0113,25-1099,"Criminal Justice and Law Enforcement Teachers, Postsecondary"
Law Enforcement Investigation and Interviewing.,43.0114,25-1099,"Criminal Justice and Law Enforcement Teachers, Postsecondary"
Law Enforcement Record-Keeping and Evidence Management.,43.0115,25-1099,"Criminal Justice and Law Enforcement Teachers, Postsecondary"
Critical Incident Response/Special Police Operations.,43.0119,25-1099,"Criminal Justice and Law Enforcement Teachers, Postsecondary"
Protective Services Operations.,43.012,25-1099,"Criminal Justice and Law Enforcement Teachers, Postsecondary"
Suspension and Debarment Investigation.,43.0121,25-1099,"Criminal Justice and Law Enforcement Teachers, Postsecondary"
Maritime Law Enforcement.,43.0122,25-1099,"Criminal Justice and Law Enforcement Teachers, Postsecondary"
Cultural/Archaelogical Resources Protection.,43.0123,25-1099,"Criminal Justice and Law Enforcement Teachers, Postsecondary"
"Corrections and Criminal Justice, Other.",43.0199,25-1099,"Criminal Justice and Law Enforcement Teachers, Postsecondary"
Terrorism and Counterterrorism Operations.,43.0304,25-1099,"Criminal Justice and Law Enforcement Teachers, Postsecondary"
"Homeland Security, Other.",43.0399,25-1099,"Criminal Justice and Law Enforcement Teachers, Postsecondary"
"Security Science and Technology, General.",43.0401,25-1099,"Criminal Justice and Law Enforcement Teachers, Postsecondary"
Criminalistics and Criminal Science.,43.0402,25-1099,"Criminal Justice and Law Enforcement Teachers, Postsecondary"
Cyber/Computer Forensics and Counterterrorism.,43.0403,25-1099,"Criminal Justice and Law Enforcement Teachers, Postsecondary"
Cybersecurity Defense Strategy/Policy.,43.0404,25-1099,"Criminal Justice and Law Enforcement Teachers, Postsecondary"
Financial Forensics and Fraud Investigation.,43.0405,25-1099,"Criminal Justice and Law Enforcement Teachers, Postsecondary"
Forensic Science and Technology.,43.0406,25-1099,"Criminal Justice and Law Enforcement Teachers, Postsecondary"
Geospatial Intelligence.,43.0407,25-1099,"Criminal Justice and Law Enforcement Teachers, Postsecondary"
Law Enforcement Intelligence Analysis.,43.0408,25-1099,"Criminal Justice and Law Enforcement Teachers, Postsecondary"
"Security Science and Technology, Other.",43.0499,25-1099,"Criminal Justice and Law Enforcement Teachers, Postsecondary"
Criminology.,45.0401,25-1099,"Criminal Justice and Law Enforcement Teachers, Postsecondary"
Law.,22.0101,25-1099,"Law Teachers, Postsecondary"
"Advanced Legal Research/Studies, General.",22.0201,25-1099,"Law Teachers, Postsecondary"
American/U.S. Law/Legal Studies/Jurisprudence.,22.0203,25-1099,"Law Teachers, Postsecondary"
Canadian Law/Legal Studies/Jurisprudence.,22.0204,25-1099,"Law Teachers, Postsecondary"
"Banking, Corporate, Finance, and Securities Law.",22.0205,25-1099,"Law Teachers, Postsecondary"
Comparative Law.,22.0206,25-1099,"Law Teachers, Postsecondary"
"Energy, Environment, and Natural Resources Law.",22.0207,25-1099,"Law Teachers, Postsecondary"
Health Law.,22.0208,25-1099,"Law Teachers, Postsecondary"
International Law and Legal Studies.,22.0209,25-1099,"Law Teachers, Postsecondary"
"International Business, Trade, and Tax Law.",22.021,25-1099,"Law Teachers, Postsecondary"
Tax Law/Taxation.,22.0211,25-1099,"Law Teachers, Postsecondary"
Intellectual Property Law.,22.0212,25-1099,"Law Teachers, Postsecondary"
Patent Law.,22.0213,25-1099,"Law Teachers, Postsecondary"
Agriculture Law.,22.0214,25-1099,"Law Teachers, Postsecondary"
Arts and Entertainment Law.,22.0215,25-1099,"Law Teachers, Postsecondary"
Compliance Law.,22.0216,25-1099,"Law Teachers, Postsecondary"
Criminal Law and Procedure.,22.0217,25-1099,"Law Teachers, Postsecondary"
Entrepreneurship Law.,22.0218,25-1099,"Law Teachers, Postsecondary"
Family/Child/Elder Law.,22.0219,25-1099,"Law Teachers, Postsecondary"
Human Resources Law.,22.022,25-1099,"Law Teachers, Postsecondary"
Insurance Law.,22.0221,25-1099,"Law Teachers, Postsecondary"
Real Estate and Land Development Law.,22.0222,25-1099,"Law Teachers, Postsecondary"
Transportation Law.,22.0223,25-1099,"Law Teachers, Postsecondary"
Tribal/Indigenous Law.,22.0224,25-1099,"Law Teachers, Postsecondary"
"Legal Research and Advanced Professional Studies, Other.",22.0299,25-1099,"Law Teachers, Postsecondary"
Dispute Resolution.,30.2801,25-1099,"Law Teachers, Postsecondary"
Religious/Canon Law.,39.0802,25-1099,"Law Teachers, Postsecondary"
Labor and Industrial Relations.,52.1002,25-1099,"Law Teachers, Postsecondary"
Gerontology.,30.1101,25-1099,"Social Work Teachers, Postsecondary"
Social Work.,44.0701,25-1099,"Social Work Teachers, Postsecondary"
Forensic Social Work.,44.0703,25-1099,"Social Work Teachers, Postsecondary"
"Social Work, Other.",44.0799,25-1099,"Social Work Teachers, Postsecondary"
Clinical/Medical Social Work.,51.1503,25-1099,"Social Work Teachers, Postsecondary"
Art Teacher Education.,13.1302,25-1099,"Art, Drama, and Music Teachers, Postsecondary"
Music Teacher Education.,13.1312,25-1099,"Art, Drama, and Music Teachers, Postsecondary"
Drama and Dance Teacher Education.,13.1324,25-1099,"Art, Drama, and Music Teachers, Postsecondary"
"Visual and Performing Arts, General.",50.0101,25-1099,"Art, Drama, and Music Teachers, Postsecondary"
Digital Arts.,50.0102,25-1099,"Art, Drama, and Music Teachers, Postsecondary"
"Crafts/Craft Design, Folk Art and Artisanry.",50.0201,25-1099,"Art, Drama, and Music Teachers, Postsecondary"
"Dance, General.",50.0301,25-1099,"Art, Drama, and Music Teachers, Postsecondary"
Ballet.,50.0302,25-1099,"Art, Drama, and Music Teachers, Postsecondary"
"Dance, Other.",50.0399,25-1099,"Art, Drama, and Music Teachers, Postsecondary"
"Design and Visual Communications, General.",50.0401,25-1099,"Art, Drama, and Music Teachers, Postsecondary"
Industrial and Product Design.,50.0404,25-1099,"Art, Drama, and Music Teachers, Postsecondary"
Commercial Photography.,50.0406,25-1099,"Art, Drama, and Music Teachers, Postsecondary"
Fashion/Apparel Design.,50.0407,25-1099,"Art, Drama, and Music Teachers, Postsecondary"
Graphic Design.,50.0409,25-1099,"Art, Drama, and Music Teachers, Postsecondary"
Illustration.,50.041,25-1099,"Art, Drama, and Music Teachers, Postsecondary"
"Drama and Dramatics/Theatre Arts, General.",50.0501,25-1099,"Art, Drama, and Music Teachers, Postsecondary"
Technical Theatre/Theatre Design and Technology.,50.0502,25-1099,"Art, Drama, and Music Teachers, Postsecondary"
Playwriting and Screenwriting.,50.0504,25-1099,"Art, Drama, and Music Teachers, Postsecondary"
"Theatre Literature, History and Criticism.",50.0505,25-1099,"Art, Drama, and Music Teachers, Postsecondary"
Acting.,50.0506,25-1099,"Art, Drama, and Music Teachers, Postsecondary"
Directing and Theatrical Production.,50.0507,25-1099,"Art, Drama, and Music Teachers, Postsecondary"
Musical Theatre.,50.0509,25-1099,"Art, Drama, and Music Teachers, Postsecondary"
Costume Design.,50.051,25-1099,"Art, Drama, and Music Teachers, Postsecondary"
Comedy Writing and Performance.,50.0511,25-1099,"Art, Drama, and Music Teachers, Postsecondary"
Theatre and Dance.,50.0512,25-1099,"Art, Drama, and Music Teachers, Postsecondary"
"Dramatic/Theatre Arts and Stagecraft, Other.",50.0599,25-1099,"Art, Drama, and Music Teachers, Postsecondary"
Film/Cinema/Media Studies.,50.0601,25-1099,"Art, Drama, and Music Teachers, Postsecondary"
Cinematography and Film/Video Production.,50.0602,25-1099,"Art, Drama, and Music Teachers, Postsecondary"
Photography.,50.0605,25-1099,"Art, Drama, and Music Teachers, Postsecondary"
Documentary Production.,50.0607,25-1099,"Art, Drama, and Music Teachers, Postsecondary"
"Film/Video and Photographic Arts, Other.",50.0699,25-1099,"Art, Drama, and Music Teachers, Postsecondary"
"Art/Art Studies, General.",50.0701,25-1099,"Art, Drama, and Music Teachers, Postsecondary"
"Fine/Studio Arts, General.",50.0702,25-1099,"Art, Drama, and Music Teachers, Postsecondary"
"Art History, Criticism and Conservation.",50.0703,25-1099,"Art, Drama, and Music Teachers, Postsecondary"
Drawing.,50.0705,25-1099,"Art, Drama, and Music Teachers, Postsecondary"
Intermedia/Multimedia.,50.0706,25-1099,"Art, Drama, and Music Teachers, Postsecondary"
Painting.,50.0708,25-1099,"Art, Drama, and Music Teachers, Postsecondary"
Sculpture.,50.0709,25-1099,"Art, Drama, and Music Teachers, Postsecondary"
Printmaking.,50.071,25-1099,"Art, Drama, and Music Teachers, Postsecondary"
Ceramic Arts and Ceramics.,50.0711,25-1099,"Art, Drama, and Music Teachers, Postsecondary"
"Fiber, Textile and Weaving Arts.",50.0712,25-1099,"Art, Drama, and Music Teachers, Postsecondary"
Jewelry Arts.,50.0713,25-1099,"Art, Drama, and Music Teachers, Postsecondary"
Metal Arts.,50.0714,25-1099,"Art, Drama, and Music Teachers, Postsecondary"
"Fine Arts and Art Studies, Other.",50.0799,25-1099,"Art, Drama, and Music Teachers, Postsecondary"
"Music History, Literature, and Theory.",50.0902,25-1099,"Art, Drama, and Music Teachers, Postsecondary"
"Music Performance, General.",50.0903,25-1099,"Art, Drama, and Music Teachers, Postsecondary"
Music Theory and Composition.,50.0904,25-1099,"Art, Drama, and Music Teachers, Postsecondary"
Musicology and Ethnomusicology.,50.0905,25-1099,"Art, Drama, and Music Teachers, Postsecondary"
Conducting.,50.0906,25-1099,"Art, Drama, and Music Teachers, Postsecondary"
Keyboard Instruments.,50.0907,25-1099,"Art, Drama, and Music Teachers, Postsecondary"
Voice and Opera.,50.0908,25-1099,"Art, Drama, and Music Teachers, Postsecondary"
Jazz/Jazz Studies.,50.091,25-1099,"Art, Drama, and Music Teachers, Postsecondary"
Stringed Instruments.,50.0911,25-1099,"Art, Drama, and Music Teachers, Postsecondary"
Music Pedagogy.,50.0912,25-1099,"Art, Drama, and Music Teachers, Postsecondary"
Music Technology.,50.0913,25-1099,"Art, Drama, and Music Teachers, Postsecondary"
Brass Instruments.,50.0914,25-1099,"Art, Drama, and Music Teachers, Postsecondary"
Woodwind Instruments.,50.0915,25-1099,"Art, Drama, and Music Teachers, Postsecondary"
Percussion Instruments.,50.0916,25-1099,"Art, Drama, and Music Teachers, Postsecondary"
Sound Arts.,50.0917,25-1099,"Art, Drama, and Music Teachers, Postsecondary"
"Music, Other.",50.0999,25-1099,"Art, Drama, and Music Teachers, Postsecondary"
"Arts, Entertainment, and Media Management, General.",50.1001,25-1099,"Art, Drama, and Music Teachers, Postsecondary"
Fine and Studio Arts Management.,50.1002,25-1099,"Art, Drama, and Music Teachers, Postsecondary"
Music Management.,50.1003,25-1099,"Art, Drama, and Music Teachers, Postsecondary"
Theatre/Theatre Arts Management.,50.1004,25-1099,"Art, Drama, and Music Teachers, Postsecondary"
"Arts, Entertainment, and Media Management, Other.",50.1099,25-1099,"Art, Drama, and Music Teachers, Postsecondary"
Community/Environmental/Socially-Engaged Art.,50.1101,25-1099,"Art, Drama, and Music Teachers, Postsecondary"
"Visual and Performing Arts, Other.",50.9999,25-1099,"Art, Drama, and Music Teachers, Postsecondary"
Documentary Production.,50.0607,25-1099,"Communications Teachers, Postsecondary"
"Business/Corporate Communications, General.",52.0501,25-1099,"Communications Teachers, Postsecondary"
"Business/Corporate Communications, Other.",52.0599,25-1099,"Communications Teachers, Postsecondary"
"Communication, General.",9.01,25-1099,"Communications Teachers, Postsecondary"
Speech Communication and Rhetoric.,9.0101,25-1099,"Communications Teachers, Postsecondary"
Mass Communication/Media Studies.,9.0102,25-1099,"Communications Teachers, Postsecondary"
Journalism.,9.0401,25-1099,"Communications Teachers, Postsecondary"
Broadcast Journalism.,9.0402,25-1099,"Communications Teachers, Postsecondary"
Business and Economic Journalism.,9.0405,25-1099,"Communications Teachers, Postsecondary"
Cultural Journalism.,9.0406,25-1099,"Communications Teachers, Postsecondary"
Science/Health/Environmental Journalism.,9.0407,25-1099,"Communications Teachers, Postsecondary"
"Journalism, Other.",9.0499,25-1099,"Communications Teachers, Postsecondary"
Radio and Television.,9.0701,25-1099,"Communications Teachers, Postsecondary"
Digital Communication and Media/Multimedia.,9.0702,25-1099,"Communications Teachers, Postsecondary"
"Public Relations, Advertising, and Applied Communication.",9.09,25-1099,"Communications Teachers, Postsecondary"
Public Relations/Image Management.,9.0902,25-1099,"Communications Teachers, Postsecondary"
Advertising.,9.0903,25-1099,"Communications Teachers, Postsecondary"
Political Communication.,9.0904,25-1099,"Communications Teachers, Postsecondary"
Health Communication.,9.0905,25-1099,"Communications Teachers, Postsecondary"
Sports Communication.,9.0906,25-1099,"Communications Teachers, Postsecondary"
International and Intercultural Communication.,9.0907,25-1099,"Communications Teachers, Postsecondary"
Technical and Scientific Communication.,9.0908,25-1099,"Communications Teachers, Postsecondary"
"Communication, Journalism, and Related Programs, Other.",9.9999,25-1099,"Communications Teachers, Postsecondary"
English/Language Arts Teacher Education.,13.1305,25-1099,"English Language and Literature Teachers, Postsecondary"
Comparative Literature.,16.0104,25-1099,"English Language and Literature Teachers, Postsecondary"
"English Language and Literature, General.",23.0101,25-1099,"English Language and Literature Teachers, Postsecondary"
"Writing, General.",23.1301,25-1099,"English Language and Literature Teachers, Postsecondary"
Creative Writing.,23.1302,25-1099,"English Language and Literature Teachers, Postsecondary"
"Professional, Technical, Business, and Scientific Writing.",23.1303,25-1099,"English Language and Literature Teachers, Postsecondary"
Rhetoric and Composition.,23.1304,25-1099,"English Language and Literature Teachers, Postsecondary"
"Rhetoric and Composition/Writing Studies, Other.",23.1399,25-1099,"English Language and Literature Teachers, Postsecondary"
General Literature.,23.1401,25-1099,"English Language and Literature Teachers, Postsecondary"
American Literature (United States).,23.1402,25-1099,"English Language and Literature Teachers, Postsecondary"
American Literature (Canadian).,23.1403,25-1099,"English Language and Literature Teachers, Postsecondary"
English Literature (British and Commonwealth).,23.1404,25-1099,"English Language and Literature Teachers, Postsecondary"
Children's and Adolescent Literature.,23.1405,25-1099,"English Language and Literature Teachers, Postsecondary"
"Literature, Other.",23.1499,25-1099,"English Language and Literature Teachers, Postsecondary"
"English Language and Literature/Letters, Other.",23.9999,25-1099,"English Language and Literature Teachers, Postsecondary"
Cultural Studies and Comparative Literature.,30.3601,25-1099,"English Language and Literature Teachers, Postsecondary"
Linguistics and Anthropology.,30.4701,25-1099,"English Language and Literature Teachers, Postsecondary"
Linguistics and Computer Science.,30.4801,25-1099,"English Language and Literature Teachers, Postsecondary"
"Digital Humanities and Textual Studies, General.",30.5201,25-1099,"English Language and Literature Teachers, Postsecondary"
Digital Humanities.,30.5202,25-1099,"English Language and Literature Teachers, Postsecondary"
Textual Studies.,30.5203,25-1099,"English Language and Literature Teachers, Postsecondary"
Foreign Language Teacher  Education.,13.1306,25-1099,"Foreign Language and Literature Teachers, Postsecondary"
French Language Teacher Education.,13.1325,25-1099,"Foreign Language and Literature Teachers, Postsecondary"
German Language Teacher Education.,13.1326,25-1099,"Foreign Language and Literature Teachers, Postsecondary"
Spanish Language Teacher Education.,13.133,25-1099,"Foreign Language and Literature Teachers, Postsecondary"
Latin Teacher Education.,13.1333,25-1099,"Foreign Language and Literature Teachers, Postsecondary"
"Foreign Languages and Literatures, General.",16.0101,25-1099,"Foreign Language and Literature Teachers, Postsecondary"
Linguistics.,16.0102,25-1099,"Foreign Language and Literature Teachers, Postsecondary"
Language Interpretation and Translation.,16.0103,25-1099,"Foreign Language and Literature Teachers, Postsecondary"
Applied Linguistics.,16.0105,25-1099,"Foreign Language and Literature Teachers, Postsecondary"
"African Languages, Literatures, and Linguistics.",16.0201,25-1099,"Foreign Language and Literature Teachers, Postsecondary"
"East Asian Languages, Literatures, and Linguistics, General.",16.03,25-1099,"Foreign Language and Literature Teachers, Postsecondary"
Chinese Language and Literature.,16.0301,25-1099,"Foreign Language and Literature Teachers, Postsecondary"
Japanese Language and Literature.,16.0302,25-1099,"Foreign Language and Literature Teachers, Postsecondary"
Korean Language and Literature.,16.0303,25-1099,"Foreign Language and Literature Teachers, Postsecondary"
Tibetan Language and Literature.,16.0304,25-1099,"Foreign Language and Literature Teachers, Postsecondary"
"East Asian Languages, Literatures, and Linguistics, Other.",16.0399,25-1099,"Foreign Language and Literature Teachers, Postsecondary"
"Slavic Languages, Literatures, and Linguistics, General.",16.04,25-1099,"Foreign Language and Literature Teachers, Postsecondary"
"Baltic Languages, Literatures, and Linguistics.",16.0401,25-1099,"Foreign Language and Literature Teachers, Postsecondary"
Russian Language and Literature.,16.0402,25-1099,"Foreign Language and Literature Teachers, Postsecondary"
Albanian Language and Literature.,16.0404,25-1099,"Foreign Language and Literature Teachers, Postsecondary"
Bulgarian Language and Literature.,16.0405,25-1099,"Foreign Language and Literature Teachers, Postsecondary"
Czech Language and Literature.,16.0406,25-1099,"Foreign Language and Literature Teachers, Postsecondary"
Polish Language and Literature.,16.0407,25-1099,"Foreign Language and Literature Teachers, Postsecondary"
"Bosnian, Serbian, and Croatian Languages and Literatures.",16.0408,25-1099,"Foreign Language and Literature Teachers, Postsecondary"
Slovak Language and Literature.,16.0409,25-1099,"Foreign Language and Literature Teachers, Postsecondary"
Ukrainian Language and Literature.,16.041,25-1099,"Foreign Language and Literature Teachers, Postsecondary"
"Slavic, Baltic, and Albanian Languages, Literatures, and Linguistics, Other.",16.0499,25-1099,"Foreign Language and Literature Teachers, Postsecondary"
"Germanic Languages, Literatures, and Linguistics, General.",16.05,25-1099,"Foreign Language and Literature Teachers, Postsecondary"
German Language and Literature.,16.0501,25-1099,"Foreign Language and Literature Teachers, Postsecondary"
"Scandinavian Languages, Literatures, and Linguistics.",16.0502,25-1099,"Foreign Language and Literature Teachers, Postsecondary"
Danish Language and Literature.,16.0503,25-1099,"Foreign Language and Literature Teachers, Postsecondary"
Dutch/Flemish Language and Literature.,16.0504,25-1099,"Foreign Language and Literature Teachers, Postsecondary"
Norwegian Language and Literature.,16.0505,25-1099,"Foreign Language and Literature Teachers, Postsecondary"
Swedish Language and Literature.,16.0506,25-1099,"Foreign Language and Literature Teachers, Postsecondary"
"Germanic Languages, Literatures, and Linguistics, Other.",16.0599,25-1099,"Foreign Language and Literature Teachers, Postsecondary"
Modern Greek Language and Literature.,16.0601,25-1099,"Foreign Language and Literature Teachers, Postsecondary"
"South Asian Languages, Literatures, and Linguistics, General.",16.07,25-1099,"Foreign Language and Literature Teachers, Postsecondary"
Hindi Language and Literature.,16.0701,25-1099,"Foreign Language and Literature Teachers, Postsecondary"
"Sanskrit and Classical Indian Languages, Literatures, and Linguistics.",16.0702,25-1099,"Foreign Language and Literature Teachers, Postsecondary"
Bengali Language and Literature.,16.0704,25-1099,"Foreign Language and Literature Teachers, Postsecondary"
Punjabi Language and Literature.,16.0705,25-1099,"Foreign Language and Literature Teachers, Postsecondary"
Tamil Language and Literature.,16.0706,25-1099,"Foreign Language and Literature Teachers, Postsecondary"
Urdu Language and Literature.,16.0707,25-1099,"Foreign Language and Literature Teachers, Postsecondary"
"South Asian Languages, Literatures, and Linguistics, Other.",16.0799,25-1099,"Foreign Language and Literature Teachers, Postsecondary"
"Iranian Languages, Literatures, and Linguistics.",16.0801,25-1099,"Foreign Language and Literature Teachers, Postsecondary"
"Romance Languages, Literatures, and Linguistics, General.",16.09,25-1099,"Foreign Language and Literature Teachers, Postsecondary"
French Language and Literature.,16.0901,25-1099,"Foreign Language and Literature Teachers, Postsecondary"
Italian Language and Literature.,16.0902,25-1099,"Foreign Language and Literature Teachers, Postsecondary"
Portuguese Language and Literature.,16.0904,25-1099,"Foreign Language and Literature Teachers, Postsecondary"
Spanish Language and Literature.,16.0905,25-1099,"Foreign Language and Literature Teachers, Postsecondary"
Romanian Language and Literature.,16.0906,25-1099,"Foreign Language and Literature Teachers, Postsecondary"
Catalan Language and Literature.,16.0907,25-1099,"Foreign Language and Literature Teachers, Postsecondary"
"Hispanic and Latin American Languages, Literatures, and Linguistics, General.",16.0908,25-1099,"Foreign Language and Literature Teachers, Postsecondary"
"Romance Languages, Literatures, and Linguistics, Other.",16.0999,25-1099,"Foreign Language and Literature Teachers, Postsecondary"
"American Indian/Native American Languages, Literatures, and Linguistics.",16.1001,25-1099,"Foreign Language and Literature Teachers, Postsecondary"
"Middle/Near Eastern and Semitic Languages, Literatures, and Linguistics, General.",16.11,25-1099,"Foreign Language and Literature Teachers, Postsecondary"
Arabic Language and Literature.,16.1101,25-1099,"Foreign Language and Literature Teachers, Postsecondary"
Hebrew Language and Literature.,16.1102,25-1099,"Foreign Language and Literature Teachers, Postsecondary"
"Ancient Near Eastern and Biblical Languages, Literatures, and Linguistics.",16.1103,25-1099,"Foreign Language and Literature Teachers, Postsecondary"
"Middle/Near Eastern and Semitic Languages, Literatures, and Linguistics, Other.",16.1199,25-1099,"Foreign Language and Literature Teachers, Postsecondary"
"Classics and Classical Languages, Literatures, and Linguistics, General.",16.12,25-1099,"Foreign Language and Literature Teachers, Postsecondary"
Ancient/Classical Greek Language and Literature.,16.1202,25-1099,"Foreign Language and Literature Teachers, Postsecondary"
Latin Language and Literature.,16.1203,25-1099,"Foreign Language and Literature Teachers, Postsecondary"
"Classics and Classical Languages, Literatures, and Linguistics, Other.",16.1299,25-1099,"Foreign Language and Literature Teachers, Postsecondary"
"Celtic Languages, Literatures, and Linguistics.",16.1301,25-1099,"Foreign Language and Literature Teachers, Postsecondary"
"Southeast Asian Languages, Literatures, and Linguistics, General.",16.14,25-1099,"Foreign Language and Literature Teachers, Postsecondary"
"Australian/Oceanic/Pacific Languages, Literatures, and Linguistics.",16.1401,25-1099,"Foreign Language and Literature Teachers, Postsecondary"
Indonesian/Malay Languages and Literatures.,16.1402,25-1099,"Foreign Language and Literature Teachers, Postsecondary"
Burmese Language and Literature.,16.1403,25-1099,"Foreign Language and Literature Teachers, Postsecondary"
Filipino/Tagalog Language and Literature.,16.1404,25-1099,"Foreign Language and Literature Teachers, Postsecondary"
Khmer/Cambodian Language and Literature.,16.1405,25-1099,"Foreign Language and Literature Teachers, Postsecondary"
Lao Language and Literature.,16.1406,25-1099,"Foreign Language and Literature Teachers, Postsecondary"
Thai Language and Literature.,16.1407,25-1099,"Foreign Language and Literature Teachers, Postsecondary"
Vietnamese Language and Literature.,16.1408,25-1099,"Foreign Language and Literature Teachers, Postsecondary"
Hawaiian Language and Literature.,16.1409,25-1099,"Foreign Language and Literature Teachers, Postsecondary"
"Southeast Asian and Australasian/Pacific Languages, Literatures, and Linguistics, Other.",16.1499,25-1099,"Foreign Language and Literature Teachers, Postsecondary"
Turkish Language and Literature.,16.1501,25-1099,"Foreign Language and Literature Teachers, Postsecondary"
"Uralic Languages, Literatures, and Linguistics.",16.1502,25-1099,"Foreign Language and Literature Teachers, Postsecondary"
Hungarian/Magyar Language and Literature.,16.1503,25-1099,"Foreign Language and Literature Teachers, Postsecondary"
Mongolian Language and Literature.,16.1504,25-1099,"Foreign Language and Literature Teachers, Postsecondary"
"Turkic, Uralic-Altaic, Caucasian, and Central Asian Languages, Literatures, and Linguistics, Other.",16.1599,25-1099,"Foreign Language and Literature Teachers, Postsecondary"
American Sign Language (ASL).,16.1601,25-1099,"Foreign Language and Literature Teachers, Postsecondary"
Linguistics of ASL and Other Sign Languages.,16.1602,25-1099,"Foreign Language and Literature Teachers, Postsecondary"
Armenian Language and Literature.,16.1801,25-1099,"Foreign Language and Literature Teachers, Postsecondary"
"Foreign Languages, Literatures, and Linguistics, Other.",16.9999,25-1099,"Foreign Language and Literature Teachers, Postsecondary"
Economics and Foreign Language/Literature.,30.4001,25-1099,"Foreign Language and Literature Teachers, Postsecondary"
History and Language/Literature.,30.4501,25-1099,"Foreign Language and Literature Teachers, Postsecondary"
Linguistics and Anthropology.,30.4701,25-1099,"Foreign Language and Literature Teachers, Postsecondary"
History Teacher Education.,13.1328,25-1099,"History Teachers, Postsecondary"
Medieval and Renaissance Studies.,30.1301,25-1099,"History Teachers, Postsecondary"
Holocaust and Related Studies.,30.2101,25-1099,"History Teachers, Postsecondary"
Ancient Studies/Civilization.,30.2201,25-1099,"History Teachers, Postsecondary"
"Classical, Ancient Mediterranean, and Near Eastern Studies and Archaeology.",30.2202,25-1099,"History Teachers, Postsecondary"
"Classical and Ancient Studies, Other.",30.2299,25-1099,"History Teachers, Postsecondary"
History and Language/Literature.,30.4501,25-1099,"History Teachers, Postsecondary"
History and Political Science.,30.4601,25-1099,"History Teachers, Postsecondary"
History of Medicine.,51.3205,25-1099,"History Teachers, Postsecondary"
"History, General.",54.0101,25-1099,"History Teachers, Postsecondary"
American  History (United States).,54.0102,25-1099,"History Teachers, Postsecondary"
European History.,54.0103,25-1099,"History Teachers, Postsecondary"
History and Philosophy of Science and Technology.,54.0104,25-1099,"History Teachers, Postsecondary"
Public/Applied History.,54.0105,25-1099,"History Teachers, Postsecondary"
Asian History.,54.0106,25-1099,"History Teachers, Postsecondary"
Canadian History.,54.0107,25-1099,"History Teachers, Postsecondary"
Military History.,54.0108,25-1099,"History Teachers, Postsecondary"
"History, Other.",54.0199,25-1099,"History Teachers, Postsecondary"
"Philosophy, Politics, and Economics.",30.5101,25-1099,"Philosophy and Religion Teachers, Postsecondary"
"Philosophy and Religious Studies, General.",38.0001,25-1099,"Philosophy and Religion Teachers, Postsecondary"
Philosophy.,38.0101,25-1099,"Philosophy and Religion Teachers, Postsecondary"
Ethics.,38.0103,25-1099,"Philosophy and Religion Teachers, Postsecondary"
Applied and Professional Ethics.,38.0104,25-1099,"Philosophy and Religion Teachers, Postsecondary"
"Philosophy, Other.",38.0199,25-1099,"Philosophy and Religion Teachers, Postsecondary"
Religion/Religious Studies.,38.0201,25-1099,"Philosophy and Religion Teachers, Postsecondary"
Buddhist Studies.,38.0202,25-1099,"Philosophy and Religion Teachers, Postsecondary"
Christian Studies.,38.0203,25-1099,"Philosophy and Religion Teachers, Postsecondary"
Hindu Studies.,38.0204,25-1099,"Philosophy and Religion Teachers, Postsecondary"
Talmudic Studies.,38.0207,25-1099,"Philosophy and Religion Teachers, Postsecondary"
"Philosophy and Religious Studies, Other.",38.9999,25-1099,"Philosophy and Religion Teachers, Postsecondary"
Bible/Biblical Studies.,39.0201,25-1099,"Philosophy and Religion Teachers, Postsecondary"
Missions/Missionary Studies.,39.0301,25-1099,"Philosophy and Religion Teachers, Postsecondary"
Religious Education.,39.0401,25-1099,"Philosophy and Religion Teachers, Postsecondary"
Religious/Sacred Music.,39.0501,25-1099,"Philosophy and Religion Teachers, Postsecondary"
Worship Ministry.,39.0502,25-1099,"Philosophy and Religion Teachers, Postsecondary"
Theology/Theological Studies.,39.0601,25-1099,"Philosophy and Religion Teachers, Postsecondary"
Divinity/Ministry.,39.0602,25-1099,"Philosophy and Religion Teachers, Postsecondary"
Pre-Theology/Pre-Ministerial Studies.,39.0604,25-1099,"Philosophy and Religion Teachers, Postsecondary"
Rabbinical Studies.,39.0605,25-1099,"Philosophy and Religion Teachers, Postsecondary"
"Theological and Ministerial Studies, Other.",39.0699,25-1099,"Philosophy and Religion Teachers, Postsecondary"
Pastoral Studies/Counseling.,39.0701,25-1099,"Philosophy and Religion Teachers, Postsecondary"
Urban Ministry.,39.0703,25-1099,"Philosophy and Religion Teachers, Postsecondary"
Chaplain/Chaplaincy Studies.,39.0706,25-1099,"Philosophy and Religion Teachers, Postsecondary"
Religious/Canon Law.,39.0802,25-1099,"Philosophy and Religion Teachers, Postsecondary"
Bioethics/Medical Ethics.,51.3201,25-1099,"Philosophy and Religion Teachers, Postsecondary"
Family and Consumer Sciences/Home Economics Teacher Education.,13.1308,25-1099,"Family and Consumer Sciences Teachers, Postsecondary"
"Family and Consumer Sciences/Human Sciences, General.",19.0101,25-1099,"Family and Consumer Sciences Teachers, Postsecondary"
Business Family and Consumer Sciences/Human Sciences.,19.0201,25-1099,"Family and Consumer Sciences Teachers, Postsecondary"
Family and Consumer Sciences/Human Sciences Communication.,19.0202,25-1099,"Family and Consumer Sciences Teachers, Postsecondary"
"Family and Consumer Sciences/Human Sciences Business Services, Other.",19.0299,25-1099,"Family and Consumer Sciences Teachers, Postsecondary"
"Family Resource Management Studies, General.",19.0401,25-1099,"Family and Consumer Sciences Teachers, Postsecondary"
Consumer Economics.,19.0402,25-1099,"Family and Consumer Sciences Teachers, Postsecondary"
Consumer Services and Advocacy.,19.0403,25-1099,"Family and Consumer Sciences Teachers, Postsecondary"
"Family and Consumer Economics and Related Services, Other.",19.0499,25-1099,"Family and Consumer Sciences Teachers, Postsecondary"
"Foods, Nutrition, and Wellness Studies, General.",19.0501,25-1099,"Family and Consumer Sciences Teachers, Postsecondary"
Human Nutrition.,19.0504,25-1099,"Family and Consumer Sciences Teachers, Postsecondary"
Foodservice Systems Administration/Management.,19.0505,25-1099,"Family and Consumer Sciences Teachers, Postsecondary"
"Foods, Nutrition, and Related Services, Other.",19.0599,25-1099,"Family and Consumer Sciences Teachers, Postsecondary"
"Housing and Human Environments, General.",19.0601,25-1099,"Family and Consumer Sciences Teachers, Postsecondary"
"Human Development and Family Studies, General.",19.0701,25-1099,"Family and Consumer Sciences Teachers, Postsecondary"
Adult Development and Aging.,19.0702,25-1099,"Family and Consumer Sciences Teachers, Postsecondary"
Family Systems.,19.0704,25-1099,"Family and Consumer Sciences Teachers, Postsecondary"
Child Development.,19.0706,25-1099,"Family and Consumer Sciences Teachers, Postsecondary"
Child Care and Support Services Management.,19.0708,25-1099,"Family and Consumer Sciences Teachers, Postsecondary"
"Apparel and Textiles, General.",19.0901,25-1099,"Family and Consumer Sciences Teachers, Postsecondary"
Apparel and Textile Manufacture.,19.0902,25-1099,"Family and Consumer Sciences Teachers, Postsecondary"
Textile Science.,19.0904,25-1099,"Family and Consumer Sciences Teachers, Postsecondary"
Work and Family Studies.,19.1001,25-1099,"Family and Consumer Sciences Teachers, Postsecondary"
Nutrition Sciences.,30.1901,25-1099,"Family and Consumer Sciences Teachers, Postsecondary"
Physical Education Teaching and Coaching.,13.1314,25-1099,"Recreation and Fitness Studies Teachers, Postsecondary"
"Parks, Recreation, and Leisure Studies.",31.0101,25-1099,"Recreation and Fitness Studies Teachers, Postsecondary"
"Sports, Kinesiology, and Physical Education/Fitness, General.",31.0501,25-1099,"Recreation and Fitness Studies Teachers, Postsecondary"
Sport and Fitness Administration/Management.,31.0504,25-1099,"Recreation and Fitness Studies Teachers, Postsecondary"
Sports Studies.,31.0508,25-1099,"Recreation and Fitness Studies Teachers, Postsecondary"
Irrigation Management Technology/Technician.,1.0207,25-1099,"Career/Technical Education Teachers, Postsecondary"
Dog/Pet/Animal Grooming.,1.0504,25-1099,"Career/Technical Education Teachers, Postsecondary"
Farrier Science.,1.0509,25-1099,"Career/Technical Education Teachers, Postsecondary"
"Web Page, Digital/Multimedia and Information Resources Design.",11.0801,25-1099,"Career/Technical Education Teachers, Postsecondary"
Data Modeling/Warehousing and Database Administration.,11.0802,25-1099,"Career/Technical Education Teachers, Postsecondary"
Computer Graphics.,11.0803,25-1099,"Career/Technical Education Teachers, Postsecondary"
Agricultural Teacher Education.,13.1301,25-1099,"Career/Technical Education Teachers, Postsecondary"
Business and Innovation/Entrepreneurship Teacher Education.,13.1303,25-1099,"Career/Technical Education Teachers, Postsecondary"
Technology Teacher Education/Industrial Arts Teacher Education.,13.1309,25-1099,"Career/Technical Education Teachers, Postsecondary"
Sales and Marketing Operations/Marketing and Distribution   Teacher Education.,13.131,25-1099,"Career/Technical Education Teachers, Postsecondary"
Technical Teacher Education.,13.1319,25-1099,"Career/Technical Education Teachers, Postsecondary"
Trade and Industrial Teacher Education.,13.132,25-1099,"Career/Technical Education Teachers, Postsecondary"
Health Occupations Teacher Education.,13.1327,25-1099,"Career/Technical Education Teachers, Postsecondary"
Fire Services Administration.,43.0202,25-1099,"Career/Technical Education Teachers, Postsecondary"
Truck and Bus Driver/Commercial Vehicle Operator and Instructor.,49.0205,25-1099,"Career/Technical Education Teachers, Postsecondary"
Culinary Science/Culinology.,12.0509,25-1099,"Postsecondary Teachers, All Other"
Online Educator/Online Teaching.,13.1211,25-1099,"Postsecondary Teachers, All Other"
Packaging Science.,15.1503,25-1099,"Postsecondary Teachers, All Other"
Linguistics of ASL and Other Sign Languages.,16.1602,25-1099,"Postsecondary Teachers, All Other"
"Writing, General.",23.1301,25-1099,"Postsecondary Teachers, All Other"
Creative Writing.,23.1302,25-1099,"Postsecondary Teachers, All Other"
"Professional, Technical, Business, and Scientific Writing.",23.1303,25-1099,"Postsecondary Teachers, All Other"
Rhetoric and Composition.,23.1304,25-1099,"Postsecondary Teachers, All Other"
Liberal Arts and Sciences/Liberal Studies.,24.0101,25-1099,"Postsecondary Teachers, All Other"
General Studies.,24.0102,25-1099,"Postsecondary Teachers, All Other"
Humanities/Humanistic Studies.,24.0103,25-1099,"Postsecondary Teachers, All Other"
Biological and Physical Sciences.,30.0101,25-1099,"Postsecondary Teachers, All Other"
Peace Studies and Conflict Resolution.,30.0501,25-1099,"Postsecondary Teachers, All Other"
Systems Science and Theory.,30.0601,25-1099,"Postsecondary Teachers, All Other"
"Historic Preservation and Conservation, General.",30.1201,25-1099,"Postsecondary Teachers, All Other"
"Historic Preservation and Conservation, Other.",30.1299,25-1099,"Postsecondary Teachers, All Other"
Museology/Museum Studies.,30.1401,25-1099,"Postsecondary Teachers, All Other"
"Science, Technology and Society.",30.1501,25-1099,"Postsecondary Teachers, All Other"
Natural Sciences.,30.1801,25-1099,"Postsecondary Teachers, All Other"
"Cognitive Science, General.",30.2501,25-1099,"Postsecondary Teachers, All Other"
Contemplative Studies/Inquiry.,30.2502,25-1099,"Postsecondary Teachers, All Other"
"Cognitive Science, Other.",30.2599,25-1099,"Postsecondary Teachers, All Other"
Cultural Studies/Critical Theory and Analysis.,30.2601,25-1099,"Postsecondary Teachers, All Other"
Maritime Studies.,30.2901,25-1099,"Postsecondary Teachers, All Other"
Computational Science.,30.3001,25-1099,"Postsecondary Teachers, All Other"
Marine Sciences.,30.3201,25-1099,"Postsecondary Teachers, All Other"
Sustainability Studies.,30.3301,25-1099,"Postsecondary Teachers, All Other"
Anthrozoology.,30.3401,25-1099,"Postsecondary Teachers, All Other"
"Digital Humanities and Textual Studies, General.",30.5201,25-1099,"Postsecondary Teachers, All Other"
Digital Humanities.,30.5202,25-1099,"Postsecondary Teachers, All Other"
Textual Studies.,30.5203,25-1099,"Postsecondary Teachers, All Other"
Thanatology.,30.5301,25-1099,"Postsecondary Teachers, All Other"
"Data Science, General.",30.7001,25-1099,"Postsecondary Teachers, All Other"
"Data Science, Other.",30.7099,25-1099,"Postsecondary Teachers, All Other"
"Data Analytics, General.",30.7101,25-1099,"Postsecondary Teachers, All Other"
Data Visualization.,30.7103,25-1099,"Postsecondary Teachers, All Other"
"Data Analytics, Other.",30.7199,25-1099,"Postsecondary Teachers, All Other"
"Materials Sciences, Other.",40.1099,25-1099,"Postsecondary Teachers, All Other"
"Physical Sciences, Other.",40.9999,25-1099,"Postsecondary Teachers, All Other"
Terrorism and Counterterrorism Operations.,43.0304,25-1099,"Postsecondary Teachers, All Other"
Game and Interactive Media Design.,50.0411,25-1099,"Postsecondary Teachers, All Other"
Medical Informatics.,51.2706,25-1099,"Postsecondary Teachers, All Other"
Medical/Health Humanities.,51.3204,25-1099,"Postsecondary Teachers, All Other"
"Health Professions Education, Ethics, and Humanities, Other.",51.3299,25-1099,"Postsecondary Teachers, All Other"
Bilingual and Multilingual Education.,13.0201,25-2011,"Preschool Teachers, Except Special Education"
"Teacher Education, Multiple Levels.",13.1206,25-2011,"Preschool Teachers, Except Special Education"
Montessori Teacher Education.,13.1207,25-2011,"Preschool Teachers, Except Special Education"
Waldorf/Steiner Teacher Education.,13.1208,25-2011,"Preschool Teachers, Except Special Education"
Kindergarten/Preschool Education and Teaching.,13.1209,25-2011,"Preschool Teachers, Except Special Education"
Early Childhood Education and Teaching.,13.121,25-2011,"Preschool Teachers, Except Special Education"
International Teaching and Learning.,13.1212,25-2011,"Preschool Teachers, Except Special Education"
Teaching English as a Second or Foreign Language/ESL Language Instructor.,13.1401,25-2011,"Preschool Teachers, Except Special Education"
Teaching French as a Second or Foreign Language.,13.1402,25-2011,"Preschool Teachers, Except Special Education"
"Teaching English or French as a Second or Foreign Language, Other.",13.1499,25-2011,"Preschool Teachers, Except Special Education"
Child Development.,19.0706,25-2011,"Preschool Teachers, Except Special Education"
Child Care and Support Services Management.,19.0708,25-2011,"Preschool Teachers, Except Special Education"
Bilingual and Multilingual Education.,13.0201,25-2012,"Kindergarten Teachers, Except Special Education"
"Teacher Education, Multiple Levels.",13.1206,25-2012,"Kindergarten Teachers, Except Special Education"
Montessori Teacher Education.,13.1207,25-2012,"Kindergarten Teachers, Except Special Education"
Waldorf/Steiner Teacher Education.,13.1208,25-2012,"Kindergarten Teachers, Except Special Education"
Kindergarten/Preschool Education and Teaching.,13.1209,25-2012,"Kindergarten Teachers, Except Special Education"
Early Childhood Education and Teaching.,13.121,25-2012,"Kindergarten Teachers, Except Special Education"
International Teaching and Learning.,13.1212,25-2012,"Kindergarten Teachers, Except Special Education"
Teaching English as a Second or Foreign Language/ESL Language Instructor.,13.1401,25-2012,"Kindergarten Teachers, Except Special Education"
Teaching French as a Second or Foreign Language.,13.1402,25-2012,"Kindergarten Teachers, Except Special Education"
"Teaching English or French as a Second or Foreign Language, Other.",13.1499,25-2012,"Kindergarten Teachers, Except Special Education"
Bilingual and Multilingual Education.,13.0201,25-2021,"Elementary School Teachers, Except Special Education"
Elementary Education and Teaching.,13.1202,25-2021,"Elementary School Teachers, Except Special Education"
"Teacher Education, Multiple Levels.",13.1206,25-2021,"Elementary School Teachers, Except Special Education"
Montessori Teacher Education.,13.1207,25-2021,"Elementary School Teachers, Except Special Education"
Waldorf/Steiner Teacher Education.,13.1208,25-2021,"Elementary School Teachers, Except Special Education"
Early Childhood Education and Teaching.,13.121,25-2021,"Elementary School Teachers, Except Special Education"
Online Educator/Online Teaching.,13.1211,25-2021,"Elementary School Teachers, Except Special Education"
International Teaching and Learning.,13.1212,25-2021,"Elementary School Teachers, Except Special Education"
"Science, Technology, Engineering, and Mathematics (STEM) Educational Methods.",13.1213,25-2021,"Elementary School Teachers, Except Special Education"
Environmental Education.,13.1338,25-2021,"Elementary School Teachers, Except Special Education"
Communication Arts and Literature Teacher Education.,13.1339,25-2021,"Elementary School Teachers, Except Special Education"
Teaching English as a Second or Foreign Language/ESL Language Instructor.,13.1401,25-2021,"Elementary School Teachers, Except Special Education"
Teaching French as a Second or Foreign Language.,13.1402,25-2021,"Elementary School Teachers, Except Special Education"
"Teaching English or French as a Second or Foreign Language, Other.",13.1499,25-2021,"Elementary School Teachers, Except Special Education"
"Social Sciences, Other.",45.0199,25-2021,"Elementary School Teachers, Except Special Education"
Bilingual and Multilingual Education.,13.0201,25-2022,"Middle School Teachers, Except Special and Career/Technical Education"
Junior High/Intermediate/Middle School Education and Teaching.,13.1203,25-2022,"Middle School Teachers, Except Special and Career/Technical Education"
"Teacher Education, Multiple Levels.",13.1206,25-2022,"Middle School Teachers, Except Special and Career/Technical Education"
Montessori Teacher Education.,13.1207,25-2022,"Middle School Teachers, Except Special and Career/Technical Education"
Waldorf/Steiner Teacher Education.,13.1208,25-2022,"Middle School Teachers, Except Special and Career/Technical Education"
Online Educator/Online Teaching.,13.1211,25-2022,"Middle School Teachers, Except Special and Career/Technical Education"
International Teaching and Learning.,13.1212,25-2022,"Middle School Teachers, Except Special and Career/Technical Education"
"Science, Technology, Engineering, and Mathematics (STEM) Educational Methods.",13.1213,25-2022,"Middle School Teachers, Except Special and Career/Technical Education"
Art Teacher Education.,13.1302,25-2022,"Middle School Teachers, Except Special and Career/Technical Education"
English/Language Arts Teacher Education.,13.1305,25-2022,"Middle School Teachers, Except Special and Career/Technical Education"
Foreign Language Teacher  Education.,13.1306,25-2022,"Middle School Teachers, Except Special and Career/Technical Education"
Health Teacher Education.,13.1307,25-2022,"Middle School Teachers, Except Special and Career/Technical Education"
Family and Consumer Sciences/Home Economics Teacher Education.,13.1308,25-2022,"Middle School Teachers, Except Special and Career/Technical Education"
Technology Teacher Education/Industrial Arts Teacher Education.,13.1309,25-2022,"Middle School Teachers, Except Special and Career/Technical Education"
Mathematics Teacher Education.,13.1311,25-2022,"Middle School Teachers, Except Special and Career/Technical Education"
Music Teacher Education.,13.1312,25-2022,"Middle School Teachers, Except Special and Career/Technical Education"
Physical Education Teaching and Coaching.,13.1314,25-2022,"Middle School Teachers, Except Special and Career/Technical Education"
Reading Teacher Education.,13.1315,25-2022,"Middle School Teachers, Except Special and Career/Technical Education"
Science Teacher Education/General Science Teacher Education.,13.1316,25-2022,"Middle School Teachers, Except Special and Career/Technical Education"
Social Science Teacher Education.,13.1317,25-2022,"Middle School Teachers, Except Special and Career/Technical Education"
Social Studies Teacher Education.,13.1318,25-2022,"Middle School Teachers, Except Special and Career/Technical Education"
Computer Teacher Education.,13.1321,25-2022,"Middle School Teachers, Except Special and Career/Technical Education"
Biology Teacher Education.,13.1322,25-2022,"Middle School Teachers, Except Special and Career/Technical Education"
Chemistry Teacher Education.,13.1323,25-2022,"Middle School Teachers, Except Special and Career/Technical Education"
Drama and Dance Teacher Education.,13.1324,25-2022,"Middle School Teachers, Except Special and Career/Technical Education"
French Language Teacher Education.,13.1325,25-2022,"Middle School Teachers, Except Special and Career/Technical Education"
German Language Teacher Education.,13.1326,25-2022,"Middle School Teachers, Except Special and Career/Technical Education"
Health Occupations Teacher Education.,13.1327,25-2022,"Middle School Teachers, Except Special and Career/Technical Education"
History Teacher Education.,13.1328,25-2022,"Middle School Teachers, Except Special and Career/Technical Education"
Spanish Language Teacher Education.,13.133,25-2022,"Middle School Teachers, Except Special and Career/Technical Education"
Speech Teacher Education.,13.1331,25-2022,"Middle School Teachers, Except Special and Career/Technical Education"
Geography Teacher Education.,13.1332,25-2022,"Middle School Teachers, Except Special and Career/Technical Education"
Latin Teacher Education.,13.1333,25-2022,"Middle School Teachers, Except Special and Career/Technical Education"
Earth Science Teacher Education.,13.1337,25-2022,"Middle School Teachers, Except Special and Career/Technical Education"
Environmental Education.,13.1338,25-2022,"Middle School Teachers, Except Special and Career/Technical Education"
Communication Arts and Literature Teacher Education.,13.1339,25-2022,"Middle School Teachers, Except Special and Career/Technical Education"
Teaching English as a Second or Foreign Language/ESL Language Instructor.,13.1401,25-2022,"Middle School Teachers, Except Special and Career/Technical Education"
Teaching French as a Second or Foreign Language.,13.1402,25-2022,"Middle School Teachers, Except Special and Career/Technical Education"
"Teaching English or French as a Second or Foreign Language, Other.",13.1499,25-2022,"Middle School Teachers, Except Special and Career/Technical Education"
"Social Sciences, Other.",45.0199,25-2022,"Middle School Teachers, Except Special and Career/Technical Education"
Agricultural Teacher Education.,13.1301,25-2023,"Career/Technical Education Teachers, Middle School"
Business and Innovation/Entrepreneurship Teacher Education.,13.1303,25-2023,"Career/Technical Education Teachers, Middle School"
Family and Consumer Sciences/Home Economics Teacher Education.,13.1308,25-2023,"Career/Technical Education Teachers, Middle School"
Technology Teacher Education/Industrial Arts Teacher Education.,13.1309,25-2023,"Career/Technical Education Teachers, Middle School"
Sales and Marketing Operations/Marketing and Distribution   Teacher Education.,13.131,25-2023,"Career/Technical Education Teachers, Middle School"
Technical Teacher Education.,13.1319,25-2023,"Career/Technical Education Teachers, Middle School"
Trade and Industrial Teacher Education.,13.132,25-2023,"Career/Technical Education Teachers, Middle School"
Health Occupations Teacher Education.,13.1327,25-2023,"Career/Technical Education Teachers, Middle School"
Bilingual and Multilingual Education.,13.0201,25-2031,"Secondary School Teachers, Except Special and Career/Technical Education"
Junior High/Intermediate/Middle School Education and Teaching.,13.1203,25-2031,"Secondary School Teachers, Except Special and Career/Technical Education"
Secondary Education and Teaching.,13.1205,25-2031,"Secondary School Teachers, Except Special and Career/Technical Education"
"Teacher Education, Multiple Levels.",13.1206,25-2031,"Secondary School Teachers, Except Special and Career/Technical Education"
Montessori Teacher Education.,13.1207,25-2031,"Secondary School Teachers, Except Special and Career/Technical Education"
Waldorf/Steiner Teacher Education.,13.1208,25-2031,"Secondary School Teachers, Except Special and Career/Technical Education"
Online Educator/Online Teaching.,13.1211,25-2031,"Secondary School Teachers, Except Special and Career/Technical Education"
International Teaching and Learning.,13.1212,25-2031,"Secondary School Teachers, Except Special and Career/Technical Education"
"Science, Technology, Engineering, and Mathematics (STEM) Educational Methods.",13.1213,25-2031,"Secondary School Teachers, Except Special and Career/Technical Education"
Art Teacher Education.,13.1302,25-2031,"Secondary School Teachers, Except Special and Career/Technical Education"
Driver and Safety Teacher Education.,13.1304,25-2031,"Secondary School Teachers, Except Special and Career/Technical Education"
English/Language Arts Teacher Education.,13.1305,25-2031,"Secondary School Teachers, Except Special and Career/Technical Education"
Foreign Language Teacher  Education.,13.1306,25-2031,"Secondary School Teachers, Except Special and Career/Technical Education"
Health Teacher Education.,13.1307,25-2031,"Secondary School Teachers, Except Special and Career/Technical Education"
Family and Consumer Sciences/Home Economics Teacher Education.,13.1308,25-2031,"Secondary School Teachers, Except Special and Career/Technical Education"
Technology Teacher Education/Industrial Arts Teacher Education.,13.1309,25-2031,"Secondary School Teachers, Except Special and Career/Technical Education"
Mathematics Teacher Education.,13.1311,25-2031,"Secondary School Teachers, Except Special and Career/Technical Education"
Music Teacher Education.,13.1312,25-2031,"Secondary School Teachers, Except Special and Career/Technical Education"
Physical Education Teaching and Coaching.,13.1314,25-2031,"Secondary School Teachers, Except Special and Career/Technical Education"
Reading Teacher Education.,13.1315,25-2031,"Secondary School Teachers, Except Special and Career/Technical Education"
Science Teacher Education/General Science Teacher Education.,13.1316,25-2031,"Secondary School Teachers, Except Special and Career/Technical Education"
Social Science Teacher Education.,13.1317,25-2031,"Secondary School Teachers, Except Special and Career/Technical Education"
Social Studies Teacher Education.,13.1318,25-2031,"Secondary School Teachers, Except Special and Career/Technical Education"
Computer Teacher Education.,13.1321,25-2031,"Secondary School Teachers, Except Special and Career/Technical Education"
Biology Teacher Education.,13.1322,25-2031,"Secondary School Teachers, Except Special and Career/Technical Education"
Chemistry Teacher Education.,13.1323,25-2031,"Secondary School Teachers, Except Special and Career/Technical Education"
Drama and Dance Teacher Education.,13.1324,25-2031,"Secondary School Teachers, Except Special and Career/Technical Education"
French Language Teacher Education.,13.1325,25-2031,"Secondary School Teachers, Except Special and Career/Technical Education"
German Language Teacher Education.,13.1326,25-2031,"Secondary School Teachers, Except Special and Career/Technical Education"
History Teacher Education.,13.1328,25-2031,"Secondary School Teachers, Except Special and Career/Technical Education"
Physics Teacher Education.,13.1329,25-2031,"Secondary School Teachers, Except Special and Career/Technical Education"
Spanish Language Teacher Education.,13.133,25-2031,"Secondary School Teachers, Except Special and Career/Technical Education"
Speech Teacher Education.,13.1331,25-2031,"Secondary School Teachers, Except Special and Career/Technical Education"
Geography Teacher Education.,13.1332,25-2031,"Secondary School Teachers, Except Special and Career/Technical Education"
Latin Teacher Education.,13.1333,25-2031,"Secondary School Teachers, Except Special and Career/Technical Education"
Psychology Teacher Education.,13.1335,25-2031,"Secondary School Teachers, Except Special and Career/Technical Education"
Earth Science Teacher Education.,13.1337,25-2031,"Secondary School Teachers, Except Special and Career/Technical Education"
Environmental Education.,13.1338,25-2031,"Secondary School Teachers, Except Special and Career/Technical Education"
Communication Arts and Literature Teacher Education.,13.1339,25-2031,"Secondary School Teachers, Except Special and Career/Technical Education"
Teaching English as a Second or Foreign Language/ESL Language Instructor.,13.1401,25-2031,"Secondary School Teachers, Except Special and Career/Technical Education"
Teaching French as a Second or Foreign Language.,13.1402,25-2031,"Secondary School Teachers, Except Special and Career/Technical Education"
"Teaching English or French as a Second or Foreign Language, Other.",13.1499,25-2031,"Secondary School Teachers, Except Special and Career/Technical Education"
"Foreign Languages and Literatures, General.",16.0101,25-2031,"Secondary School Teachers, Except Special and Career/Technical Education"
"East Asian Languages, Literatures, and Linguistics, General.",16.03,25-2031,"Secondary School Teachers, Except Special and Career/Technical Education"
Chinese Language and Literature.,16.0301,25-2031,"Secondary School Teachers, Except Special and Career/Technical Education"
Japanese Language and Literature.,16.0302,25-2031,"Secondary School Teachers, Except Special and Career/Technical Education"
Korean Language and Literature.,16.0303,25-2031,"Secondary School Teachers, Except Special and Career/Technical Education"
"East Asian Languages, Literatures, and Linguistics, Other.",16.0399,25-2031,"Secondary School Teachers, Except Special and Career/Technical Education"
Russian Language and Literature.,16.0402,25-2031,"Secondary School Teachers, Except Special and Career/Technical Education"
"Germanic Languages, Literatures, and Linguistics, General.",16.05,25-2031,"Secondary School Teachers, Except Special and Career/Technical Education"
German Language and Literature.,16.0501,25-2031,"Secondary School Teachers, Except Special and Career/Technical Education"
"Germanic Languages, Literatures, and Linguistics, Other.",16.0599,25-2031,"Secondary School Teachers, Except Special and Career/Technical Education"
"Romance Languages, Literatures, and Linguistics, General.",16.09,25-2031,"Secondary School Teachers, Except Special and Career/Technical Education"
French Language and Literature.,16.0901,25-2031,"Secondary School Teachers, Except Special and Career/Technical Education"
Italian Language and Literature.,16.0902,25-2031,"Secondary School Teachers, Except Special and Career/Technical Education"
Spanish Language and Literature.,16.0905,25-2031,"Secondary School Teachers, Except Special and Career/Technical Education"
"Romance Languages, Literatures, and Linguistics, Other.",16.0999,25-2031,"Secondary School Teachers, Except Special and Career/Technical Education"
"American Indian/Native American Languages, Literatures, and Linguistics.",16.1001,25-2031,"Secondary School Teachers, Except Special and Career/Technical Education"
Arabic Language and Literature.,16.1101,25-2031,"Secondary School Teachers, Except Special and Career/Technical Education"
Hebrew Language and Literature.,16.1102,25-2031,"Secondary School Teachers, Except Special and Career/Technical Education"
"Classics and Classical Languages, Literatures, and Linguistics, General.",16.12,25-2031,"Secondary School Teachers, Except Special and Career/Technical Education"
Ancient/Classical Greek Language and Literature.,16.1202,25-2031,"Secondary School Teachers, Except Special and Career/Technical Education"
Latin Language and Literature.,16.1203,25-2031,"Secondary School Teachers, Except Special and Career/Technical Education"
"Classics and Classical Languages, Literatures, and Linguistics, Other.",16.1299,25-2031,"Secondary School Teachers, Except Special and Career/Technical Education"
Hawaiian Language and Literature.,16.1409,25-2031,"Secondary School Teachers, Except Special and Career/Technical Education"
"Southeast Asian and Australasian/Pacific Languages, Literatures, and Linguistics, Other.",16.1499,25-2031,"Secondary School Teachers, Except Special and Career/Technical Education"
American Sign Language (ASL).,16.1601,25-2031,"Secondary School Teachers, Except Special and Career/Technical Education"
Linguistics of ASL and Other Sign Languages.,16.1602,25-2031,"Secondary School Teachers, Except Special and Career/Technical Education"
"Foreign Languages, Literatures, and Linguistics, Other.",16.9999,25-2031,"Secondary School Teachers, Except Special and Career/Technical Education"
"Family and Consumer Sciences/Human Sciences, General.",19.0101,25-2031,"Secondary School Teachers, Except Special and Career/Technical Education"
"English Language and Literature, General.",23.0101,25-2031,"Secondary School Teachers, Except Special and Career/Technical Education"
"Biology/Biological Sciences, General.",26.0101,25-2031,"Secondary School Teachers, Except Special and Career/Technical Education"
"Mathematics, General.",27.0101,25-2031,"Secondary School Teachers, Except Special and Career/Technical Education"
Biological and Physical Sciences.,30.0101,25-2031,"Secondary School Teachers, Except Special and Career/Technical Education"
Cultural Studies and Comparative Literature.,30.3601,25-2031,"Secondary School Teachers, Except Special and Career/Technical Education"
Earth Systems Science.,30.3801,25-2031,"Secondary School Teachers, Except Special and Career/Technical Education"
Environmental Geosciences.,30.4101,25-2031,"Secondary School Teachers, Except Special and Career/Technical Education"
History and Language/Literature.,30.4501,25-2031,"Secondary School Teachers, Except Special and Career/Technical Education"
"Physical Sciences, General.",40.0101,25-2031,"Secondary School Teachers, Except Special and Career/Technical Education"
"Chemistry, General.",40.0501,25-2031,"Secondary School Teachers, Except Special and Career/Technical Education"
"Physics, General.",40.0801,25-2031,"Secondary School Teachers, Except Special and Career/Technical Education"
"Social Sciences, General.",45.0101,25-2031,"Secondary School Teachers, Except Special and Career/Technical Education"
"Social Sciences, Other.",45.0199,25-2031,"Secondary School Teachers, Except Special and Career/Technical Education"
"Economics, General.",45.0601,25-2031,"Secondary School Teachers, Except Special and Career/Technical Education"
"Political Science and Government, General.",45.1001,25-2031,"Secondary School Teachers, Except Special and Career/Technical Education"
American Government and Politics (United States).,45.1002,25-2031,"Secondary School Teachers, Except Special and Career/Technical Education"
Canadian Government and Politics.,45.1003,25-2031,"Secondary School Teachers, Except Special and Career/Technical Education"
"Political Science and Government, Other.",45.1099,25-2031,"Secondary School Teachers, Except Special and Career/Technical Education"
"Art/Art Studies, General.",50.0701,25-2031,"Secondary School Teachers, Except Special and Career/Technical Education"
"Music, General.",50.0901,25-2031,"Secondary School Teachers, Except Special and Career/Technical Education"
"History, General.",54.0101,25-2031,"Secondary School Teachers, Except Special and Career/Technical Education"
American  History (United States).,54.0102,25-2031,"Secondary School Teachers, Except Special and Career/Technical Education"
Agricultural Teacher Education.,13.1301,25-2032,"Career/Technical Education Teachers, Secondary School"
Business and Innovation/Entrepreneurship Teacher Education.,13.1303,25-2032,"Career/Technical Education Teachers, Secondary School"
Family and Consumer Sciences/Home Economics Teacher Education.,13.1308,25-2032,"Career/Technical Education Teachers, Secondary School"
Technology Teacher Education/Industrial Arts Teacher Education.,13.1309,25-2032,"Career/Technical Education Teachers, Secondary School"
Sales and Marketing Operations/Marketing and Distribution   Teacher Education.,13.131,25-2032,"Career/Technical Education Teachers, Secondary School"
Technical Teacher Education.,13.1319,25-2032,"Career/Technical Education Teachers, Secondary School"
Trade and Industrial Teacher Education.,13.132,25-2032,"Career/Technical Education Teachers, Secondary School"
Health Occupations Teacher Education.,13.1327,25-2032,"Career/Technical Education Teachers, Secondary School"
"Special Education and Teaching, General.",13.1001,25-2051,"Special Education Teachers, Preschool"
Education/Teaching of Individuals with Hearing Impairments Including Deafness.,13.1003,25-2051,"Special Education Teachers, Preschool"
Education/Teaching of Individuals with Emotional Disturbances.,13.1005,25-2051,"Special Education Teachers, Preschool"
Education/Teaching of Individuals with Intellectual Disabilities.,13.1006,25-2051,"Special Education Teachers, Preschool"
Education/Teaching of Individuals with Multiple Disabilities.,13.1007,25-2051,"Special Education Teachers, Preschool"
Education/Teaching of Individuals with Orthopedic and Other Physical Health Impairments.,13.1008,25-2051,"Special Education Teachers, Preschool"
Education/Teaching of Individuals with Vision Impairments Including Blindness.,13.1009,25-2051,"Special Education Teachers, Preschool"
Education/Teaching of Individuals with Specific Learning Disabilities.,13.1011,25-2051,"Special Education Teachers, Preschool"
Education/Teaching of Individuals with Speech or Language Impairments.,13.1012,25-2051,"Special Education Teachers, Preschool"
Education/Teaching of Individuals with Autism.,13.1013,25-2051,"Special Education Teachers, Preschool"
Education/Teaching of Individuals Who are Developmentally Delayed.,13.1014,25-2051,"Special Education Teachers, Preschool"
Education/Teaching of Individuals in Early Childhood Special Education Programs.,13.1015,25-2051,"Special Education Teachers, Preschool"
Education/Teaching of Individuals with Traumatic Brain Injuries.,13.1016,25-2051,"Special Education Teachers, Preschool"
"Special Education and Teaching, General.",13.1001,25-2055,"Special Education Teachers, Kindergarten"
Education/Teaching of Individuals with Hearing Impairments Including Deafness.,13.1003,25-2055,"Special Education Teachers, Kindergarten"
Education/Teaching of Individuals with Emotional Disturbances.,13.1005,25-2055,"Special Education Teachers, Kindergarten"
Education/Teaching of Individuals with Intellectual Disabilities.,13.1006,25-2055,"Special Education Teachers, Kindergarten"
Education/Teaching of Individuals with Multiple Disabilities.,13.1007,25-2055,"Special Education Teachers, Kindergarten"
Education/Teaching of Individuals with Orthopedic and Other Physical Health Impairments.,13.1008,25-2055,"Special Education Teachers, Kindergarten"
Education/Teaching of Individuals with Vision Impairments Including Blindness.,13.1009,25-2055,"Special Education Teachers, Kindergarten"
Education/Teaching of Individuals with Specific Learning Disabilities.,13.1011,25-2055,"Special Education Teachers, Kindergarten"
Education/Teaching of Individuals with Speech or Language Impairments.,13.1012,25-2055,"Special Education Teachers, Kindergarten"
Education/Teaching of Individuals with Autism.,13.1013,25-2055,"Special Education Teachers, Kindergarten"
Education/Teaching of Individuals Who are Developmentally Delayed.,13.1014,25-2055,"Special Education Teachers, Kindergarten"
Education/Teaching of Individuals with Traumatic Brain Injuries.,13.1016,25-2055,"Special Education Teachers, Kindergarten"
Education/Teaching of Individuals in Elementary Special Education Programs.,13.1017,25-2055,"Special Education Teachers, Kindergarten"
"Special Education and Teaching, General.",13.1001,25-2056,"Special Education Teachers, Elementary School"
Education/Teaching of Individuals with Hearing Impairments Including Deafness.,13.1003,25-2056,"Special Education Teachers, Elementary School"
Education/Teaching of Individuals with Emotional Disturbances.,13.1005,25-2056,"Special Education Teachers, Elementary School"
Education/Teaching of Individuals with Intellectual Disabilities.,13.1006,25-2056,"Special Education Teachers, Elementary School"
Education/Teaching of Individuals with Multiple Disabilities.,13.1007,25-2056,"Special Education Teachers, Elementary School"
Education/Teaching of Individuals with Orthopedic and Other Physical Health Impairments.,13.1008,25-2056,"Special Education Teachers, Elementary School"
Education/Teaching of Individuals with Vision Impairments Including Blindness.,13.1009,25-2056,"Special Education Teachers, Elementary School"
Education/Teaching of Individuals with Specific Learning Disabilities.,13.1011,25-2056,"Special Education Teachers, Elementary School"
Education/Teaching of Individuals with Speech or Language Impairments.,13.1012,25-2056,"Special Education Teachers, Elementary School"
Education/Teaching of Individuals with Autism.,13.1013,25-2056,"Special Education Teachers, Elementary School"
Education/Teaching of Individuals Who are Developmentally Delayed.,13.1014,25-2056,"Special Education Teachers, Elementary School"
Education/Teaching of Individuals with Traumatic Brain Injuries.,13.1016,25-2056,"Special Education Teachers, Elementary School"
Education/Teaching of Individuals in Elementary Special Education Programs.,13.1017,25-2056,"Special Education Teachers, Elementary School"
"Special Education and Teaching, General.",13.1001,25-2057,"Special Education Teachers, Middle School"
Education/Teaching of Individuals with Hearing Impairments Including Deafness.,13.1003,25-2057,"Special Education Teachers, Middle School"
Education/Teaching of Individuals with Emotional Disturbances.,13.1005,25-2057,"Special Education Teachers, Middle School"
Education/Teaching of Individuals with Intellectual Disabilities.,13.1006,25-2057,"Special Education Teachers, Middle School"
Education/Teaching of Individuals with Multiple Disabilities.,13.1007,25-2057,"Special Education Teachers, Middle School"
Education/Teaching of Individuals with Orthopedic and Other Physical Health Impairments.,13.1008,25-2057,"Special Education Teachers, Middle School"
Education/Teaching of Individuals with Vision Impairments Including Blindness.,13.1009,25-2057,"Special Education Teachers, Middle School"
Education/Teaching of Individuals with Specific Learning Disabilities.,13.1011,25-2057,"Special Education Teachers, Middle School"
Education/Teaching of Individuals with Speech or Language Impairments.,13.1012,25-2057,"Special Education Teachers, Middle School"
Education/Teaching of Individuals with Autism.,13.1013,25-2057,"Special Education Teachers, Middle School"
Education/Teaching of Individuals Who are Developmentally Delayed.,13.1014,25-2057,"Special Education Teachers, Middle School"
Education/Teaching of Individuals with Traumatic Brain Injuries.,13.1016,25-2057,"Special Education Teachers, Middle School"
Education/Teaching of Individuals in Junior High/Middle School Special Education Programs.,13.1018,25-2057,"Special Education Teachers, Middle School"
"Special Education and Teaching, General.",13.1001,25-2058,"Special Education Teachers, Secondary School"
Education/Teaching of Individuals with Hearing Impairments Including Deafness.,13.1003,25-2058,"Special Education Teachers, Secondary School"
Education/Teaching of Individuals with Emotional Disturbances.,13.1005,25-2058,"Special Education Teachers, Secondary School"
Education/Teaching of Individuals with Intellectual Disabilities.,13.1006,25-2058,"Special Education Teachers, Secondary School"
Education/Teaching of Individuals with Multiple Disabilities.,13.1007,25-2058,"Special Education Teachers, Secondary School"
Education/Teaching of Individuals with Orthopedic and Other Physical Health Impairments.,13.1008,25-2058,"Special Education Teachers, Secondary School"
Education/Teaching of Individuals with Vision Impairments Including Blindness.,13.1009,25-2058,"Special Education Teachers, Secondary School"
Education/Teaching of Individuals with Specific Learning Disabilities.,13.1011,25-2058,"Special Education Teachers, Secondary School"
Education/Teaching of Individuals with Speech or Language Impairments.,13.1012,25-2058,"Special Education Teachers, Secondary School"
Education/Teaching of Individuals with Autism.,13.1013,25-2058,"Special Education Teachers, Secondary School"
Education/Teaching of Individuals Who are Developmentally Delayed.,13.1014,25-2058,"Special Education Teachers, Secondary School"
Education/Teaching of Individuals with Traumatic Brain Injuries.,13.1016,25-2058,"Special Education Teachers, Secondary School"
Education/Teaching of Individuals in Secondary Special Education Programs.,13.1019,25-2058,"Special Education Teachers, Secondary School"
"Special Education and Teaching, General.",13.1001,25-2059,"Special Education Teachers, All Other"
Education/Teaching of Individuals with Hearing Impairments Including Deafness.,13.1003,25-2059,"Special Education Teachers, All Other"
Education/Teaching of Individuals with Emotional Disturbances.,13.1005,25-2059,"Special Education Teachers, All Other"
Education/Teaching of Individuals with Intellectual Disabilities.,13.1006,25-2059,"Special Education Teachers, All Other"
Education/Teaching of Individuals with Multiple Disabilities.,13.1007,25-2059,"Special Education Teachers, All Other"
Education/Teaching of Individuals with Orthopedic and Other Physical Health Impairments.,13.1008,25-2059,"Special Education Teachers, All Other"
Education/Teaching of Individuals with Vision Impairments Including Blindness.,13.1009,25-2059,"Special Education Teachers, All Other"
Education/Teaching of Individuals with Specific Learning Disabilities.,13.1011,25-2059,"Special Education Teachers, All Other"
Education/Teaching of Individuals with Speech or Language Impairments.,13.1012,25-2059,"Special Education Teachers, All Other"
Education/Teaching of Individuals with Autism.,13.1013,25-2059,"Special Education Teachers, All Other"
Education/Teaching of Individuals Who are Developmentally Delayed.,13.1014,25-2059,"Special Education Teachers, All Other"
Education/Teaching of Individuals with Traumatic Brain Injuries.,13.1016,25-2059,"Special Education Teachers, All Other"
"Special Education and Teaching, Other.",13.1099,25-2059,"Special Education Teachers, All Other"
Bilingual and Multilingual Education.,13.0201,25-3011,"Adult Basic Education, Adult Secondary Education, and English as a Second Language Instructors"
Multicultural Education.,13.0202,25-3011,"Adult Basic Education, Adult Secondary Education, and English as a Second Language Instructors"
"Bilingual, Multilingual, and Multicultural Education, Other.",13.0299,25-3011,"Adult Basic Education, Adult Secondary Education, and English as a Second Language Instructors"
Adult and Continuing Education and Teaching.,13.1201,25-3011,"Adult Basic Education, Adult Secondary Education, and English as a Second Language Instructors"
Teaching English as a Second or Foreign Language/ESL Language Instructor.,13.1401,25-3011,"Adult Basic Education, Adult Secondary Education, and English as a Second Language Instructors"
Teaching French as a Second or Foreign Language.,13.1402,25-3011,"Adult Basic Education, Adult Secondary Education, and English as a Second Language Instructors"
"Teaching English or French as a Second or Foreign Language, Other.",13.1499,25-3011,"Adult Basic Education, Adult Secondary Education, and English as a Second Language Instructors"
Adult Literacy Tutor/Instructor.,13.1502,25-3011,"Adult Basic Education, Adult Secondary Education, and English as a Second Language Instructors"
Adult and Continuing Education and Teaching.,13.1201,25-3021,Self-Enrichment Teachers
Online Educator/Online Teaching.,13.1211,25-3021,Self-Enrichment Teachers
Contemplative Studies/Inquiry.,30.2502,25-3021,Self-Enrichment Teachers
NO MATCH,99.9999,25-3031,"Substitute Teachers, Short-Term"
NO MATCH,99.9999,25-3041,Tutors
Bilingual and Multilingual Education.,13.0201,25-3099,"Teachers and Instructors, All Other"
Multicultural Education.,13.0202,25-3099,"Teachers and Instructors, All Other"
Indian/Native American Education.,13.0203,25-3099,"Teachers and Instructors, All Other"
Montessori Teacher Education.,13.1207,25-3099,"Teachers and Instructors, All Other"
Waldorf/Steiner Teacher Education.,13.1208,25-3099,"Teachers and Instructors, All Other"
Online Educator/Online Teaching.,13.1211,25-3099,"Teachers and Instructors, All Other"
Driver and Safety Teacher Education.,13.1304,25-3099,"Teachers and Instructors, All Other"
"Teacher Education and Professional Development, Specific Subject Areas, Other.",13.1399,25-3099,"Teachers and Instructors, All Other"
"Education, Other.",13.9999,25-3099,"Teachers and Instructors, All Other"
Archives/Archival Administration.,25.0103,25-4011,Archivists
"Historic Preservation and Conservation, General.",30.1201,25-4011,Archivists
Cultural Resource Management and Policy Analysis.,30.1202,25-4011,Archivists
"Historic Preservation and Conservation, Other.",30.1299,25-4011,Archivists
Museology/Museum Studies.,30.1401,25-4011,Archivists
"Digital Humanities and Textual Studies, General.",30.5201,25-4011,Archivists
Digital Humanities.,30.5202,25-4011,Archivists
Textual Studies.,30.5203,25-4011,Archivists
"Art History, Criticism and Conservation.",50.0703,25-4011,Archivists
Public/Applied History.,54.0105,25-4011,Archivists
Museology/Museum Studies.,30.1401,25-4012,Curators
"Digital Humanities and Textual Studies, General.",30.5201,25-4012,Curators
Digital Humanities.,30.5202,25-4012,Curators
Textual Studies.,30.5203,25-4012,Curators
"Art History, Criticism and Conservation.",50.0703,25-4012,Curators
Public/Applied History.,54.0105,25-4012,Curators
Museology/Museum Studies.,30.1401,25-4013,Museum Technicians and Conservators
"Art History, Criticism and Conservation.",50.0703,25-4013,Museum Technicians and Conservators
Public/Applied History.,54.0105,25-4013,Museum Technicians and Conservators
Educational/Instructional Technology.,13.0501,25-4022,Librarians and Media Collections Specialists
School Librarian/School Library Media Specialist.,13.1334,25-4022,Librarians and Media Collections Specialists
Library and Information Science.,25.0101,25-4022,Librarians and Media Collections Specialists
Children and Youth Library Services.,25.0102,25-4022,Librarians and Media Collections Specialists
"Library Science and Administration, Other.",25.0199,25-4022,Librarians and Media Collections Specialists
Library and Archives Assisting.,25.0301,25-4031,Library Technicians
Farm/Farm and Ranch Management.,1.0104,25-9021,Farm and Home Management Educators
Animal/Livestock Husbandry and Production.,1.0302,25-9021,Farm and Home Management Educators
Crop Production.,1.0304,25-9021,Farm and Home Management Educators
Dairy Husbandry and Production.,1.0306,25-9021,Farm and Home Management Educators
Horse Husbandry/Equine Science and Management.,1.0307,25-9021,Farm and Home Management Educators
Apiculture.,1.031,25-9021,Farm and Home Management Educators
"Applied Horticulture/Horticulture Operations, General.",1.0601,25-9021,Farm and Home Management Educators
Public Horticulture.,1.0609,25-9021,Farm and Home Management Educators
Urban and Community Horticulture.,1.061,25-9021,Farm and Home Management Educators
Agricultural and Extension Education Services.,1.0801,25-9021,Farm and Home Management Educators
"Animal Sciences, General.",1.0901,25-9021,Farm and Home Management Educators
Agricultural Animal Breeding.,1.0902,25-9021,Farm and Home Management Educators
Animal Nutrition.,1.0904,25-9021,Farm and Home Management Educators
Dairy Science.,1.0905,25-9021,Farm and Home Management Educators
Livestock Management.,1.0906,25-9021,Farm and Home Management Educators
Poultry Science.,1.0907,25-9021,Farm and Home Management Educators
"Animal Sciences, Other.",1.0999,25-9021,Farm and Home Management Educators
"Plant Sciences, General.",1.1101,25-9021,Farm and Home Management Educators
Agronomy and Crop Science.,1.1102,25-9021,Farm and Home Management Educators
Horticultural Science.,1.1103,25-9021,Farm and Home Management Educators
Plant Protection and Integrated Pest Management.,1.1105,25-9021,Farm and Home Management Educators
Range Science and Management.,1.1106,25-9021,Farm and Home Management Educators
"Family and Consumer Sciences/Human Sciences, General.",19.0101,25-9021,Farm and Home Management Educators
Business Family and Consumer Sciences/Human Sciences.,19.0201,25-9021,Farm and Home Management Educators
Consumer Merchandising/Retailing Management.,19.0203,25-9021,Farm and Home Management Educators
"Family Resource Management Studies, General.",19.0401,25-9021,Farm and Home Management Educators
Consumer Economics.,19.0402,25-9021,Farm and Home Management Educators
Consumer Services and Advocacy.,19.0403,25-9021,Farm and Home Management Educators
"Family and Consumer Economics and Related Services, Other.",19.0499,25-9021,Farm and Home Management Educators
"Housing and Human Environments, General.",19.0601,25-9021,Farm and Home Management Educators
Home Furnishings and Equipment Installers.,19.0605,25-9021,Farm and Home Management Educators
Family Systems.,19.0704,25-9021,Farm and Home Management Educators
Child Development.,19.0706,25-9021,Farm and Home Management Educators
Family and Community Services.,19.0707,25-9021,Farm and Home Management Educators
Early Childhood and Family Studies.,19.0711,25-9021,Farm and Home Management Educators
Parent Education Services.,19.0712,25-9021,Farm and Home Management Educators
"Apparel and Textiles, General.",19.0901,25-9021,Farm and Home Management Educators
Nutrition Sciences.,30.1901,25-9021,Farm and Home Management Educators
Curriculum and Instruction.,13.0301,25-9031,Instructional Coordinators
Educational/Instructional Technology.,13.0501,25-9031,Instructional Coordinators
"Education, General.",13.0101,25-9042,"Teaching Assistants, Preschool, Elementary, Middle, and Secondary School, Except Special Education"
Early Childhood Education and Teaching.,13.121,25-9042,"Teaching Assistants, Preschool, Elementary, Middle, and Secondary School, Except Special Education"
Teacher Assistant/Aide.,13.1501,25-9042,"Teaching Assistants, Preschool, Elementary, Middle, and Secondary School, Except Special Education"
"Teaching Assistants/Aides, Other.",13.1599,25-9042,"Teaching Assistants, Preschool, Elementary, Middle, and Secondary School, Except Special Education"
Child Development.,19.0706,25-9042,"Teaching Assistants, Preschool, Elementary, Middle, and Secondary School, Except Special Education"
"Education, General.",13.0101,25-9043,"Teaching Assistants, Special Education"
"Special Education and Teaching, General.",13.1001,25-9043,"Teaching Assistants, Special Education"
Early Childhood Education and Teaching.,13.121,25-9043,"Teaching Assistants, Special Education"
Teacher Assistant/Aide.,13.1501,25-9043,"Teaching Assistants, Special Education"
"Teaching Assistants/Aides, Other.",13.1599,25-9043,"Teaching Assistants, Special Education"
Child Development.,19.0706,25-9043,"Teaching Assistants, Special Education"
Applied Behavior Analysis.,42.2814,25-9043,"Teaching Assistants, Special Education"
"Teaching Assistants/Aides, Other.",13.1599,25-9044,"Teaching Assistants, Postsecondary"
Teacher Assistant/Aide.,13.1501,25-9049,"Teaching Assistants, All Other"
Adult Literacy Tutor/Instructor.,13.1502,25-9049,"Teaching Assistants, All Other"
"Teaching Assistants/Aides, Other.",13.1599,25-9049,"Teaching Assistants, All Other"
Learning Sciences.,13.0607,25-9099,"Educational Instruction and Library Workers, All Other"
"Teaching Assistants/Aides, Other.",13.1599,25-9099,"Educational Instruction and Library Workers, All Other"
Digital Arts.,50.0102,27-1011,Art Directors
Graphic Design.,50.0409,27-1011,Art Directors
Intermedia/Multimedia.,50.0706,27-1011,Art Directors
"Visual and Performing Arts, General.",50.0101,27-1012,Craft Artists
"Crafts/Craft Design, Folk Art and Artisanry.",50.0201,27-1012,Craft Artists
"Art/Art Studies, General.",50.0701,27-1012,Craft Artists
Drawing.,50.0705,27-1012,Craft Artists
Painting.,50.0708,27-1012,Craft Artists
Sculpture.,50.0709,27-1012,Craft Artists
Printmaking.,50.071,27-1012,Craft Artists
Ceramic Arts and Ceramics.,50.0711,27-1012,Craft Artists
"Fiber, Textile and Weaving Arts.",50.0712,27-1012,Craft Artists
Jewelry Arts.,50.0713,27-1012,Craft Artists
Metal Arts.,50.0714,27-1012,Craft Artists
"Visual and Performing Arts, General.",50.0101,27-1013,"Fine Artists, Including Painters, Sculptors, and Illustrators"
"Art/Art Studies, General.",50.0701,27-1013,"Fine Artists, Including Painters, Sculptors, and Illustrators"
"Fine/Studio Arts, General.",50.0702,27-1013,"Fine Artists, Including Painters, Sculptors, and Illustrators"
Drawing.,50.0705,27-1013,"Fine Artists, Including Painters, Sculptors, and Illustrators"
Intermedia/Multimedia.,50.0706,27-1013,"Fine Artists, Including Painters, Sculptors, and Illustrators"
Painting.,50.0708,27-1013,"Fine Artists, Including Painters, Sculptors, and Illustrators"
Sculpture.,50.0709,27-1013,"Fine Artists, Including Painters, Sculptors, and Illustrators"
Printmaking.,50.071,27-1013,"Fine Artists, Including Painters, Sculptors, and Illustrators"
Ceramic Arts and Ceramics.,50.0711,27-1013,"Fine Artists, Including Painters, Sculptors, and Illustrators"
"Fine Arts and Art Studies, Other.",50.0799,27-1013,"Fine Artists, Including Painters, Sculptors, and Illustrators"
Community/Environmental/Socially-Engaged Art.,50.1101,27-1013,"Fine Artists, Including Painters, Sculptors, and Illustrators"
Medical Illustration/Medical Illustrator.,51.2703,27-1013,"Fine Artists, Including Painters, Sculptors, and Illustrators"
"Animation, Interactive Technology, Video Graphics, and Special Effects.",10.0304,27-1014,Special Effects Artists and Animators
"Web Page, Digital/Multimedia and Information Resources Design.",11.0801,27-1014,Special Effects Artists and Animators
"Modeling, Virtual Environments and Simulation.",11.0804,27-1014,Special Effects Artists and Animators
Digital Arts.,50.0102,27-1014,Special Effects Artists and Animators
Graphic Design.,50.0409,27-1014,Special Effects Artists and Animators
Game and Interactive Media Design.,50.0411,27-1014,Special Effects Artists and Animators
Drawing.,50.0705,27-1014,Special Effects Artists and Animators
Intermedia/Multimedia.,50.0706,27-1014,Special Effects Artists and Animators
Painting.,50.0708,27-1014,Special Effects Artists and Animators
"Visual and Performing Arts, General.",50.0101,27-1019,"Artists and Related Workers, All Other"
Digital Arts.,50.0102,27-1019,"Artists and Related Workers, All Other"
"Crafts/Craft Design, Folk Art and Artisanry.",50.0201,27-1019,"Artists and Related Workers, All Other"
Commercial and Advertising Art.,50.0402,27-1019,"Artists and Related Workers, All Other"
Graphic Design.,50.0409,27-1019,"Artists and Related Workers, All Other"
Illustration.,50.041,27-1019,"Artists and Related Workers, All Other"
"Fine/Studio Arts, General.",50.0702,27-1019,"Artists and Related Workers, All Other"
"Fine Arts and Art Studies, Other.",50.0799,27-1019,"Artists and Related Workers, All Other"
Community/Environmental/Socially-Engaged Art.,50.1101,27-1019,"Artists and Related Workers, All Other"
Packaging Science.,15.1503,27-1021,Commercial and Industrial Designers
Energy Systems Technology/Technician.,15.1701,27-1021,Commercial and Industrial Designers
"Design and Visual Communications, General.",50.0401,27-1021,Commercial and Industrial Designers
Commercial and Advertising Art.,50.0402,27-1021,Commercial and Industrial Designers
Industrial and Product Design.,50.0404,27-1021,Commercial and Industrial Designers
Apparel and Textile Manufacture.,19.0902,27-1022,Fashion Designers
Textile Science.,19.0904,27-1022,Fashion Designers
Fashion and Fabric Consultant.,19.0906,27-1022,Fashion Designers
Fashion/Apparel Design.,50.0407,27-1022,Fashion Designers
Costume Design.,50.051,27-1022,Fashion Designers
NO MATCH,99.9999,27-1023,Floral Designers
"Web Page, Digital/Multimedia and Information Resources Design.",11.0801,27-1024,Graphic Designers
Computer Graphics.,11.0803,27-1024,Graphic Designers
Digital Arts.,50.0102,27-1024,Graphic Designers
"Design and Visual Communications, General.",50.0401,27-1024,Graphic Designers
Commercial and Advertising Art.,50.0402,27-1024,Graphic Designers
Industrial and Product Design.,50.0404,27-1024,Graphic Designers
Graphic Design.,50.0409,27-1024,Graphic Designers
Facilities Planning and Management.,19.0604,27-1025,Interior Designers
"Housing and Human Environments, Other.",19.0699,27-1025,Interior Designers
Textile Science.,19.0904,27-1025,Interior Designers
Design for Human Health.,30.3701,27-1025,Interior Designers
Healthcare Environment Design/Architecture.,4.0402,27-1025,Interior Designers
Interior Architecture.,4.0501,27-1025,Interior Designers
Interior Design.,50.0408,27-1025,Interior Designers
Fashion Modeling.,52.1903,27-1026,Merchandise Displayers and Window Trimmers
"Design and Visual Communications, General.",50.0401,27-1027,Set and Exhibit Designers
Illustration.,50.041,27-1027,Set and Exhibit Designers
Technical Theatre/Theatre Design and Technology.,50.0502,27-1027,Set and Exhibit Designers
"Design and Visual Communications, General.",50.0401,27-1029,"Designers, All Other"
Industrial and Product Design.,50.0404,27-1029,"Designers, All Other"
Illustration.,50.041,27-1029,"Designers, All Other"
"Drama and Dramatics/Theatre Arts, General.",50.0501,27-2011,Actors
Acting.,50.0506,27-2011,Actors
Directing and Theatrical Production.,50.0507,27-2011,Actors
Musical Theatre.,50.0509,27-2011,Actors
Comedy Writing and Performance.,50.0511,27-2011,Actors
Theatre and Dance.,50.0512,27-2011,Actors
"Dramatic/Theatre Arts and Stagecraft, Other.",50.0599,27-2011,Actors
"Drama and Dramatics/Theatre Arts, General.",50.0501,27-2012,Producers and Directors
Directing and Theatrical Production.,50.0507,27-2012,Producers and Directors
Musical Theatre.,50.0509,27-2012,Producers and Directors
Theatre and Dance.,50.0512,27-2012,Producers and Directors
"Dramatic/Theatre Arts and Stagecraft, Other.",50.0599,27-2012,Producers and Directors
Film/Cinema/Media Studies.,50.0601,27-2012,Producers and Directors
Cinematography and Film/Video Production.,50.0602,27-2012,Producers and Directors
Documentary Production.,50.0607,27-2012,Producers and Directors
Theatre/Theatre Arts Management.,50.1004,27-2012,Producers and Directors
Radio and Television.,9.0701,27-2012,Producers and Directors
"Sports, Kinesiology, and Physical Education/Fitness, General.",31.0501,27-2021,Athletes and Sports Competitors
Physical Education Teaching and Coaching.,13.1314,27-2022,Coaches and Scouts
"Sports, Kinesiology, and Physical Education/Fitness, General.",31.0501,27-2022,Coaches and Scouts
Sport and Fitness Administration/Management.,31.0504,27-2022,Coaches and Scouts
Performance and Sport Psychology.,42.2815,27-2022,Coaches and Scouts
NO MATCH,99.9999,27-2023,"Umpires, Referees, and Other Sports Officials"
"Dance, General.",50.0301,27-2031,Dancers
Ballet.,50.0302,27-2031,Dancers
"Dance, Other.",50.0399,27-2031,Dancers
Musical Theatre.,50.0509,27-2031,Dancers
Theatre and Dance.,50.0512,27-2031,Dancers
"Dance, General.",50.0301,27-2032,Choreographers
Ballet.,50.0302,27-2032,Choreographers
"Dance, Other.",50.0399,27-2032,Choreographers
Musical Theatre.,50.0509,27-2032,Choreographers
Theatre and Dance.,50.0512,27-2032,Choreographers
Religious/Sacred Music.,39.0501,27-2041,Music Directors and Composers
Worship Ministry.,39.0502,27-2041,Music Directors and Composers
Musical Theatre.,50.0509,27-2041,Music Directors and Composers
"Music Performance, General.",50.0903,27-2041,Music Directors and Composers
Music Theory and Composition.,50.0904,27-2041,Music Directors and Composers
Musicology and Ethnomusicology.,50.0905,27-2041,Music Directors and Composers
Conducting.,50.0906,27-2041,Music Directors and Composers
Voice and Opera.,50.0908,27-2041,Music Directors and Composers
Music Technology.,50.0913,27-2041,Music Directors and Composers
Sound Arts.,50.0917,27-2041,Music Directors and Composers
"Music, Other.",50.0999,27-2041,Music Directors and Composers
Music Management.,50.1003,27-2041,Music Directors and Composers
Musical Theatre.,50.0509,27-2042,Musicians and Singers
"Music, General.",50.0901,27-2042,Musicians and Singers
"Music Performance, General.",50.0903,27-2042,Musicians and Singers
Keyboard Instruments.,50.0907,27-2042,Musicians and Singers
Voice and Opera.,50.0908,27-2042,Musicians and Singers
Jazz/Jazz Studies.,50.091,27-2042,Musicians and Singers
Stringed Instruments.,50.0911,27-2042,Musicians and Singers
Music Pedagogy.,50.0912,27-2042,Musicians and Singers
Brass Instruments.,50.0914,27-2042,Musicians and Singers
Woodwind Instruments.,50.0915,27-2042,Musicians and Singers
Percussion Instruments.,50.0916,27-2042,Musicians and Singers
"Music, Other.",50.0999,27-2042,Musicians and Singers
Recording Arts Technology/Technician.,10.0203,27-2091,"Disc Jockeys, Except Radio"
Audio Engineering Technology/Technician.,15.0307,27-2091,"Disc Jockeys, Except Radio"
Music Technology.,50.0913,27-2091,"Disc Jockeys, Except Radio"
"Drama and Dramatics/Theatre Arts, General.",50.0501,27-2099,"Entertainers and Performers, Sports and Related Workers, All Other"
Directing and Theatrical Production.,50.0507,27-2099,"Entertainers and Performers, Sports and Related Workers, All Other"
Theatre and Dance.,50.0512,27-2099,"Entertainers and Performers, Sports and Related Workers, All Other"
"Dramatic/Theatre Arts and Stagecraft, Other.",50.0599,27-2099,"Entertainers and Performers, Sports and Related Workers, All Other"
Sports Communication.,9.0906,27-2099,"Entertainers and Performers, Sports and Related Workers, All Other"
"Communication, General.",9.01,27-3011,Broadcast Announcers and Radio Disc Jockeys
Speech Communication and Rhetoric.,9.0101,27-3011,Broadcast Announcers and Radio Disc Jockeys
Broadcast Journalism.,9.0402,27-3011,Broadcast Announcers and Radio Disc Jockeys
Radio and Television.,9.0701,27-3011,Broadcast Announcers and Radio Disc Jockeys
Sports Communication.,9.0906,27-3011,Broadcast Announcers and Radio Disc Jockeys
Agricultural Communication/Journalism.,1.0802,27-3023,"News Analysts, Reporters, and Journalists"
"Communication, General.",9.01,27-3023,"News Analysts, Reporters, and Journalists"
Mass Communication/Media Studies.,9.0102,27-3023,"News Analysts, Reporters, and Journalists"
Journalism.,9.0401,27-3023,"News Analysts, Reporters, and Journalists"
Broadcast Journalism.,9.0402,27-3023,"News Analysts, Reporters, and Journalists"
Photojournalism.,9.0404,27-3023,"News Analysts, Reporters, and Journalists"
Business and Economic Journalism.,9.0405,27-3023,"News Analysts, Reporters, and Journalists"
Cultural Journalism.,9.0406,27-3023,"News Analysts, Reporters, and Journalists"
Science/Health/Environmental Journalism.,9.0407,27-3023,"News Analysts, Reporters, and Journalists"
"Journalism, Other.",9.0499,27-3023,"News Analysts, Reporters, and Journalists"
Radio and Television.,9.0701,27-3023,"News Analysts, Reporters, and Journalists"
Political Communication.,9.0904,27-3023,"News Analysts, Reporters, and Journalists"
Sports Communication.,9.0906,27-3023,"News Analysts, Reporters, and Journalists"
International and Intercultural Communication.,9.0907,27-3023,"News Analysts, Reporters, and Journalists"
Family and Consumer Sciences/Human Sciences Communication.,19.0202,27-3031,Public Relations Specialists
"Business/Corporate Communications, General.",52.0501,27-3031,Public Relations Specialists
"Business/Corporate Communications, Other.",52.0599,27-3031,Public Relations Specialists
"Communication, General.",9.01,27-3031,Public Relations Specialists
Speech Communication and Rhetoric.,9.0101,27-3031,Public Relations Specialists
"Public Relations, Advertising, and Applied Communication.",9.09,27-3031,Public Relations Specialists
Public Relations/Image Management.,9.0902,27-3031,Public Relations Specialists
Political Communication.,9.0904,27-3031,Public Relations Specialists
Health Communication.,9.0905,27-3031,Public Relations Specialists
Sports Communication.,9.0906,27-3031,Public Relations Specialists
International and Intercultural Communication.,9.0907,27-3031,Public Relations Specialists
"Writing, General.",23.1301,27-3041,Editors
Creative Writing.,23.1302,27-3041,Editors
"Professional, Technical, Business, and Scientific Writing.",23.1303,27-3041,Editors
Rhetoric and Composition.,23.1304,27-3041,Editors
"Rhetoric and Composition/Writing Studies, Other.",23.1399,27-3041,Editors
General Literature.,23.1401,27-3041,Editors
Children's and Adolescent Literature.,23.1405,27-3041,Editors
"Literature, Other.",23.1499,27-3041,Editors
"Business/Corporate Communications, General.",52.0501,27-3041,Editors
Grantsmanship.,52.0502,27-3041,Editors
"Business/Corporate Communications, Other.",52.0599,27-3041,Editors
"Communication, General.",9.01,27-3041,Editors
Mass Communication/Media Studies.,9.0102,27-3041,Editors
Journalism.,9.0401,27-3041,Editors
Broadcast Journalism.,9.0402,27-3041,Editors
Technical and Scientific Communication.,9.0908,27-3041,Editors
Publishing.,9.1001,27-3041,Editors
"Communication, Journalism, and Related Programs, Other.",9.9999,27-3041,Editors
Family and Consumer Sciences/Human Sciences Communication.,19.0202,27-3042,Technical Writers
"Writing, General.",23.1301,27-3042,Technical Writers
"Professional, Technical, Business, and Scientific Writing.",23.1303,27-3042,Technical Writers
"Business/Corporate Communications, General.",52.0501,27-3042,Technical Writers
Grantsmanship.,52.0502,27-3042,Technical Writers
"Business/Corporate Communications, Other.",52.0599,27-3042,Technical Writers
Technical and Scientific Communication.,9.0908,27-3042,Technical Writers
Family and Consumer Sciences/Human Sciences Communication.,19.0202,27-3043,Writers and Authors
"Writing, General.",23.1301,27-3043,Writers and Authors
Creative Writing.,23.1302,27-3043,Writers and Authors
"Professional, Technical, Business, and Scientific Writing.",23.1303,27-3043,Writers and Authors
Rhetoric and Composition.,23.1304,27-3043,Writers and Authors
"Rhetoric and Composition/Writing Studies, Other.",23.1399,27-3043,Writers and Authors
General Literature.,23.1401,27-3043,Writers and Authors
Children's and Adolescent Literature.,23.1405,27-3043,Writers and Authors
"Literature, Other.",23.1499,27-3043,Writers and Authors
Playwriting and Screenwriting.,50.0504,27-3043,Writers and Authors
Comedy Writing and Performance.,50.0511,27-3043,Writers and Authors
"Business/Corporate Communications, General.",52.0501,27-3043,Writers and Authors
"Business/Corporate Communications, Other.",52.0599,27-3043,Writers and Authors
"Communication, General.",9.01,27-3043,Writers and Authors
Speech Communication and Rhetoric.,9.0101,27-3043,Writers and Authors
Mass Communication/Media Studies.,9.0102,27-3043,Writers and Authors
Journalism.,9.0401,27-3043,Writers and Authors
Broadcast Journalism.,9.0402,27-3043,Writers and Authors
"Communication, Journalism, and Related Programs, Other.",9.9999,27-3043,Writers and Authors
Education/Teaching of Individuals with Hearing Impairments Including Deafness.,13.1003,27-3091,Interpreters and Translators
"Foreign Languages and Literatures, General.",16.0101,27-3091,Interpreters and Translators
Linguistics.,16.0102,27-3091,Interpreters and Translators
Language Interpretation and Translation.,16.0103,27-3091,Interpreters and Translators
Applied Linguistics.,16.0105,27-3091,Interpreters and Translators
"African Languages, Literatures, and Linguistics.",16.0201,27-3091,Interpreters and Translators
"East Asian Languages, Literatures, and Linguistics, General.",16.03,27-3091,Interpreters and Translators
Chinese Language and Literature.,16.0301,27-3091,Interpreters and Translators
Japanese Language and Literature.,16.0302,27-3091,Interpreters and Translators
Korean Language and Literature.,16.0303,27-3091,Interpreters and Translators
Tibetan Language and Literature.,16.0304,27-3091,Interpreters and Translators
"East Asian Languages, Literatures, and Linguistics, Other.",16.0399,27-3091,Interpreters and Translators
"Slavic Languages, Literatures, and Linguistics, General.",16.04,27-3091,Interpreters and Translators
"Baltic Languages, Literatures, and Linguistics.",16.0401,27-3091,Interpreters and Translators
Russian Language and Literature.,16.0402,27-3091,Interpreters and Translators
Albanian Language and Literature.,16.0404,27-3091,Interpreters and Translators
Bulgarian Language and Literature.,16.0405,27-3091,Interpreters and Translators
Czech Language and Literature.,16.0406,27-3091,Interpreters and Translators
Polish Language and Literature.,16.0407,27-3091,Interpreters and Translators
"Bosnian, Serbian, and Croatian Languages and Literatures.",16.0408,27-3091,Interpreters and Translators
Slovak Language and Literature.,16.0409,27-3091,Interpreters and Translators
Ukrainian Language and Literature.,16.041,27-3091,Interpreters and Translators
"Slavic, Baltic, and Albanian Languages, Literatures, and Linguistics, Other.",16.0499,27-3091,Interpreters and Translators
"Germanic Languages, Literatures, and Linguistics, General.",16.05,27-3091,Interpreters and Translators
German Language and Literature.,16.0501,27-3091,Interpreters and Translators
"Scandinavian Languages, Literatures, and Linguistics.",16.0502,27-3091,Interpreters and Translators
Danish Language and Literature.,16.0503,27-3091,Interpreters and Translators
Dutch/Flemish Language and Literature.,16.0504,27-3091,Interpreters and Translators
Norwegian Language and Literature.,16.0505,27-3091,Interpreters and Translators
Swedish Language and Literature.,16.0506,27-3091,Interpreters and Translators
"Germanic Languages, Literatures, and Linguistics, Other.",16.0599,27-3091,Interpreters and Translators
Modern Greek Language and Literature.,16.0601,27-3091,Interpreters and Translators
"South Asian Languages, Literatures, and Linguistics, General.",16.07,27-3091,Interpreters and Translators
Hindi Language and Literature.,16.0701,27-3091,Interpreters and Translators
"Sanskrit and Classical Indian Languages, Literatures, and Linguistics.",16.0702,27-3091,Interpreters and Translators
Bengali Language and Literature.,16.0704,27-3091,Interpreters and Translators
Punjabi Language and Literature.,16.0705,27-3091,Interpreters and Translators
Tamil Language and Literature.,16.0706,27-3091,Interpreters and Translators
Urdu Language and Literature.,16.0707,27-3091,Interpreters and Translators
"South Asian Languages, Literatures, and Linguistics, Other.",16.0799,27-3091,Interpreters and Translators
"Iranian Languages, Literatures, and Linguistics.",16.0801,27-3091,Interpreters and Translators
"Romance Languages, Literatures, and Linguistics, General.",16.09,27-3091,Interpreters and Translators
French Language and Literature.,16.0901,27-3091,Interpreters and Translators
Italian Language and Literature.,16.0902,27-3091,Interpreters and Translators
Portuguese Language and Literature.,16.0904,27-3091,Interpreters and Translators
Spanish Language and Literature.,16.0905,27-3091,Interpreters and Translators
Romanian Language and Literature.,16.0906,27-3091,Interpreters and Translators
Catalan Language and Literature.,16.0907,27-3091,Interpreters and Translators
"Hispanic and Latin American Languages, Literatures, and Linguistics, General.",16.0908,27-3091,Interpreters and Translators
"Romance Languages, Literatures, and Linguistics, Other.",16.0999,27-3091,Interpreters and Translators
"American Indian/Native American Languages, Literatures, and Linguistics.",16.1001,27-3091,Interpreters and Translators
"Middle/Near Eastern and Semitic Languages, Literatures, and Linguistics, General.",16.11,27-3091,Interpreters and Translators
Arabic Language and Literature.,16.1101,27-3091,Interpreters and Translators
Hebrew Language and Literature.,16.1102,27-3091,Interpreters and Translators
"Ancient Near Eastern and Biblical Languages, Literatures, and Linguistics.",16.1103,27-3091,Interpreters and Translators
"Middle/Near Eastern and Semitic Languages, Literatures, and Linguistics, Other.",16.1199,27-3091,Interpreters and Translators
"Classics and Classical Languages, Literatures, and Linguistics, General.",16.12,27-3091,Interpreters and Translators
Ancient/Classical Greek Language and Literature.,16.1202,27-3091,Interpreters and Translators
Latin Language and Literature.,16.1203,27-3091,Interpreters and Translators
"Classics and Classical Languages, Literatures, and Linguistics, Other.",16.1299,27-3091,Interpreters and Translators
"Celtic Languages, Literatures, and Linguistics.",16.1301,27-3091,Interpreters and Translators
"Southeast Asian Languages, Literatures, and Linguistics, General.",16.14,27-3091,Interpreters and Translators
"Australian/Oceanic/Pacific Languages, Literatures, and Linguistics.",16.1401,27-3091,Interpreters and Translators
Indonesian/Malay Languages and Literatures.,16.1402,27-3091,Interpreters and Translators
Burmese Language and Literature.,16.1403,27-3091,Interpreters and Translators
Filipino/Tagalog Language and Literature.,16.1404,27-3091,Interpreters and Translators
Khmer/Cambodian Language and Literature.,16.1405,27-3091,Interpreters and Translators
Lao Language and Literature.,16.1406,27-3091,Interpreters and Translators
Thai Language and Literature.,16.1407,27-3091,Interpreters and Translators
Vietnamese Language and Literature.,16.1408,27-3091,Interpreters and Translators
Hawaiian Language and Literature.,16.1409,27-3091,Interpreters and Translators
"Southeast Asian and Australasian/Pacific Languages, Literatures, and Linguistics, Other.",16.1499,27-3091,Interpreters and Translators
Turkish Language and Literature.,16.1501,27-3091,Interpreters and Translators
"Uralic Languages, Literatures, and Linguistics.",16.1502,27-3091,Interpreters and Translators
Hungarian/Magyar Language and Literature.,16.1503,27-3091,Interpreters and Translators
Mongolian Language and Literature.,16.1504,27-3091,Interpreters and Translators
"Turkic, Uralic-Altaic, Caucasian, and Central Asian Languages, Literatures, and Linguistics, Other.",16.1599,27-3091,Interpreters and Translators
American Sign Language (ASL).,16.1601,27-3091,Interpreters and Translators
Linguistics of ASL and Other Sign Languages.,16.1602,27-3091,Interpreters and Translators
Sign Language Interpretation and Translation.,16.1603,27-3091,Interpreters and Translators
"American Sign Language, Other.",16.1699,27-3091,Interpreters and Translators
Armenian Language and Literature.,16.1801,27-3091,Interpreters and Translators
"Foreign Languages, Literatures, and Linguistics, Other.",16.9999,27-3091,Interpreters and Translators
Court Interpreter.,22.0304,27-3091,Interpreters and Translators
Economics and Foreign Language/Literature.,30.4001,27-3091,Interpreters and Translators
History and Language/Literature.,30.4501,27-3091,Interpreters and Translators
Deaf Studies.,5.0211,27-3091,Interpreters and Translators
Voice Writing Technology/Technician.,10.0204,27-3092,Court Reporters and Simultaneous Captioners
Court Reporting and Captioning/Court Reporter.,22.0303,27-3092,Court Reporters and Simultaneous Captioners
Court Interpreter.,22.0304,27-3092,Court Reporters and Simultaneous Captioners
Scopist.,22.0305,27-3092,Court Reporters and Simultaneous Captioners
Communications Technology/Technician.,10.0105,27-3099,"Media and Communication Workers, All Other"
Speech Communication and Rhetoric.,9.0101,27-3099,"Media and Communication Workers, All Other"
Digital Communication and Media/Multimedia.,9.0702,27-3099,"Media and Communication Workers, All Other"
Agricultural Communication/Journalism.,1.0802,27-4011,Audio and Video Technicians
Photographic and Film/Video Technology/Technician.,10.0201,27-4011,Audio and Video Technicians
Recording Arts Technology/Technician.,10.0203,27-4011,Audio and Video Technicians
Communications Technology/Technician.,10.0105,27-4012,Broadcast Technicians
Radio and Television Broadcasting Technology/Technician.,10.0202,27-4012,Broadcast Technicians
"Audiovisual Communications Technologies/Technicians, Other.",10.0299,27-4012,Broadcast Technicians
Communications Technology/Technician.,10.0105,27-4014,Sound Engineering Technicians
Recording Arts Technology/Technician.,10.0203,27-4014,Sound Engineering Technicians
Audio Engineering Technology/Technician.,15.0307,27-4014,Sound Engineering Technicians
Music Technology.,50.0913,27-4014,Sound Engineering Technicians
Photographic and Film/Video Technology/Technician.,10.0201,27-4015,Lighting Technicians
Radio and Television Broadcasting Technology/Technician.,10.0202,27-4015,Lighting Technicians
"Visual and Performing Arts, General.",50.0101,27-4021,Photographers
Digital Arts.,50.0102,27-4021,Photographers
Commercial Photography.,50.0406,27-4021,Photographers
Photography.,50.0605,27-4021,Photographers
"Art/Art Studies, General.",50.0701,27-4021,Photographers
Photojournalism.,9.0404,27-4021,Photographers
Radio and Television Broadcasting Technology/Technician.,10.0202,27-4031,"Camera Operators, Television, Video, and Film"
"Audiovisual Communications Technologies/Technicians, Other.",10.0299,27-4031,"Camera Operators, Television, Video, and Film"
Cinematography and Film/Video Production.,50.0602,27-4031,"Camera Operators, Television, Video, and Film"
Documentary Production.,50.0607,27-4031,"Camera Operators, Television, Video, and Film"
Communications Technology/Technician.,10.0105,27-4032,Film and Video Editors
Radio and Television Broadcasting Technology/Technician.,10.0202,27-4032,Film and Video Editors
"Audiovisual Communications Technologies/Technicians, Other.",10.0299,27-4032,Film and Video Editors
Cinematography and Film/Video Production.,50.0602,27-4032,Film and Video Editors
Documentary Production.,50.0607,27-4032,Film and Video Editors
Photojournalism.,9.0404,27-4032,Film and Video Editors
Radio and Television.,9.0701,27-4032,Film and Video Editors
NO MATCH,99.9999,27-4099,"Media and Communication Equipment Workers, All Other"
Chiropractic.,51.0101,29-1011,Chiropractors
Dentistry.,51.0401,29-1021,"Dentists, General"
Advanced General Dentistry.,51.0502,29-1021,"Dentists, General"
Pediatric Dentistry/Pedodontics.,51.0509,29-1021,"Dentists, General"
Dental Public Health Residency Program.,60.0102,29-1021,"Dentists, General"
Pediatric Dentistry Residency Program.,60.0106,29-1021,"Dentists, General"
Oral/Maxillofacial Surgery.,51.0507,29-1022,Oral and Maxillofacial Surgeons
Oral and Maxillofacial Surgery Residency Program.,60.0101,29-1022,Oral and Maxillofacial Surgeons
Orthodontics/Orthodontology.,51.0508,29-1023,Orthodontists
Orthodontics Residency Program.,60.0105,29-1023,Orthodontists
Prosthodontics/Prosthodontology.,51.0511,29-1024,Prosthodontists
Prosthodontics Residency Program.,60.0108,29-1024,Prosthodontists
Implantology Fellowship Program.,60.011,29-1024,Prosthodontists
"Dental Clinical Sciences, General.",51.0501,29-1029,"Dentists, All Other Specialists"
Oral Biology and Oral and Maxillofacial Pathology.,51.0503,29-1029,"Dentists, All Other Specialists"
Dental Public Health and Education.,51.0504,29-1029,"Dentists, All Other Specialists"
Dental Materials.,51.0505,29-1029,"Dentists, All Other Specialists"
Endodontics/Endodontology.,51.0506,29-1029,"Dentists, All Other Specialists"
Periodontics/Periodontology.,51.051,29-1029,"Dentists, All Other Specialists"
Digital Dentistry.,51.0512,29-1029,"Dentists, All Other Specialists"
Geriatric Dentistry.,51.0513,29-1029,"Dentists, All Other Specialists"
Implantology/Implant Dentistry.,51.0514,29-1029,"Dentists, All Other Specialists"
"Advanced/Graduate Dentistry and Oral Sciences, Other.",51.0599,29-1029,"Dentists, All Other Specialists"
Temporomandibular Disorders and Orofacial Pain.,51.1404,29-1029,"Dentists, All Other Specialists"
Dental Public Health Residency Program.,60.0102,29-1029,"Dentists, All Other Specialists"
Endodontics Residency Program.,60.0103,29-1029,"Dentists, All Other Specialists"
Oral and Maxillofacial Pathology Residency Program.,60.0104,29-1029,"Dentists, All Other Specialists"
Pediatric Dentistry Residency Program.,60.0106,29-1029,"Dentists, All Other Specialists"
Periodontology Residency Program.,60.0107,29-1029,"Dentists, All Other Specialists"
Oral and Maxillofacial Radiology Residency Program.,60.0109,29-1029,"Dentists, All Other Specialists"
"Dental Residency/Fellowship Program, Other.",60.0199,29-1029,"Dentists, All Other Specialists"
"Foods, Nutrition, and Wellness Studies, General.",19.0501,29-1031,Dietitians and Nutritionists
Human Nutrition.,19.0504,29-1031,Dietitians and Nutritionists
Foodservice Systems Administration/Management.,19.0505,29-1031,Dietitians and Nutritionists
"Foods, Nutrition, and Related Services, Other.",19.0599,29-1031,Dietitians and Nutritionists
Nutrition Sciences.,30.1901,29-1031,Dietitians and Nutritionists
Dietetics/Dietitian.,51.3101,29-1031,Dietitians and Nutritionists
Clinical Nutrition/Nutritionist.,51.3102,29-1031,Dietitians and Nutritionists
"Dietetics and Clinical Nutrition Services, Other.",51.3199,29-1031,Dietitians and Nutritionists
Optometry.,51.1701,29-1041,Optometrists
Pharmacy.,51.2001,29-1051,Pharmacists
"Clinical, Hospital, and Managed Care Pharmacy.",51.2008,29-1051,Pharmacists
"Pharmacy Residency/Fellowship Program, General.",60.0801,29-1051,Pharmacists
Combined Pharmacy Residency/Fellowship Program.,60.0802,29-1051,Pharmacists
Ambulatory Care Pharmacy Residency/Fellowship Program.,60.0803,29-1051,Pharmacists
Cardiology Pharmacy Residency/Fellowship Program.,60.0804,29-1051,Pharmacists
Clinical Pharmacogenomics Pharmacy Residency/Fellowship Program.,60.0805,29-1051,Pharmacists
Community/Community-Based Pharmacy Residency/Fellowship Program.,60.0806,29-1051,Pharmacists
Corporate Pharmacy Leadership Residency/Fellowship Program.,60.0807,29-1051,Pharmacists
Critical Care Pharmacy Residency/Fellowship Program.,60.0808,29-1051,Pharmacists
Drug Information Pharmacy Residency/Fellowship Program,60.0809,29-1051,Pharmacists
Emergency Medicine Pharmacy Residency/Fellowship Program.,60.081,29-1051,Pharmacists
Family Medicine Pharmacy Residency/Fellowship Program.,60.0811,29-1051,Pharmacists
Geriatric Pharmacy Residency/Fellowship Program.,60.0812,29-1051,Pharmacists
Health System Medication Management Pharmacy Residency/Fellowship Program.,60.0813,29-1051,Pharmacists
Health System Pharmacy Administration and Leadership Residency/Fellowship Program.,60.0814,29-1051,Pharmacists
Infectious Diseases Pharmacy Residency/Fellowship Program.,60.0815,29-1051,Pharmacists
Internal Medicine Pharmacy Residency/Fellowship Program.,60.0816,29-1051,Pharmacists
Investigational Drugs and Research Pharmacy Residency/Fellowship Program.,60.0817,29-1051,Pharmacists
Managed Care Pharmacy Residency/Fellowship Program.,60.0818,29-1051,Pharmacists
Medication Systems and Operations Pharmacy Residency/Fellowship Program.,60.0819,29-1051,Pharmacists
Medication-Use Safety Pharmacy Residency/Fellowship Program.,60.082,29-1051,Pharmacists
Neonatal Pharmacy Residency/Fellowship Program.,60.0821,29-1051,Pharmacists
Nephrology Pharmacy Residency/Fellowship Program.,60.0822,29-1051,Pharmacists
Neurology Pharmacy Residency/Fellowship Program.,60.0823,29-1051,Pharmacists
Nuclear Pharmacy Residency/Fellowship Program.,60.0824,29-1051,Pharmacists
Nutrition Support Pharmacy Residency/Fellowship Program.,60.0825,29-1051,Pharmacists
Oncology Pharmacy Residency/Fellowship Program.,60.0826,29-1051,Pharmacists
Palliative Care/Pain Management Pharmacy Residency/Fellowship Program.,60.0827,29-1051,Pharmacists
Pediatric Pharmacy Residency/Fellowship Program.,60.0828,29-1051,Pharmacists
Pharmacotherapy Pharmacy Residency/Fellowship Program.,60.0829,29-1051,Pharmacists
Pharmacy Informatics Pharmacy Residency/Fellowship Program.,60.083,29-1051,Pharmacists
Psychiatric Pharmacy Residency/Fellowship Program.,60.0831,29-1051,Pharmacists
Transplantation Pharmacy Residency/Fellowship Program.,60.0832,29-1051,Pharmacists
"Pharmacy Residency Programs, Other.",60.0899,29-1051,Pharmacists
Physician Assistant.,51.0912,29-1071,Physician Assistants
"Physician Assistant Residency/Fellowship Program, General.",60.0901,29-1071,Physician Assistants
Combined Physician Assistant Residency/Fellowship Program.,60.0902,29-1071,Physician Assistants
Acute Care Medicine Physician Assistant Residency/Fellowship Program.,60.0903,29-1071,Physician Assistants
Acute Care Surgery Physician Assistant Residency/Fellowship Program.,60.0904,29-1071,Physician Assistants
Cardiology Physician Assistant Residency/Fellowship Program.,60.0905,29-1071,Physician Assistants
Cardiothoracic Surgery Physician Assistant Residency/Fellowship Program.,60.0906,29-1071,Physician Assistants
Critical Care Physician Assistant Residency/Fellowship Program.,60.0907,29-1071,Physician Assistants
Critical Care and Trauma Surgery Physician Assistant Residency/Fellowship Program.,60.0908,29-1071,Physician Assistants
Emergency Medicine Physician Assistant Residency/Fellowship Program.,60.0909,29-1071,Physician Assistants
ENT Surgery Physician Assistant Residency/Fellowship Program.,60.091,29-1071,Physician Assistants
Family Medicine Physician Assistant Residency/Fellowship Program.,60.0911,29-1071,Physician Assistants
Geriatrics Physician Assistant Residency/Fellowship Program.,60.0912,29-1071,Physician Assistants
Hematology-Oncology Physician Assistant Residency/Fellowship Program.,60.0913,29-1071,Physician Assistants
Hepatobiliary Surgery Physician Assistant Residency/Fellowship Program.,60.0914,29-1071,Physician Assistants
Hospitalist Physician Assistant Residency/Fellowship Program.,60.0915,29-1071,Physician Assistants
Neurosurgery Physician Assistant Residency/Fellowship Program.,60.0916,29-1071,Physician Assistants
Orthopedic Surgery Physician Assistant Residency/Fellowship Program.,60.0917,29-1071,Physician Assistants
Pediatric Surgery Physician Assistant Residency/Fellowship Program.,60.0918,29-1071,Physician Assistants
Transplant Surgery Physician Assistant Residency/Fellowship Program.,60.0919,29-1071,Physician Assistants
Urology Physician Assistant Residency/Fellowship Program.,60.092,29-1071,Physician Assistants
"Physician Assistant Residency/Fellowship Program, Other.",60.0999,29-1071,Physician Assistants
Podiatric Medicine/Podiatry.,51.1203,29-1081,Podiatrists
Podiatric Medicine and Surgery Residency Program.,61.2201,29-1081,Podiatrists
"Podiatric Medicine Residency/Fellowship Programs, Other.",61.2299,29-1081,Podiatrists
Occupational Therapy/Therapist.,51.2306,29-1122,Occupational Therapists
Physical Therapy/Therapist.,51.2308,29-1123,Physical Therapists
Kinesiotherapy/Kinesiotherapist.,51.2311,29-1123,Physical Therapists
Medical Radiologic Technology/Science - Radiation Therapist.,51.0907,29-1124,Radiation Therapists
Therapeutic Recreation/Recreational Therapy.,51.2309,29-1125,Recreational Therapists
Respiratory Care Therapy/Therapist.,51.0908,29-1126,Respiratory Therapists
"Communication Sciences and Disorders, General.",51.0201,29-1127,Speech-Language Pathologists
Speech-Language Pathology/Pathologist.,51.0203,29-1127,Speech-Language Pathologists
Audiology/Audiologist and Speech-Language Pathology/Pathologist.,51.0204,29-1127,Speech-Language Pathologists
"Communication Disorders Sciences and Services, Other.",51.0299,29-1127,Speech-Language Pathologists
Exercise Physiology and Kinesiology.,26.0908,29-1128,Exercise Physiologists
Exercise Science and Kinesiology.,31.0505,29-1128,Exercise Physiologists
Kinesiotherapy/Kinesiotherapist.,51.2311,29-1128,Exercise Physiologists
"Rehabilitation and Therapeutic Professions, General.",51.23,29-1129,"Therapists, All Other"
Art Therapy/Therapist.,51.2301,29-1129,"Therapists, All Other"
Dance Therapy/Therapist.,51.2302,29-1129,"Therapists, All Other"
Music Therapy/Therapist.,51.2305,29-1129,"Therapists, All Other"
Animal-Assisted Therapy.,51.2313,29-1129,"Therapists, All Other"
Drama Therapy/Therapist.,51.2315,29-1129,"Therapists, All Other"
Horticulture Therapy/Therapist.,51.2316,29-1129,"Therapists, All Other"
Play Therapy/Therapist.,51.2317,29-1129,"Therapists, All Other"
"Rehabilitation and Therapeutic Professions, Other.",51.2399,29-1129,"Therapists, All Other"
Movement Therapy and Movement Education.,51.3601,29-1129,"Therapists, All Other"
Veterinary Medicine.,1.8001,29-1131,Veterinarians
"Veterinary Sciences/Veterinary Clinical Sciences, General.",1.8101,29-1131,Veterinarians
Comparative and Laboratory Animal Medicine.,1.8102,29-1131,Veterinarians
Large Animal/Food Animal and Equine Surgery and Medicine.,1.8103,29-1131,Veterinarians
Small/Companion Animal Surgery and Medicine.,1.8104,29-1131,Veterinarians
Veterinary Anatomy.,1.8105,29-1131,Veterinarians
Veterinary Infectious Diseases.,1.8106,29-1131,Veterinarians
Veterinary Microbiology and Immunobiology.,1.8107,29-1131,Veterinarians
Veterinary Pathology and Pathobiology.,1.8108,29-1131,Veterinarians
Veterinary Physiology.,1.8109,29-1131,Veterinarians
"Veterinary Preventive Medicine, Epidemiology, and Public Health.",1.811,29-1131,Veterinarians
Veterinary Toxicology and Pharmacology.,1.8111,29-1131,Veterinarians
"Veterinary Biomedical and Clinical Sciences, Other.",1.8199,29-1131,Veterinarians
Veterinary Anesthesiology Residency Program.,60.0301,29-1131,Veterinarians
Veterinary Dentistry Residency Program.,60.0302,29-1131,Veterinarians
Veterinary Dermatology Residency Program.,60.0303,29-1131,Veterinarians
Veterinary Emergency and Critical Care Medicine Residency Program.,60.0304,29-1131,Veterinarians
Veterinary Internal Medicine Residency Program.,60.0305,29-1131,Veterinarians
Laboratory Animal Medicine Residency Program.,60.0306,29-1131,Veterinarians
Veterinary Microbiology Residency Program.,60.0307,29-1131,Veterinarians
Veterinary Nutrition Residency Program.,60.0308,29-1131,Veterinarians
Veterinary Ophthalmology Residency Program.,60.0309,29-1131,Veterinarians
Veterinary Pathology Residency Program.,60.031,29-1131,Veterinarians
Veterinary Practice Residency Program.,60.0311,29-1131,Veterinarians
Veterinary Preventive Medicine Residency Program.,60.0312,29-1131,Veterinarians
Veterinary Radiology Residency Program.,60.0313,29-1131,Veterinarians
Veterinary Surgery Residency Program.,60.0314,29-1131,Veterinarians
Theriogenology Residency Program.,60.0315,29-1131,Veterinarians
Veterinary Toxicology Residency Program.,60.0316,29-1131,Veterinarians
Zoological Medicine Residency Program.,60.0317,29-1131,Veterinarians
Poultry Veterinarian Residency Program.,60.0318,29-1131,Veterinarians
Veterinary Behaviorist Residency Program.,60.0319,29-1131,Veterinarians
Veterinary Clinical Pharmacology Residency Program.,60.032,29-1131,Veterinarians
"Veterinary Residency/Fellowship Program, Other.",60.0399,29-1131,Veterinarians
Registered Nursing/Registered Nurse.,51.3801,29-1141,Registered Nurses
Nursing Administration.,51.3802,29-1141,Registered Nurses
Adult Health Nurse/Nursing.,51.3803,29-1141,Registered Nurses
Family Practice Nurse/Nursing.,51.3805,29-1141,Registered Nurses
Maternal/Child Health and Neonatal Nurse/Nursing.,51.3806,29-1141,Registered Nurses
Nursing Science.,51.3808,29-1141,Registered Nurses
Pediatric Nurse/Nursing.,51.3809,29-1141,Registered Nurses
Psychiatric/Mental Health Nurse/Nursing.,51.381,29-1141,Registered Nurses
Public Health/Community Nurse/Nursing.,51.3811,29-1141,Registered Nurses
Perioperative/Operating Room and Surgical Nurse/Nursing.,51.3812,29-1141,Registered Nurses
Clinical Nurse Specialist.,51.3813,29-1141,Registered Nurses
Critical Care Nursing.,51.3814,29-1141,Registered Nurses
Occupational and Environmental Health Nursing.,51.3815,29-1141,Registered Nurses
Emergency Room/Trauma Nursing.,51.3816,29-1141,Registered Nurses
Nursing Practice.,51.3818,29-1141,Registered Nurses
Palliative Care Nursing.,51.3819,29-1141,Registered Nurses
Clinical Nurse Leader.,51.382,29-1141,Registered Nurses
Geriatric Nurse/Nursing.,51.3821,29-1141,Registered Nurses
Women's Health Nurse/Nursing.,51.3822,29-1141,Registered Nurses
Forensic Nursing.,51.3824,29-1141,Registered Nurses
"Registered Nursing, Nursing Administration, Nursing Research and Clinical Nursing, Other.",51.3899,29-1141,Registered Nurses
Nurse Anesthetist.,51.3804,29-1151,Nurse Anesthetists
Nurse Midwife/Nursing Midwifery.,51.3807,29-1161,Nurse Midwives
Nursing Administration.,51.3802,29-1171,Nurse Practitioners
Adult Health Nurse/Nursing.,51.3803,29-1171,Nurse Practitioners
Family Practice Nurse/Nursing.,51.3805,29-1171,Nurse Practitioners
Maternal/Child Health and Neonatal Nurse/Nursing.,51.3806,29-1171,Nurse Practitioners
Nursing Science.,51.3808,29-1171,Nurse Practitioners
Pediatric Nurse/Nursing.,51.3809,29-1171,Nurse Practitioners
Psychiatric/Mental Health Nurse/Nursing.,51.381,29-1171,Nurse Practitioners
Public Health/Community Nurse/Nursing.,51.3811,29-1171,Nurse Practitioners
Perioperative/Operating Room and Surgical Nurse/Nursing.,51.3812,29-1171,Nurse Practitioners
Clinical Nurse Specialist.,51.3813,29-1171,Nurse Practitioners
Critical Care Nursing.,51.3814,29-1171,Nurse Practitioners
Occupational and Environmental Health Nursing.,51.3815,29-1171,Nurse Practitioners
Emergency Room/Trauma Nursing.,51.3816,29-1171,Nurse Practitioners
Nursing Practice.,51.3818,29-1171,Nurse Practitioners
Palliative Care Nursing.,51.3819,29-1171,Nurse Practitioners
Clinical Nurse Leader.,51.382,29-1171,Nurse Practitioners
Geriatric Nurse/Nursing.,51.3821,29-1171,Nurse Practitioners
Women's Health Nurse/Nursing.,51.3822,29-1171,Nurse Practitioners
Forensic Nursing.,51.3824,29-1171,Nurse Practitioners
"Registered Nursing, Nursing Administration, Nursing Research and Clinical Nursing, Other.",51.3899,29-1171,Nurse Practitioners
"Nurse Practitioner Residency/Fellowship Program, General.",60.0701,29-1171,Nurse Practitioners
Combined Nurse Practitioner Residency/Fellowship Program.,60.0702,29-1171,Nurse Practitioners
Acute Care Nurse Practitioner Residency/Fellowship Program.,60.0703,29-1171,Nurse Practitioners
Adult/Gerontology Acute Care Nurse Practitioner Residency/Fellowship Program.,60.0704,29-1171,Nurse Practitioners
Adult/Gerontology Critical Care Nurse Practitioner Residency/Fellowship Program.,60.0705,29-1171,Nurse Practitioners
Cardiology/Cardiovascular Nurse Practitioner Residency/Fellowship Program.,60.0706,29-1171,Nurse Practitioners
Clinical Informatics Nurse Practitioner Residency/Fellowship Program.,60.0707,29-1171,Nurse Practitioners
Dermatology Nurse Practitioner Residency/Fellowship Program.,60.0708,29-1171,Nurse Practitioners
Developmental and Behavioral Pediatrics Nurse Practitioner Residency/Fellowship Program.,60.0709,29-1171,Nurse Practitioners
Diabetes Nurse Practitioner Residency/Fellowship Program.,60.071,29-1171,Nurse Practitioners
Emergency Medicine Nurse Practitioner Residency/Fellowship Program.,60.0711,29-1171,Nurse Practitioners
Endocrinology Nurse Practitioner Residency/Fellowship Program.,60.0712,29-1171,Nurse Practitioners
Family Medicine Nurse Practitioner Residency/Fellowship Program.,60.0713,29-1171,Nurse Practitioners
Gastroenterology and Hepatology Nurse Practitioner Residency/Fellowship Program.,60.0714,29-1171,Nurse Practitioners
Gastroenterology Nurse Practitioner Residency/Fellowship Program.,60.0715,29-1171,Nurse Practitioners
Genetics Nurse Practitioner Residency/Fellowship Program.,60.0716,29-1171,Nurse Practitioners
Gerontology Nurse Practitioner Residency/Fellowship Program.,60.0717,29-1171,Nurse Practitioners
Global Health Nurse Practitioner Residency/Fellowship Program.,60.0718,29-1171,Nurse Practitioners
Hematology-Oncology Nurse Practitioner Residency/Fellowship Program.,60.0719,29-1171,Nurse Practitioners
Hepatology Nurse Practitioner Residency/Fellowship Program.,60.072,29-1171,Nurse Practitioners
Home-Based Primary Care Nurse Practitioner Residency/Fellowship Program.,60.0721,29-1171,Nurse Practitioners
Hospice and Palliative Medicine Nurse Practitioner Residency/Fellowship Program.,60.0722,29-1171,Nurse Practitioners
Hospital Medicine Nurse Practitioner Residency/Fellowship Program.,60.0723,29-1171,Nurse Practitioners
Infectious Diseases Nurse Practitioner Residency/Fellowship Program.,60.0724,29-1171,Nurse Practitioners
Neonatal Nurse Practitioner Residency/Fellowship Program.,60.0725,29-1171,Nurse Practitioners
Nephrology Nurse Practitioner Residency/Fellowship Program.,60.0726,29-1171,Nurse Practitioners
Neurology Nurse Practitioner Residency/Fellowship Program.,60.0727,29-1171,Nurse Practitioners
Neuroscience Nurse Practitioner Residency/Fellowship Program.,60.0728,29-1171,Nurse Practitioners
Obstetrics and Gynecology Nurse Practitioner Residency/Fellowship Program.,60.0729,29-1171,Nurse Practitioners
Occupational Health Nurse Practitioner Residency/Fellowship Program.,60.073,29-1171,Nurse Practitioners
Orthopedic Nurse Practitioner Residency/Fellowship Program.,60.0731,29-1171,Nurse Practitioners
Orthopedic Surgery Nurse Practitioner Residency/Fellowship Program.,60.0732,29-1171,Nurse Practitioners
Pain Management Nurse Practitioner Residency/Fellowship Program.,60.0733,29-1171,Nurse Practitioners
Palliative Care Nurse Practitioner Residency/Fellowship Program.,60.0734,29-1171,Nurse Practitioners
Pediatric Hematology-Oncology Nurse Practitioner Residency/Fellowship Program.,60.0735,29-1171,Nurse Practitioners
Pediatric Nurse Practitioner Residency/Fellowship Program.,60.0736,29-1171,Nurse Practitioners
Pediatric Rehabilitation Nurse Practitioner Residency/Fellowship Program.,60.0737,29-1171,Nurse Practitioners
Psychiatric/Mental Health Nurse Practitioner Residency/Fellowship Program.,60.0738,29-1171,Nurse Practitioners
Public/Community Health Nurse Practitioner Residency/Fellowship Program.,60.0739,29-1171,Nurse Practitioners
Pulmonary Nurse Practitioner Residency/Fellowship Program.,60.074,29-1171,Nurse Practitioners
Rheumatology Nurse Practitioner Residency/Fellowship Program.,60.0741,29-1171,Nurse Practitioners
Rural Health Nurse Practitioner Residency/Fellowship Program.,60.0742,29-1171,Nurse Practitioners
Sleep Medicine Nurse Practitioner Residency/Fellowship Program.,60.0743,29-1171,Nurse Practitioners
Surgical and Critical Care Nurse Practitioner Residency/Fellowship Program.,60.0744,29-1171,Nurse Practitioners
Surgical Wound and Reconstruction Nurse Practitioner Residency/Fellowship Program.,60.0745,29-1171,Nurse Practitioners
Transplantation Nurse Practitioner Residency/Fellowship Program.,60.0746,29-1171,Nurse Practitioners
Trauma and Critical Care Nurse Practitioner Residency/Fellowship Program.,60.0747,29-1171,Nurse Practitioners
Urgent Care Nurse Practitioner Residency/Fellowship Program.,60.0748,29-1171,Nurse Practitioners
Urology Nurse Practitioner Residency/Fellowship Program.,60.0749,29-1171,Nurse Practitioners
Women's Health Nurse Practitioner Residency/Fellowship Program.,60.075,29-1171,Nurse Practitioners
Wound Care Nurse Practitioner Residency/Fellowship Program.,60.0751,29-1171,Nurse Practitioners
"Nurse Practitioner Residency/Fellowship Program, Other.",60.0799,29-1171,Nurse Practitioners
"Communication Sciences and Disorders, General.",51.0201,29-1181,Audiologists
Audiology/Audiologist.,51.0202,29-1181,Audiologists
Audiology/Audiologist and Speech-Language Pathology/Pathologist.,51.0204,29-1181,Audiologists
"Communication Disorders Sciences and Services, Other.",51.0299,29-1181,Audiologists
Medicine.,51.1201,29-1211,Anesthesiologists
Osteopathic Medicine/Osteopathy.,51.1202,29-1211,Anesthesiologists
Emergency Medicine/Anesthesiology Combined Specialty Program.,61.0103,29-1211,Anesthesiologists
Internal Medicine/Anesthesiology Combined Specialty Program.,61.0108,29-1211,Anesthesiologists
Pediatrics/Anesthesiology Combined Specialty Program.,61.0119,29-1211,Anesthesiologists
Anesthesiology Residency Program.,61.0401,29-1211,Anesthesiologists
"Anesthesiology Residency/Fellowship Programs, Other.",61.0499,29-1211,Anesthesiologists
Medicine.,51.1201,29-1212,Cardiologists
Osteopathic Medicine/Osteopathy.,51.1202,29-1212,Cardiologists
Cardiovascular Disease Fellowship Program.,61.0804,29-1212,Cardiologists
Clinical Cardiac Electrophysiology Fellowship Program.,61.0805,29-1212,Cardiologists
Interventional Cardiology Fellowship Program.,61.0811,29-1212,Cardiologists
Pediatric Cardiology Fellowship Program.,61.1906,29-1212,Cardiologists
Medicine.,51.1201,29-1213,Dermatologists
Osteopathic Medicine/Osteopathy.,51.1202,29-1213,Dermatologists
Internal Medicine/Dermatology Combined Specialty Program.,61.0109,29-1213,Dermatologists
Dermatology Residency Program.,61.0501,29-1213,Dermatologists
Dermatopathology Fellowship Program.,61.0502,29-1213,Dermatologists
Pediatric Dermatology Fellowship Program.,61.0503,29-1213,Dermatologists
"Dermatology Residency/Fellowship Programs, Other.",61.0599,29-1213,Dermatologists
Medicine.,51.1201,29-1214,Emergency Medicine Physicians
Osteopathic Medicine/Osteopathy.,51.1202,29-1214,Emergency Medicine Physicians
Emergency Medicine/Anesthesiology Combined Specialty Program.,61.0103,29-1214,Emergency Medicine Physicians
Family Medicine/Emergency Medicine Combined Specialty Program.,61.0104,29-1214,Emergency Medicine Physicians
Internal Medicine/Emergency Medicine Combined Specialty Program.,61.011,29-1214,Emergency Medicine Physicians
Internal Medicine/Emergency Medicine/Critical Care Medicine Combined Specialty Program.,61.0111,29-1214,Emergency Medicine Physicians
Pediatrics/Emergency Medicine Combined Specialty Program.,61.012,29-1214,Emergency Medicine Physicians
Critical Care Medicine Fellowship Program.,61.0202,29-1214,Emergency Medicine Physicians
Wilderness Medicine Fellowship Program.,61.0217,29-1214,Emergency Medicine Physicians
Emergency Medicine Residency Program.,61.0601,29-1214,Emergency Medicine Physicians
Disaster Medicine Fellowship Program.,61.0602,29-1214,Emergency Medicine Physicians
Emergency Medical Services Fellowship Program.,61.0603,29-1214,Emergency Medicine Physicians
"Emergency Medicine Residency/Fellowship Programs, Other.",61.0699,29-1214,Emergency Medicine Physicians
Pediatric Critical Care Medicine Fellowship Program.,61.1907,29-1214,Emergency Medicine Physicians
Pediatric Emergency Medicine Fellowship Program.,61.1908,29-1214,Emergency Medicine Physicians
Medicine.,51.1201,29-1215,Family Medicine Physicians
Osteopathic Medicine/Osteopathy.,51.1202,29-1215,Family Medicine Physicians
Family Medicine/Emergency Medicine Combined Specialty Program.,61.0104,29-1215,Family Medicine Physicians
Family Medicine/Osteopathic Neuromusculoskeletal Medicine Combined Specialty Program.,61.0105,29-1215,Family Medicine Physicians
Family Medicine/Preventive Medicine Combined Specialty Program.,61.0106,29-1215,Family Medicine Physicians
Family Medicine/Psychiatry Combined Specialty Program.,61.0107,29-1215,Family Medicine Physicians
Internal Medicine/Family Medicine Combined Specialty Program.,61.0112,29-1215,Family Medicine Physicians
Family Medicine Residency Program.,61.0701,29-1215,Family Medicine Physicians
"Family Medicine Residency/Fellowship Programs, Other.",61.0799,29-1215,Family Medicine Physicians
Medicine.,51.1201,29-1216,General Internal Medicine Physicians
Osteopathic Medicine/Osteopathy.,51.1202,29-1216,General Internal Medicine Physicians
Internal Medicine/Anesthesiology Combined Specialty Program.,61.0108,29-1216,General Internal Medicine Physicians
Internal Medicine/Dermatology Combined Specialty Program.,61.0109,29-1216,General Internal Medicine Physicians
Internal Medicine/Emergency Medicine Combined Specialty Program.,61.011,29-1216,General Internal Medicine Physicians
Internal Medicine/Emergency Medicine/Critical Care Medicine Combined Specialty Program.,61.0111,29-1216,General Internal Medicine Physicians
Internal Medicine/Family Medicine Combined Specialty Program.,61.0112,29-1216,General Internal Medicine Physicians
Internal Medicine/Neurology Combined Specialty Program.,61.0114,29-1216,General Internal Medicine Physicians
Internal Medicine/Pediatrics Combined Specialty Program.,61.0115,29-1216,General Internal Medicine Physicians
Internal Medicine/Preventive Medicine Combined Specialty Program.,61.0116,29-1216,General Internal Medicine Physicians
Internal Medicine/Psychiatry Combined Specialty Program.,61.0117,29-1216,General Internal Medicine Physicians
Internal Medicine Residency Program.,61.0801,29-1216,General Internal Medicine Physicians
Medicine.,51.1201,29-1217,Neurologists
Osteopathic Medicine/Osteopathy.,51.1202,29-1217,Neurologists
Internal Medicine/Neurology Combined Specialty Program.,61.0114,29-1217,Neurologists
Psychiatry/Neurology Combined Specialty Program.,61.0124,29-1217,Neurologists
Neurology Residency Program.,61.1101,29-1217,Neurologists
Child Neurology Residency Program.,61.1102,29-1217,Neurologists
Clinical Neurophysiology Fellowship Program.,61.1103,29-1217,Neurologists
Epilepsy Fellowship Program.,61.1104,29-1217,Neurologists
Headache Medicine Fellowship Program.,61.1105,29-1217,Neurologists
Neurodevelopmental Disabilities Fellowship Program.,61.1106,29-1217,Neurologists
Vascular Neurology Fellowship Program.,61.1107,29-1217,Neurologists
"Neurology Residency/Fellowship Programs, Other.",61.1199,29-1217,Neurologists
Medicine.,51.1201,29-1218,Obstetricians and Gynecologists
Osteopathic Medicine/Osteopathy.,51.1202,29-1218,Obstetricians and Gynecologists
Obstetrics and Gynecology Residency Program.,61.1301,29-1218,Obstetricians and Gynecologists
Gynecologic Oncology Fellowship Program.,61.1302,29-1218,Obstetricians and Gynecologists
Maternal and Fetal Medicine Fellowship Program.,61.1303,29-1218,Obstetricians and Gynecologists
"Obstetrics and Gynecology Residency/Fellowship Programs, Other.",61.1399,29-1218,Obstetricians and Gynecologists
Medicine.,51.1201,29-1221,"Pediatricians, General"
Osteopathic Medicine/Osteopathy.,51.1202,29-1221,"Pediatricians, General"
Internal Medicine/Pediatrics Combined Specialty Program.,61.0115,29-1221,"Pediatricians, General"
Pediatrics/Anesthesiology Combined Specialty Program.,61.0119,29-1221,"Pediatricians, General"
Pediatrics/Emergency Medicine Combined Specialty Program.,61.012,29-1221,"Pediatricians, General"
Pediatrics/Medical Genetics and Genomics Combined Specialty Program.,61.0121,29-1221,"Pediatricians, General"
Pediatrics/Physical Medicine & Rehabilitation Combined Specialty Program.,61.0122,29-1221,"Pediatricians, General"
Pediatrics/Psychology/Child-Adolescent Psychology Combined Specialty Program.,61.0123,29-1221,"Pediatricians, General"
Pediatric Otolaryngology Fellowship Program.,61.1703,29-1221,"Pediatricians, General"
Pediatrics Residency Program.,61.1901,29-1221,"Pediatricians, General"
Adolescent Medicine Fellowship Program.,61.1902,29-1221,"Pediatricians, General"
Child Abuse Pediatrics Fellowship Program.,61.1903,29-1221,"Pediatricians, General"
Developmental-Behavioral Pediatrics Fellowship Program.,61.1904,29-1221,"Pediatricians, General"
Neonatal-Perinatal Medicine Fellowship Program.,61.1905,29-1221,"Pediatricians, General"
Pediatric Cardiology Fellowship Program.,61.1906,29-1221,"Pediatricians, General"
Pediatric Critical Care Medicine Fellowship Program.,61.1907,29-1221,"Pediatricians, General"
Pediatric Emergency Medicine Fellowship Program.,61.1908,29-1221,"Pediatricians, General"
Pediatric Endocrinology Fellowship Program.,61.1909,29-1221,"Pediatricians, General"
Pediatric Gastroenterology Fellowship Program.,61.191,29-1221,"Pediatricians, General"
Pediatric Hematology-Oncology Fellowship Program.,61.1911,29-1221,"Pediatricians, General"
Pediatric Infectious Diseases Fellowship Program.,61.1912,29-1221,"Pediatricians, General"
Pediatric Nephrology Fellowship Program.,61.1913,29-1221,"Pediatricians, General"
Pediatric Pulmonology Fellowship Program.,61.1914,29-1221,"Pediatricians, General"
Pediatric Rheumatology Fellowship Program.,61.1915,29-1221,"Pediatricians, General"
Pediatric Transplant Hepatology Fellowship Program.,61.1917,29-1221,"Pediatricians, General"
"Pediatrics Residency/Fellowship Programs, Other.",61.1999,29-1221,"Pediatricians, General"
Pediatric Rehabilitation Medicine Fellowship Program.,61.2003,29-1221,"Pediatricians, General"
Pediatric Radiology Fellowship Program.,61.2609,29-1221,"Pediatricians, General"
Medicine.,51.1201,29-1222,"Physicians, Pathologists"
Osteopathic Medicine/Osteopathy.,51.1202,29-1222,"Physicians, Pathologists"
Medical Toxicology Fellowship Program.,61.0208,29-1222,"Physicians, Pathologists"
Dermatopathology Fellowship Program.,61.0502,29-1222,"Physicians, Pathologists"
Combined Anatomic and Clinical Pathology Residency Program.,61.1801,29-1222,"Physicians, Pathologists"
Anatomic Pathology Residency Program.,61.1802,29-1222,"Physicians, Pathologists"
Clinical Pathology Residency Program.,61.1803,29-1222,"Physicians, Pathologists"
Blood Banking/Transfusion Medicine Fellowship Program.,61.1804,29-1222,"Physicians, Pathologists"
Chemical Pathology Fellowship Program.,61.1805,29-1222,"Physicians, Pathologists"
Cytopathology Fellowship Program.,61.1806,29-1222,"Physicians, Pathologists"
Forensic Pathology Fellowship Program.,61.1807,29-1222,"Physicians, Pathologists"
Hematological Pathology Fellowship Program.,61.1808,29-1222,"Physicians, Pathologists"
Immunopathology Fellowship Program.,61.1809,29-1222,"Physicians, Pathologists"
Laboratory Medicine Fellowship Program.,61.181,29-1222,"Physicians, Pathologists"
Medical Microbiology Fellowship Program.,61.1811,29-1222,"Physicians, Pathologists"
Molecular Genetic Pathology Fellowship Program.,61.1812,29-1222,"Physicians, Pathologists"
Neuropathology Fellowship Program.,61.1813,29-1222,"Physicians, Pathologists"
Pediatric Pathology Fellowship Program.,61.1814,29-1222,"Physicians, Pathologists"
Radioisotopic Pathology Fellowship Program.,61.1815,29-1222,"Physicians, Pathologists"
"Pathology Residency/Fellowship Programs, Other.",61.1899,29-1222,"Physicians, Pathologists"
Medicine.,51.1201,29-1223,Psychiatrists
Osteopathic Medicine/Osteopathy.,51.1202,29-1223,Psychiatrists
Family Medicine/Psychiatry Combined Specialty Program.,61.0107,29-1223,Psychiatrists
Internal Medicine/Psychiatry Combined Specialty Program.,61.0117,29-1223,Psychiatrists
Pediatrics/Psychology/Child-Adolescent Psychology Combined Specialty Program.,61.0123,29-1223,Psychiatrists
Psychiatry/Neurology Combined Specialty Program.,61.0124,29-1223,Psychiatrists
Psychiatry Residency Program.,61.2401,29-1223,Psychiatrists
Addiction Psychiatry Fellowship Program.,61.2402,29-1223,Psychiatrists
Child and Adolescent Psychiatry Fellowship Program.,61.2403,29-1223,Psychiatrists
Consultation-Liaison Psychiatry Fellowship Program.,61.2404,29-1223,Psychiatrists
Forensic Psychiatry Fellowship Program.,61.2405,29-1223,Psychiatrists
Geriatric Psychiatry Fellowship Program.,61.2406,29-1223,Psychiatrists
"Psychiatry Residency/Fellowship Programs, Other.",61.2499,29-1223,Psychiatrists
Medicine.,51.1201,29-1224,Radiologists
Osteopathic Medicine/Osteopathy.,51.1202,29-1224,Radiologists
Diagnostic Radiology/Nuclear Medicine Combined Specialty Program.,61.0102,29-1224,Radiologists
Nuclear Medicine Residency Program.,61.1201,29-1224,Radiologists
"Nuclear Medicine Residency/Fellowship Programs, Other.",61.1299,29-1224,Radiologists
Radiation Oncology Residency Program.,61.2501,29-1224,Radiologists
"Radiation Oncology Residency/Fellowship Programs, Other.",61.2599,29-1224,Radiologists
Diagnostic Radiology Residency Program.,61.2601,29-1224,Radiologists
Integrated Interventional Radiology Residency Program.,61.2602,29-1224,Radiologists
Abdominal Radiology Fellowship Program.,61.2603,29-1224,Radiologists
Diagnostic Radiologic Physics Residency Program.,61.2604,29-1224,Radiologists
Medical Nuclear Physics Residency Program.,61.2605,29-1224,Radiologists
Musculoskeletal Radiology Fellowship Program.,61.2606,29-1224,Radiologists
Neuroradiology Fellowship Program.,61.2607,29-1224,Radiologists
Nuclear Radiology Fellowship Program.,61.2608,29-1224,Radiologists
Pediatric Radiology Fellowship Program.,61.2609,29-1224,Radiologists
Radiologic Physics Residency Program.,61.261,29-1224,Radiologists
Therapeutic Radiologic Physics Residency Program.,61.2611,29-1224,Radiologists
Vascular and Interventional Radiology Fellowship Program.,61.2612,29-1224,Radiologists
"Radiology Residency/Fellowship Programs, Other.",61.2699,29-1224,Radiologists
Medicine.,51.1201,29-1229,"Physicians, All Other"
Osteopathic Medicine/Osteopathy.,51.1202,29-1229,"Physicians, All Other"
Pain Management.,51.1403,29-1229,"Physicians, All Other"
"Combined Medical Residency/Fellowship Program, General.",61.0101,29-1229,"Physicians, All Other"
Family Medicine/Osteopathic Neuromusculoskeletal Medicine Combined Specialty Program.,61.0105,29-1229,"Physicians, All Other"
Family Medicine/Preventive Medicine Combined Specialty Program.,61.0106,29-1229,"Physicians, All Other"
Internal Medicine/Medical Genetics and Genomics Combined Specialty Program.,61.0113,29-1229,"Physicians, All Other"
Internal Medicine/Preventive Medicine Combined Specialty Program.,61.0116,29-1229,"Physicians, All Other"
Medical Genetics and Genomics/Maternal-Fetal Medicine Combined Specialty Program.,61.0118,29-1229,"Physicians, All Other"
Pediatrics/Medical Genetics and Genomics Combined Specialty Program.,61.0121,29-1229,"Physicians, All Other"
Pediatrics/Physical Medicine & Rehabilitation Combined Specialty Program.,61.0122,29-1229,"Physicians, All Other"
Reproductive Endocrinology and Infertility/Medical Genetics and Genomics Combined Specialty Program.,61.0125,29-1229,"Physicians, All Other"
"Combined Medical Residency/Fellowship Programs, Other.",61.0199,29-1229,"Physicians, All Other"
Geriatric Medicine Fellowship Program.,61.0203,29-1229,"Physicians, All Other"
Hospice and Palliative Medicine Fellowship Program.,61.0205,29-1229,"Physicians, All Other"
Integrative Medicine Fellowship Program.,61.0206,29-1229,"Physicians, All Other"
Medical Toxicology Fellowship Program.,61.0208,29-1229,"Physicians, All Other"
Neuromuscular Medicine Fellowship Program.,61.0209,29-1229,"Physicians, All Other"
Pain Medicine Fellowship Program.,61.021,29-1229,"Physicians, All Other"
Sleep Medicine Fellowship Program.,61.0212,29-1229,"Physicians, All Other"
Sports Medicine Fellowship Program.,61.0213,29-1229,"Physicians, All Other"
Telemedicine Fellowship Program.,61.0215,29-1229,"Physicians, All Other"
Undersea and Hyperbaric Medicine Fellowship Program.,61.0216,29-1229,"Physicians, All Other"
Women's Health Fellowship Program.,61.0218,29-1229,"Physicians, All Other"
"Multiple-Pathway Medical Fellowship Programs, Other.",61.0299,29-1229,"Physicians, All Other"
Allergy and Immunology Fellowship Program.,61.0301,29-1229,"Physicians, All Other"
"Allergy and Immunology Residency/Fellowship Programs, Other.",61.0399,29-1229,"Physicians, All Other"
"Endocrinology, Diabetes, and Metabolism Fellowship Program.",61.0806,29-1229,"Physicians, All Other"
Gastroenterology Fellowship Program.,61.0807,29-1229,"Physicians, All Other"
Hematology Fellowship Program.,61.0808,29-1229,"Physicians, All Other"
Hematology-Oncology Fellowship Program.,61.0809,29-1229,"Physicians, All Other"
Infectious Disease Fellowship Program.,61.081,29-1229,"Physicians, All Other"
Nephrology Fellowship Program.,61.0812,29-1229,"Physicians, All Other"
Medical Oncology Fellowship Program.,61.0813,29-1229,"Physicians, All Other"
Pulmonary Disease Fellowship Program.,61.0814,29-1229,"Physicians, All Other"
Rheumatology Fellowship Program.,61.0816,29-1229,"Physicians, All Other"
Transplant Hepatology Fellowship Program.,61.0818,29-1229,"Physicians, All Other"
"Internal Medicine Residency/Fellowship Programs, Other.",61.0899,29-1229,"Physicians, All Other"
Clinical Biochemical Genetics Residency Program.,61.0901,29-1229,"Physicians, All Other"
Clinical Genetics and Genomics Residency Program.,61.0902,29-1229,"Physicians, All Other"
Laboratory Genetics and Genomics Residency Program.,61.0903,29-1229,"Physicians, All Other"
Medical Biochemical Genetics Residency Program.,61.0904,29-1229,"Physicians, All Other"
"Medical Genetics and Genomics Residency/Fellowship Programs, Other.",61.0999,29-1229,"Physicians, All Other"
Reproductive Endocrinology/Infertility Fellowship Program.,61.1304,29-1229,"Physicians, All Other"
Musculoskeletal Oncology Fellowship Program.,61.1502,29-1229,"Physicians, All Other"
Orthopedic Sports Medicine Fellowship Program.,61.1503,29-1229,"Physicians, All Other"
Osteopathic Neuromusculoskeletal Medicine Residency Program.,61.1601,29-1229,"Physicians, All Other"
"Osteopathic Medicine Residency/Fellowship Programs, Other.",61.1699,29-1229,"Physicians, All Other"
Otolaryngology Residency Program.,61.1701,29-1229,"Physicians, All Other"
Neurotology Fellowship Program.,61.1702,29-1229,"Physicians, All Other"
"Otolaryngology Residency/Fellowship Programs, Other.",61.1799,29-1229,"Physicians, All Other"
Blood Banking/Transfusion Medicine Fellowship Program.,61.1804,29-1229,"Physicians, All Other"
Adolescent Medicine Fellowship Program.,61.1902,29-1229,"Physicians, All Other"
Physical Medicine and Rehabilitation Residency Program.,61.2001,29-1229,"Physicians, All Other"
Spinal Cord Injury Medicine Fellowship Program.,61.2002,29-1229,"Physicians, All Other"
"Physical Medicine and Rehabilitation Residency/Fellowship Programs, Other.",61.2099,29-1229,"Physicians, All Other"
Public Health and General Preventive Medicine Residency Program.,61.2301,29-1229,"Physicians, All Other"
Aerospace Medicine Residency Program.,61.2302,29-1229,"Physicians, All Other"
Occupational Medicine Residency Program.,61.2303,29-1229,"Physicians, All Other"
"Preventive Medicine Residency/Fellowship Programs, Other.",61.2399,29-1229,"Physicians, All Other"
Radiation Oncology Residency Program.,61.2501,29-1229,"Physicians, All Other"
"Radiation Oncology Residency/Fellowship Programs, Other.",61.2599,29-1229,"Physicians, All Other"
"Medical Residency/Fellowship Programs, Other.",61.9999,29-1229,"Physicians, All Other"
Medicine.,51.1201,29-1241,"Ophthalmologists, Except Pediatric"
Osteopathic Medicine/Osteopathy.,51.1202,29-1241,"Ophthalmologists, Except Pediatric"
Ophthalmology Residency Program.,61.1401,29-1241,"Ophthalmologists, Except Pediatric"
"Ophthalmology Residency/Fellowship Programs, Other.",61.1499,29-1241,"Ophthalmologists, Except Pediatric"
Medicine.,51.1201,29-1242,"Orthopedic Surgeons, Except Pediatric"
Osteopathic Medicine/Osteopathy.,51.1202,29-1242,"Orthopedic Surgeons, Except Pediatric"
Surgery of the Hand Fellowship Program.,61.0214,29-1242,"Orthopedic Surgeons, Except Pediatric"
Orthopedic Surgery Residency Program.,61.1501,29-1242,"Orthopedic Surgeons, Except Pediatric"
Orthopedic Surgery of the Spine Fellowship Program.,61.1504,29-1242,"Orthopedic Surgeons, Except Pediatric"
"Orthopedic Surgery Residency/Fellowship Programs, Other.",61.1599,29-1242,"Orthopedic Surgeons, Except Pediatric"
Medicine.,51.1201,29-1243,Pediatric Surgeons
Osteopathic Medicine/Osteopathy.,51.1202,29-1243,Pediatric Surgeons
Orthopedic Surgery Residency Program.,61.1501,29-1243,Pediatric Surgeons
Orthopedic Surgery of the Spine Fellowship Program.,61.1504,29-1243,Pediatric Surgeons
Pediatric Orthopedics Fellowship Program.,61.1505,29-1243,Pediatric Surgeons
Pediatric Otolaryngology Fellowship Program.,61.1703,29-1243,Pediatric Surgeons
Plastic Surgery Residency Program.,61.2101,29-1243,Pediatric Surgeons
Integrated Plastic Surgery Residency Program.,61.2102,29-1243,Pediatric Surgeons
Plastic Surgery Within the Head and Neck Fellowship Program.,61.2103,29-1243,Pediatric Surgeons
"Plastic Surgery Residency/Fellowship Programs, Other.",61.2199,29-1243,Pediatric Surgeons
Congenital Cardiac Surgery Fellowship Program.,61.2704,29-1243,Pediatric Surgeons
Pediatric Surgery Fellowship Program.,61.2705,29-1243,Pediatric Surgeons
Pediatric Urology Fellowship Program.,61.2802,29-1243,Pediatric Surgeons
Medicine.,51.1201,29-1249,"Surgeons, All Other"
Osteopathic Medicine/Osteopathy.,51.1202,29-1249,"Surgeons, All Other"
"Combined Medical Residency/Fellowship Program, General.",61.0101,29-1249,"Surgeons, All Other"
"Combined Medical Residency/Fellowship Programs, Other.",61.0199,29-1249,"Surgeons, All Other"
"Multiple-Pathway Medical Fellowship Programs, Other.",61.0299,29-1249,"Surgeons, All Other"
Neurological Surgery Residency Program.,61.1001,29-1249,"Surgeons, All Other"
"Neurological Surgery Residency/Fellowship Programs, Other.",61.1099,29-1249,"Surgeons, All Other"
Otolaryngology Residency Program.,61.1701,29-1249,"Surgeons, All Other"
Neurotology Fellowship Program.,61.1702,29-1249,"Surgeons, All Other"
"Otolaryngology Residency/Fellowship Programs, Other.",61.1799,29-1249,"Surgeons, All Other"
Plastic Surgery Residency Program.,61.2101,29-1249,"Surgeons, All Other"
Integrated Plastic Surgery Residency Program.,61.2102,29-1249,"Surgeons, All Other"
Plastic Surgery Within the Head and Neck Fellowship Program.,61.2103,29-1249,"Surgeons, All Other"
"Plastic Surgery Residency/Fellowship Programs, Other.",61.2199,29-1249,"Surgeons, All Other"
General Surgery Residency Program.,61.2701,29-1249,"Surgeons, All Other"
Colon and Rectal Surgery Residency Program.,61.2702,29-1249,"Surgeons, All Other"
Complex General Surgical Oncology Fellowship Program.,61.2703,29-1249,"Surgeons, All Other"
Congenital Cardiac Surgery Fellowship Program.,61.2704,29-1249,"Surgeons, All Other"
Surgical Critical Care Fellowship Program.,61.2706,29-1249,"Surgeons, All Other"
Thoracic Surgery Fellowship Program.,61.2707,29-1249,"Surgeons, All Other"
Vascular Surgery Fellowship Program.,61.2708,29-1249,"Surgeons, All Other"
"Surgery Residency/Fellowship Programs, Other.",61.2799,29-1249,"Surgeons, All Other"
Urology Residency Program.,61.2801,29-1249,"Surgeons, All Other"
"Urology Residency/Fellowship Programs, Other.",61.2899,29-1249,"Surgeons, All Other"
"Medical Residency/Fellowship Programs, Other.",61.9999,29-1249,"Surgeons, All Other"
Acupuncture and Oriental Medicine.,51.3301,29-1291,Acupuncturists
Dental Hygiene/Hygienist.,51.0602,29-1292,Dental Hygienists
"Alternative and Complementary Medicine and Medical Systems, General.",51.33,29-1299,"Healthcare Diagnosing or Treating Practitioners, All Other"
Acupuncture and Oriental Medicine.,51.3301,29-1299,"Healthcare Diagnosing or Treating Practitioners, All Other"
Naturopathic Medicine/Naturopathy.,51.3303,29-1299,"Healthcare Diagnosing or Treating Practitioners, All Other"
Homeopathic Medicine/Homeopathy.,51.3304,29-1299,"Healthcare Diagnosing or Treating Practitioners, All Other"
Ayurvedic Medicine/Ayurveda.,51.3305,29-1299,"Healthcare Diagnosing or Treating Practitioners, All Other"
Holistic/Integrative Health.,51.3306,29-1299,"Healthcare Diagnosing or Treating Practitioners, All Other"
"Alternative and Complementary Medicine and Medical Systems, Other.",51.3399,29-1299,"Healthcare Diagnosing or Treating Practitioners, All Other"
Direct Entry Midwifery.,51.3401,29-1299,"Healthcare Diagnosing or Treating Practitioners, All Other"
"Alternative and Complementary Medical Support Services, Other.",51.3499,29-1299,"Healthcare Diagnosing or Treating Practitioners, All Other"
Aromatherapy.,51.3701,29-1299,"Healthcare Diagnosing or Treating Practitioners, All Other"
Herbalism/Herbalist.,51.3702,29-1299,"Healthcare Diagnosing or Treating Practitioners, All Other"
Polarity Therapy.,51.3703,29-1299,"Healthcare Diagnosing or Treating Practitioners, All Other"
Reiki.,51.3704,29-1299,"Healthcare Diagnosing or Treating Practitioners, All Other"
"Energy and Biologically Based Therapies, Other.",51.3799,29-1299,"Healthcare Diagnosing or Treating Practitioners, All Other"
Cell/Cellular Biology and Histology.,26.0401,29-2011,Medical and Clinical Laboratory Technologists
Cytotechnology/Cytotechnologist.,51.1002,29-2011,Medical and Clinical Laboratory Technologists
Clinical Laboratory Science/Medical Technology/Technologist.,51.1005,29-2011,Medical and Clinical Laboratory Technologists
Histologic Technology/Histotechnologist.,51.1007,29-2011,Medical and Clinical Laboratory Technologists
Cytogenetics/Genetics/Clinical Genetics Technology/Technologist.,51.101,29-2011,Medical and Clinical Laboratory Technologists
"Clinical/Medical Laboratory Science and Allied Professions, Other.",51.1099,29-2011,Medical and Clinical Laboratory Technologists
Clinical/Medical Laboratory Assistant.,51.0802,29-2012,Medical and Clinical Laboratory Technicians
Blood Bank Technology Specialist.,51.1001,29-2012,Medical and Clinical Laboratory Technicians
Hematology Technology/Technician.,51.1003,29-2012,Medical and Clinical Laboratory Technicians
Clinical/Medical Laboratory Technician.,51.1004,29-2012,Medical and Clinical Laboratory Technicians
Histologic Technician.,51.1008,29-2012,Medical and Clinical Laboratory Technicians
Cytogenetics/Genetics/Clinical Genetics Technology/Technologist.,51.101,29-2012,Medical and Clinical Laboratory Technicians
"Clinical/Medical Laboratory Science and Allied Professions, Other.",51.1099,29-2012,Medical and Clinical Laboratory Technicians
Cardiovascular Technology/Technologist.,51.0901,29-2031,Cardiovascular Technologists and Technicians
Electrocardiograph Technology/Technician.,51.0902,29-2031,Cardiovascular Technologists and Technicians
Perfusion Technology/Perfusionist.,51.0906,29-2031,Cardiovascular Technologists and Technicians
Cardiopulmonary Technology/Technologist.,51.0915,29-2031,Cardiovascular Technologists and Technicians
Diagnostic Medical Sonography/Sonographer and Ultrasound Technician.,51.091,29-2032,Diagnostic Medical Sonographers
Nuclear Medical Technology/Technologist.,51.0905,29-2033,Nuclear Medicine Technologists
Medical Radiologic Technology/Science - Radiation Therapist.,51.0907,29-2034,Radiologic Technologists and Technicians
Radiologic Technology/Science - Radiographer.,51.0911,29-2034,Radiologic Technologists and Technicians
Mammography Technology/Technician.,51.0919,29-2034,Radiologic Technologists and Technicians
Magnetic Resonance Imaging (MRI) Technology/Technician.,51.092,29-2035,Magnetic Resonance Imaging Technologists
Medical Radiologic Technology/Science - Radiation Therapist.,51.0907,29-2036,Medical Dosimetrists
Emergency Medical Technology/Technician (EMT Paramedic).,51.0904,29-2042,Emergency Medical Technicians
Emergency Medical Technology/Technician (EMT Paramedic).,51.0904,29-2043,Paramedics
"Foods, Nutrition, and Wellness Studies, General.",19.0501,29-2051,Dietetic Technicians
Nutrition Sciences.,30.1901,29-2051,Dietetic Technicians
Dietetics/Dietitian.,51.3101,29-2051,Dietetic Technicians
Dietetic Technician.,51.3103,29-2051,Dietetic Technicians
Dietitian Assistant.,51.3104,29-2051,Dietetic Technicians
Pharmacy Technician/Assistant.,51.0805,29-2052,Pharmacy Technicians
Psychiatric/Mental Health Services Technician.,51.1502,29-2053,Psychiatric Technicians
Pathology/Pathologist Assistant.,51.0811,29-2055,Surgical Technologists
Surgical Technology/Technologist.,51.0909,29-2055,Surgical Technologists
Sterile Processing Technology/Technician.,51.1012,29-2055,Surgical Technologists
Veterinary/Animal Health Technology/Technician and Veterinary Assistant.,1.8301,29-2056,Veterinary Technologists and Technicians
"Veterinary/Animal Health Technologies/Technicians, Other.",1.8399,29-2056,Veterinary Technologists and Technicians
Optometric Technician/Assistant.,51.1802,29-2057,Ophthalmic Medical Technicians
Ophthalmic Technician/Technologist.,51.1803,29-2057,Ophthalmic Medical Technicians
Orthoptics/Orthoptist.,51.1804,29-2057,Ophthalmic Medical Technicians
Licensed Practical/Vocational Nurse Training.,51.3901,29-2061,Licensed Practical and Licensed Vocational Nurses
"Practical Nursing, Vocational Nursing and Nursing Assistants, Other.",51.3999,29-2061,Licensed Practical and Licensed Vocational Nurses
Health Information/Medical Records Administration/Administrator.,51.0706,29-2072,Medical Records Specialists
Health Information/Medical Records Technology/Technician.,51.0707,29-2072,Medical Records Specialists
Medical Insurance Coding Specialist/Coder.,51.0713,29-2072,Medical Records Specialists
Disease Registry Data Management.,51.0721,29-2072,Medical Records Specialists
Opticianry/Ophthalmic Dispensing Optician.,51.1801,29-2081,"Opticians, Dispensing"
Orthotist/Prosthetist.,51.2307,29-2091,Orthotists and Prosthetists
Assistive/Augmentative Technology and Rehabilitation Engineering.,51.2312,29-2091,Orthotists and Prosthetists
Hearing Instrument Specialist.,51.0918,29-2092,Hearing Aid Specialists
Respiratory Therapy Technician/Assistant.,51.0812,29-2099,"Health Technologists and Technicians, All Other"
Radiologist Assistant.,51.0814,29-2099,"Health Technologists and Technicians, All Other"
Electroneurodiagnostic/Electroencephalographic Technology/Technologist.,51.0903,29-2099,"Health Technologists and Technicians, All Other"
Medical Radiologic Technology/Science - Radiation Therapist.,51.0907,29-2099,"Health Technologists and Technicians, All Other"
Respiratory Care Therapy/Therapist.,51.0908,29-2099,"Health Technologists and Technicians, All Other"
Gene/Genetic Therapy.,51.0914,29-2099,"Health Technologists and Technicians, All Other"
Cardiopulmonary Technology/Technologist.,51.0915,29-2099,"Health Technologists and Technicians, All Other"
Radiation Protection/Health Physics Technician.,51.0916,29-2099,"Health Technologists and Technicians, All Other"
Polysomnography.,51.0917,29-2099,"Health Technologists and Technicians, All Other"
Hyperbaric Medicine Technology/Technician.,51.0921,29-2099,"Health Technologists and Technicians, All Other"
Intraoperative Neuromonitoring Technology/Technician.,51.0922,29-2099,"Health Technologists and Technicians, All Other"
Orthopedic Technology/Technician.,51.0923,29-2099,"Health Technologists and Technicians, All Other"
"Allied Health Diagnostic, Intervention, and Treatment Professions, Other.",51.0999,29-2099,"Health Technologists and Technicians, All Other"
Renal/Dialysis Technologist/Technician.,51.1011,29-2099,"Health Technologists and Technicians, All Other"
Health Information/Medical Records Administration/Administrator.,51.0706,29-9021,Health Information Technologists and Medical Registrars
Health Information/Medical Records Technology/Technician.,51.0707,29-9021,Health Information Technologists and Medical Registrars
Medical Insurance Coding Specialist/Coder.,51.0713,29-9021,Health Information Technologists and Medical Registrars
Disease Registry Data Management.,51.0721,29-9021,Health Information Technologists and Medical Registrars
Healthcare Information Privacy Assurance and Security.,51.0723,29-9021,Health Information Technologists and Medical Registrars
Medical Informatics.,51.2706,29-9021,Health Information Technologists and Medical Registrars
Physical Fitness Technician.,31.0507,29-9091,Athletic Trainers
Athletic Training/Trainer.,51.0913,29-9091,Athletic Trainers
"Genetics, General.",26.0801,29-9092,Genetic Counselors
Molecular Genetics.,26.0802,29-9092,Genetic Counselors
Human/Medical Genetics.,26.0806,29-9092,Genetic Counselors
Genome Sciences/Genomics.,26.0807,29-9092,Genetic Counselors
"Genetics, Other.",26.0899,29-9092,Genetic Counselors
Genetic Counseling/Counselor.,51.1509,29-9092,Genetic Counselors
Public Health Genetics.,51.2214,29-9092,Genetic Counselors
Surgical Technology/Technologist.,51.0909,29-9093,Surgical Assistants
Medical/Health Management and Clinical Assistant/Specialist.,51.0711,29-9099,"Healthcare Practitioners and Technical Workers, All Other"
Bioethics/Medical Ethics.,51.3201,29-9099,"Healthcare Practitioners and Technical Workers, All Other"
Traditional Chinese Medicine and Chinese Herbology.,51.3302,29-9099,"Healthcare Practitioners and Technical Workers, All Other"
Herbalism/Herbalist.,51.3702,29-9099,"Healthcare Practitioners and Technical Workers, All Other"
Home Health Aide/Home Attendant.,51.2602,31-1121,Home Health Aides
Home Health Aide/Home Attendant.,51.2602,31-1122,Personal Care Aides
Health Aide.,51.2601,31-1131,Nursing Assistants
Nursing Assistant/Aide and Patient Care Assistant/Aide.,51.3902,31-1131,Nursing Assistants
"Practical Nursing, Vocational Nursing and Nursing Assistants, Other.",51.3999,31-1131,Nursing Assistants
NO MATCH,99.9999,31-1132,Orderlies
Psychiatric/Mental Health Services Technician.,51.1502,31-1133,Psychiatric Aides
Health Aide.,51.2601,31-1133,Psychiatric Aides
Occupational Therapist Assistant.,51.0803,31-2011,Occupational Therapy Assistants
Rehabilitation Aide.,51.2604,31-2012,Occupational Therapy Aides
Physical Therapy Assistant.,51.0806,31-2021,Physical Therapist Assistants
Rehabilitation Aide.,51.2604,31-2022,Physical Therapist Aides
Physical Therapy Technician/Aide.,51.2605,31-2022,Physical Therapist Aides
Massage Therapy/Therapeutic Massage.,51.3501,31-9011,Massage Therapists
Asian Bodywork Therapy.,51.3502,31-9011,Massage Therapists
Somatic Bodywork.,51.3503,31-9011,Massage Therapists
"Somatic Bodywork and Related Therapeutic Services, Other.",51.3599,31-9011,Massage Therapists
Dental Assisting/Assistant.,51.0601,31-9091,Dental Assistants
Medical/Health Management and Clinical Assistant/Specialist.,51.0711,31-9092,Medical Assistants
Medical/Clinical Assistant.,51.0801,31-9092,Medical Assistants
Anesthesiologist Assistant.,51.0809,31-9092,Medical Assistants
Chiropractic Technician/Assistant.,51.0813,31-9092,Medical Assistants
Sterile Processing Technology/Technician.,51.1012,31-9093,Medical Equipment Preparers
Medical Transcription/Transcriptionist.,51.0708,31-9094,Medical Transcriptionists
NO MATCH,99.9999,31-9095,Pharmacy Aides
Veterinary/Animal Health Technology/Technician and Veterinary Assistant.,1.8301,31-9096,Veterinary Assistants and Laboratory Animal Caretakers
"Veterinary/Animal Health Technologies/Technicians, Other.",1.8399,31-9096,Veterinary Assistants and Laboratory Animal Caretakers
Phlebotomy Technician/Phlebotomist.,51.1009,31-9097,Phlebotomists
Health Unit Coordinator/Ward Clerk.,51.0703,31-9099,"Healthcare Support Workers, All Other"
Medical/Health Management and Clinical Assistant/Specialist.,51.0711,31-9099,"Healthcare Support Workers, All Other"
Medical Insurance Specialist/Medical Biller.,51.0714,31-9099,"Healthcare Support Workers, All Other"
Medical Staff Services Technology/Technician.,51.0717,31-9099,"Healthcare Support Workers, All Other"
"Health and Medical Administrative Services, Other.",51.0799,31-9099,"Healthcare Support Workers, All Other"
Radiologist Assistant.,51.0814,31-9099,"Healthcare Support Workers, All Other"
Lactation Consultant.,51.0815,31-9099,"Healthcare Support Workers, All Other"
Speech-Language Pathology Assistant.,51.0816,31-9099,"Healthcare Support Workers, All Other"
"Allied Health and Medical Assisting Services, Other.",51.0899,31-9099,"Healthcare Support Workers, All Other"
Medication Aide.,51.2603,31-9099,"Healthcare Support Workers, All Other"
Rehabilitation Aide.,51.2604,31-9099,"Healthcare Support Workers, All Other"
"Criminal Justice and Corrections, General.",43.01,33-1011,First-Line Supervisors of Correctional Officers
Corrections.,43.0102,33-1011,First-Line Supervisors of Correctional Officers
Criminal Justice/Safety Studies.,43.0104,33-1011,First-Line Supervisors of Correctional Officers
Corrections Administration.,43.0113,33-1011,First-Line Supervisors of Correctional Officers
Signal/Geospatial Intelligence.,29.0203,33-1012,First-Line Supervisors of Police and Detectives
Environmental/Natural Resources Law Enforcement and Protective Services.,3.0208,33-1012,First-Line Supervisors of Police and Detectives
"Criminal Justice and Corrections, General.",43.01,33-1012,First-Line Supervisors of Police and Detectives
Corrections.,43.0102,33-1012,First-Line Supervisors of Police and Detectives
Criminal Justice/Law Enforcement Administration.,43.0103,33-1012,First-Line Supervisors of Police and Detectives
Criminal Justice/Safety Studies.,43.0104,33-1012,First-Line Supervisors of Police and Detectives
Law Enforcement Record-Keeping and Evidence Management.,43.0115,33-1012,First-Line Supervisors of Police and Detectives
Critical Incident Response/Special Police Operations.,43.0119,33-1012,First-Line Supervisors of Police and Detectives
Protective Services Operations.,43.012,33-1012,First-Line Supervisors of Police and Detectives
Maritime Law Enforcement.,43.0122,33-1012,First-Line Supervisors of Police and Detectives
Cultural/Archaelogical Resources Protection.,43.0123,33-1012,First-Line Supervisors of Police and Detectives
Homeland Security.,43.0301,33-1012,First-Line Supervisors of Police and Detectives
Crisis/Emergency/Disaster Management.,43.0302,33-1012,First-Line Supervisors of Police and Detectives
Critical Infrastructure Protection.,43.0303,33-1012,First-Line Supervisors of Police and Detectives
Terrorism and Counterterrorism Operations.,43.0304,33-1012,First-Line Supervisors of Police and Detectives
"Security Science and Technology, General.",43.0401,33-1012,First-Line Supervisors of Police and Detectives
Cybersecurity Defense Strategy/Policy.,43.0404,33-1012,First-Line Supervisors of Police and Detectives
Geospatial Intelligence.,43.0407,33-1012,First-Line Supervisors of Police and Detectives
"Security Science and Technology, Other.",43.0499,33-1012,First-Line Supervisors of Police and Detectives
Environmental/Natural Resources Law Enforcement and Protective Services.,3.0208,33-1021,First-Line Supervisors of Firefighting and Prevention Workers
Fire Prevention and Safety Technology/Technician.,43.0201,33-1021,First-Line Supervisors of Firefighting and Prevention Workers
Fire Services Administration.,43.0202,33-1021,First-Line Supervisors of Firefighting and Prevention Workers
Fire Science/Fire-fighting.,43.0203,33-1021,First-Line Supervisors of Firefighting and Prevention Workers
Fire/Arson Investigation and Prevention.,43.0205,33-1021,First-Line Supervisors of Firefighting and Prevention Workers
"Fire Protection, Other.",43.0299,33-1021,First-Line Supervisors of Firefighting and Prevention Workers
Security and Loss Prevention Services.,43.0109,33-1091,First-Line Supervisors of Security Workers
Securities Services Administration/Management.,43.0112,33-1091,First-Line Supervisors of Security Workers
"Homeland Security, Other.",43.0399,33-1091,First-Line Supervisors of Security Workers
"Security Science and Technology, General.",43.0401,33-1091,First-Line Supervisors of Security Workers
"Security Science and Technology, Other.",43.0499,33-1091,First-Line Supervisors of Security Workers
Securities Services Administration/Management.,43.0112,33-1099,"First-Line Supervisors of Protective Service Workers, All Other"
Cultural/Archaelogical Resources Protection.,43.0123,33-1099,"First-Line Supervisors of Protective Service Workers, All Other"
"Homeland Security, Other.",43.0399,33-1099,"First-Line Supervisors of Protective Service Workers, All Other"
"Security Science and Technology, General.",43.0401,33-1099,"First-Line Supervisors of Protective Service Workers, All Other"
Cybersecurity Defense Strategy/Policy.,43.0404,33-1099,"First-Line Supervisors of Protective Service Workers, All Other"
Environmental/Natural Resources Law Enforcement and Protective Services.,3.0208,33-2011,Firefighters
Fire Prevention and Safety Technology/Technician.,43.0201,33-2011,Firefighters
Fire Science/Fire-fighting.,43.0203,33-2011,Firefighters
Wildland/Forest Firefighting and Investigation.,43.0206,33-2011,Firefighters
"Fire Protection, Other.",43.0299,33-2011,Firefighters
Fire Prevention and Safety Technology/Technician.,43.0201,33-2021,Fire Inspectors and Investigators
Fire Science/Fire-fighting.,43.0203,33-2021,Fire Inspectors and Investigators
Fire/Arson Investigation and Prevention.,43.0205,33-2021,Fire Inspectors and Investigators
Environmental/Natural Resources Law Enforcement and Protective Services.,3.0208,33-2022,Forest Fire Inspectors and Prevention Specialists
Fire Science/Fire-fighting.,43.0203,33-2022,Forest Fire Inspectors and Prevention Specialists
Wildland/Forest Firefighting and Investigation.,43.0206,33-2022,Forest Fire Inspectors and Prevention Specialists
Criminal Justice/Police Science.,43.0107,33-3011,Bailiffs
"Criminal Justice and Corrections, General.",43.01,33-3012,Correctional Officers and Jailers
Corrections.,43.0102,33-3012,Correctional Officers and Jailers
Juvenile Corrections.,43.011,33-3012,Correctional Officers and Jailers
"Corrections and Criminal Justice, Other.",43.0199,33-3012,Correctional Officers and Jailers
Signal/Geospatial Intelligence.,29.0203,33-3021,Detectives and Criminal Investigators
Environmental/Natural Resources Law Enforcement and Protective Services.,3.0208,33-3021,Detectives and Criminal Investigators
"Criminal Justice and Corrections, General.",43.01,33-3021,Detectives and Criminal Investigators
Criminal Justice/Police Science.,43.0107,33-3021,Detectives and Criminal Investigators
Law Enforcement Investigation and Interviewing.,43.0114,33-3021,Detectives and Criminal Investigators
Law Enforcement Record-Keeping and Evidence Management.,43.0115,33-3021,Detectives and Criminal Investigators
Suspension and Debarment Investigation.,43.0121,33-3021,Detectives and Criminal Investigators
Maritime Law Enforcement.,43.0122,33-3021,Detectives and Criminal Investigators
Cultural/Archaelogical Resources Protection.,43.0123,33-3021,Detectives and Criminal Investigators
Criminalistics and Criminal Science.,43.0402,33-3021,Detectives and Criminal Investigators
Cyber/Computer Forensics and Counterterrorism.,43.0403,33-3021,Detectives and Criminal Investigators
Financial Forensics and Fraud Investigation.,43.0405,33-3021,Detectives and Criminal Investigators
Geospatial Intelligence.,43.0407,33-3021,Detectives and Criminal Investigators
Law Enforcement Intelligence Analysis.,43.0408,33-3021,Detectives and Criminal Investigators
Environmental/Natural Resources Law Enforcement and Protective Services.,3.0208,33-3031,Fish and Game Wardens
NO MATCH,99.9999,33-3041,Parking Enforcement Workers
Environmental/Natural Resources Law Enforcement and Protective Services.,3.0208,33-3051,Police and Sheriffâ€™s Patrol Officers
"Criminal Justice and Corrections, General.",43.01,33-3051,Police and Sheriffâ€™s Patrol Officers
Criminal Justice/Police Science.,43.0107,33-3051,Police and Sheriffâ€™s Patrol Officers
Law Enforcement Investigation and Interviewing.,43.0114,33-3051,Police and Sheriffâ€™s Patrol Officers
Law Enforcement Record-Keeping and Evidence Management.,43.0115,33-3051,Police and Sheriffâ€™s Patrol Officers
Critical Incident Response/Special Police Operations.,43.0119,33-3051,Police and Sheriffâ€™s Patrol Officers
Protective Services Operations.,43.012,33-3051,Police and Sheriffâ€™s Patrol Officers
Maritime Law Enforcement.,43.0122,33-3051,Police and Sheriffâ€™s Patrol Officers
Criminalistics and Criminal Science.,43.0402,33-3051,Police and Sheriffâ€™s Patrol Officers
Security and Loss Prevention Services.,43.0109,33-3052,Transit and Railroad Police
NO MATCH,99.9999,33-9011,Animal Control Workers
Criminal Justice/Police Science.,43.0107,33-9021,Private Detectives and Investigators
Law Enforcement Record-Keeping and Evidence Management.,43.0115,33-9021,Private Detectives and Investigators
Protective Services Operations.,43.012,33-9021,Private Detectives and Investigators
Maritime Law Enforcement.,43.0122,33-9021,Private Detectives and Investigators
Cultural/Archaelogical Resources Protection.,43.0123,33-9021,Private Detectives and Investigators
Cyber/Computer Forensics and Counterterrorism.,43.0403,33-9021,Private Detectives and Investigators
Financial Forensics and Fraud Investigation.,43.0405,33-9021,Private Detectives and Investigators
"Casino Operations and Services, General.",12.0601,33-9031,Gambling Surveillance Officers and Gambling Investigators
Security and Loss Prevention Services.,43.0109,33-9031,Gambling Surveillance Officers and Gambling Investigators
Security and Loss Prevention Services.,43.0109,33-9032,Security Guards
NO MATCH,99.9999,33-9091,Crossing Guards and Flaggers
Environmental/Natural Resources Law Enforcement and Protective Services.,3.0208,33-9092,"Lifeguards, Ski Patrol, and Other Recreational Protective Service Workers"
NO MATCH,99.9999,33-9093,Transportation Security Screeners
NO MATCH,99.9999,33-9094,School Bus Monitors
NO MATCH,99.9999,33-9099,"Protective Service Workers, All Other"
"Cooking and Related Culinary Arts, General.",12.05,35-1011,Chefs and Head Cooks
Baking and Pastry Arts/Baker/Pastry Chef.,12.0501,35-1011,Chefs and Head Cooks
Culinary Arts/Chef Training.,12.0503,35-1011,Chefs and Head Cooks
"Restaurant, Culinary, and Catering Management/Manager.",12.0504,35-1011,Chefs and Head Cooks
Culinary Science/Culinology.,12.0509,35-1011,Chefs and Head Cooks
"Cooking and Related Culinary Arts, General.",12.05,35-1012,First-Line Supervisors of Food Preparation and Serving Workers
Culinary Arts/Chef Training.,12.0503,35-1012,First-Line Supervisors of Food Preparation and Serving Workers
"Restaurant, Culinary, and Catering Management/Manager.",12.0504,35-1012,First-Line Supervisors of Food Preparation and Serving Workers
"Food Service, Waiter/Waitress, and Dining Room Management/Manager.",12.0507,35-1012,First-Line Supervisors of Food Preparation and Serving Workers
Foodservice Systems Administration/Management.,19.0505,35-1012,First-Line Supervisors of Food Preparation and Serving Workers
NO MATCH,99.9999,35-2011,"Cooks, Fast Food"
"Cooking and Related Culinary Arts, General.",12.05,35-2012,"Cooks, Institution and Cafeteria"
Food Preparation/Professional Cooking/Kitchen Assistant.,12.0505,35-2012,"Cooks, Institution and Cafeteria"
Institutional Food Workers.,12.0508,35-2012,"Cooks, Institution and Cafeteria"
Foodservice Systems Administration/Management.,19.0505,35-2012,"Cooks, Institution and Cafeteria"
Culinary Arts/Chef Training.,12.0503,35-2013,"Cooks, Private Household"
"Restaurant, Culinary, and Catering Management/Manager.",12.0504,35-2013,"Cooks, Private Household"
Food Preparation/Professional Cooking/Kitchen Assistant.,12.0505,35-2013,"Cooks, Private Household"
"Cooking and Related Culinary Arts, General.",12.05,35-2014,"Cooks, Restaurant"
Culinary Arts/Chef Training.,12.0503,35-2014,"Cooks, Restaurant"
NO MATCH,99.9999,35-2015,"Cooks, Short Order"
"Cooking and Related Culinary Arts, General.",12.05,35-2019,"Cooks, All Other"
Culinary Arts/Chef Training.,12.0503,35-2019,"Cooks, All Other"
Food Preparation/Professional Cooking/Kitchen Assistant.,12.0505,35-2019,"Cooks, All Other"
Culinary Science/Culinology.,12.0509,35-2019,"Cooks, All Other"
NO MATCH,99.9999,35-2021,Food Preparation Workers
Bartending/Bartender.,12.0502,35-3011,Bartenders
NO MATCH,99.9999,35-3023,Fast Food and Counter Workers
NO MATCH,99.9999,35-3031,Waiters and Waitresses
NO MATCH,99.9999,35-3041,"Food Servers, Nonrestaurant"
NO MATCH,99.9999,35-9011,Dining Room and Cafeteria Attendants and Bartender Helpers
NO MATCH,99.9999,35-9021,Dishwashers
NO MATCH,99.9999,35-9031,"Hosts and Hostesses, Restaurant, Lounge, and Coffee Shop"
NO MATCH,99.9999,35-9099,"Food Preparation and Serving Related Workers, All Other"
Building/Property Maintenance.,46.0401,37-1011,First-Line Supervisors of Housekeeping and Janitorial Workers
"Applied Horticulture/Horticulture Operations, General.",1.0601,37-1012,"First-Line Supervisors of Landscaping, Lawn Service, and Groundskeeping Workers"
Ornamental Horticulture.,1.0603,37-1012,"First-Line Supervisors of Landscaping, Lawn Service, and Groundskeeping Workers"
Greenhouse Operations and Management.,1.0604,37-1012,"First-Line Supervisors of Landscaping, Lawn Service, and Groundskeeping Workers"
Landscaping and Groundskeeping.,1.0605,37-1012,"First-Line Supervisors of Landscaping, Lawn Service, and Groundskeeping Workers"
Plant Nursery Operations and Management.,1.0606,37-1012,"First-Line Supervisors of Landscaping, Lawn Service, and Groundskeeping Workers"
Turf and Turfgrass Management.,1.0607,37-1012,"First-Line Supervisors of Landscaping, Lawn Service, and Groundskeeping Workers"
Golf Course Operation and Grounds Management.,31.0302,37-1012,"First-Line Supervisors of Landscaping, Lawn Service, and Groundskeeping Workers"
NO MATCH,99.9999,37-2011,"Janitors and Cleaners, Except Maids and Housekeeping Cleaners"
NO MATCH,99.9999,37-2012,Maids and Housekeeping Cleaners
NO MATCH,99.9999,37-2019,"Building Cleaning Workers, All Other"
NO MATCH,99.9999,37-2021,Pest Control Workers
"Applied Horticulture/Horticulture Operations, General.",1.0601,37-3011,Landscaping and Groundskeeping Workers
Ornamental Horticulture.,1.0603,37-3011,Landscaping and Groundskeeping Workers
Greenhouse Operations and Management.,1.0604,37-3011,Landscaping and Groundskeeping Workers
Landscaping and Groundskeeping.,1.0605,37-3011,Landscaping and Groundskeeping Workers
Plant Nursery Operations and Management.,1.0606,37-3011,Landscaping and Groundskeeping Workers
Turf and Turfgrass Management.,1.0607,37-3011,Landscaping and Groundskeeping Workers
Golf Course Operation and Grounds Management.,31.0302,37-3011,Landscaping and Groundskeeping Workers
Landscaping and Groundskeeping.,1.0605,37-3012,"Pesticide Handlers, Sprayers, and Applicators, Vegetation"
Plant Nursery Operations and Management.,1.0606,37-3012,"Pesticide Handlers, Sprayers, and Applicators, Vegetation"
Turf and Turfgrass Management.,1.0607,37-3012,"Pesticide Handlers, Sprayers, and Applicators, Vegetation"
NO MATCH,99.9999,37-3013,Tree Trimmers and Pruners
NO MATCH,99.9999,37-3019,"Grounds Maintenance Workers, All Other"
"Casino Operations and Services, General.",12.0601,39-1013,First-Line Supervisors of Gambling Services Workers
Casino Dealing.,12.0602,39-1013,First-Line Supervisors of Gambling Services Workers
Casino Management.,52.0908,39-1013,First-Line Supervisors of Gambling Services Workers
Outdoor Education.,31.0601,39-1014,"First-Line Supervisors of Entertainment and Recreation Workers, Except Gambling Services"
Salon/Beauty Salon Management/Manager.,12.0412,39-1022,First-Line Supervisors of Personal Service Workers
Animal Training.,1.0505,39-2011,Animal Trainers
Equestrian/Equine Studies.,1.0507,39-2011,Animal Trainers
Anthrozoology.,30.3401,39-2011,Animal Trainers
Dog/Pet/Animal Grooming.,1.0504,39-2021,Animal Caretakers
Farrier Science.,1.0509,39-2021,Animal Caretakers
Anthrozoology.,30.3401,39-2021,Animal Caretakers
Casino Dealing.,12.0602,39-3011,Gambling Dealers
NO MATCH,99.9999,39-3012,Gambling and Sports Book Writers and Runners
NO MATCH,99.9999,39-3019,"Gambling Service Workers, All Other"
NO MATCH,99.9999,39-3021,Motion Picture Projectionists
NO MATCH,99.9999,39-3031,"Ushers, Lobby Attendants, and Ticket Takers"
NO MATCH,99.9999,39-3091,Amusement and Recreation Attendants
"Dramatic/Theatre Arts and Stagecraft, Other.",50.0599,39-3092,Costume Attendants
NO MATCH,99.9999,39-3093,"Locker Room, Coatroom, and Dressing Room Attendants"
NO MATCH,99.9999,39-3099,"Entertainment Attendants and Related Workers, All Other"
"Funeral Service and Mortuary Science, General.",12.0301,39-4011,Embalmers
Mortuary Science and Embalming/Embalmer.,12.0303,39-4011,Embalmers
Mortuary Science and Embalming/Embalmer.,12.0303,39-4012,Crematory Operators
"Funeral Service and Mortuary Science, Other.",12.0399,39-4012,Crematory Operators
NO MATCH,99.9999,39-4021,Funeral Attendants
"Funeral Service and Mortuary Science, General.",12.0301,39-4031,"Morticians, Undertakers, and Funeral Arrangers"
Funeral Direction/Service.,12.0302,39-4031,"Morticians, Undertakers, and Funeral Arrangers"
"Funeral Service and Mortuary Science, Other.",12.0399,39-4031,"Morticians, Undertakers, and Funeral Arrangers"
Thanatology.,30.5301,39-4031,"Morticians, Undertakers, and Funeral Arrangers"
Barbering/Barber.,12.0402,39-5011,Barbers
Hair Styling/Stylist and Hair Design.,12.0407,39-5011,Barbers
Salon/Beauty Salon Management/Manager.,12.0412,39-5011,Barbers
"Cosmetology, Barber/Styling, and Nail Instructor.",12.0413,39-5011,Barbers
"Cosmetology/Cosmetologist, General.",12.0401,39-5012,"Hairdressers, Hairstylists, and Cosmetologists"
Electrolysis/Electrology and Electrolysis Technician.,12.0404,39-5012,"Hairdressers, Hairstylists, and Cosmetologists"
Make-Up Artist/Specialist.,12.0406,39-5012,"Hairdressers, Hairstylists, and Cosmetologists"
Hair Styling/Stylist and Hair Design.,12.0407,39-5012,"Hairdressers, Hairstylists, and Cosmetologists"
Permanent Cosmetics/Makeup and Tattooing.,12.0411,39-5012,"Hairdressers, Hairstylists, and Cosmetologists"
Salon/Beauty Salon Management/Manager.,12.0412,39-5012,"Hairdressers, Hairstylists, and Cosmetologists"
"Cosmetology, Barber/Styling, and Nail Instructor.",12.0413,39-5012,"Hairdressers, Hairstylists, and Cosmetologists"
"Cosmetology and Related Personal Grooming Arts, Other.",12.0499,39-5012,"Hairdressers, Hairstylists, and Cosmetologists"
"Cosmetology/Cosmetologist, General.",12.0401,39-5091,"Makeup Artists, Theatrical and Performance"
Make-Up Artist/Specialist.,12.0406,39-5091,"Makeup Artists, Theatrical and Performance"
Permanent Cosmetics/Makeup and Tattooing.,12.0411,39-5091,"Makeup Artists, Theatrical and Performance"
"Cosmetology/Cosmetologist, General.",12.0401,39-5092,Manicurists and Pedicurists
Nail Technician/Specialist and Manicurist.,12.041,39-5092,Manicurists and Pedicurists
"Cosmetology/Cosmetologist, General.",12.0401,39-5093,Shampooers
"Cosmetology/Cosmetologist, General.",12.0401,39-5094,Skincare Specialists
Facial Treatment Specialist/Facialist.,12.0408,39-5094,Skincare Specialists
Aesthetician/Esthetician and Skin Care Specialist.,12.0409,39-5094,Skincare Specialists
Master Aesthetician/Esthetician.,12.0414,39-5094,Skincare Specialists
NO MATCH,99.9999,39-6011,Baggage Porters and Bellhops
"Culinary, Entertainment, and Personal Services, Other.",12.9999,39-6012,Concierges
Archeology.,45.0301,39-7011,Tour Guides and Escorts
"History, General.",54.0101,39-7011,Tour Guides and Escorts
Tourism and Travel Services Management.,52.0903,39-7012,Travel Guides
Child Development.,19.0706,39-9011,Childcare Workers
Child Care Provider/Assistant.,19.0709,39-9011,Childcare Workers
Early Childhood and Family Studies.,19.0711,39-9011,Childcare Workers
Physical Education Teaching and Coaching.,13.1314,39-9031,Exercise Trainers and Group Fitness Instructors
"Sports, Kinesiology, and Physical Education/Fitness, General.",31.0501,39-9031,Exercise Trainers and Group Fitness Instructors
Sport and Fitness Administration/Management.,31.0504,39-9031,Exercise Trainers and Group Fitness Instructors
Physical Fitness Technician.,31.0507,39-9031,Exercise Trainers and Group Fitness Instructors
Yoga Teacher Training/Yoga Therapy.,51.3602,39-9031,Exercise Trainers and Group Fitness Instructors
Outdoor Education.,31.0601,39-9032,Recreation Workers
College Student Counseling and Personnel Services.,13.1102,39-9041,Residential Advisors
"Student Counseling and Personnel Services, Other.",13.1199,39-9041,Residential Advisors
NO MATCH,99.9999,39-9099,"Personal Care and Service Workers, All Other"
Floriculture/Floristry Operations and Management.,1.0608,41-1011,First-Line Supervisors of Retail Sales Workers
Consumer Merchandising/Retailing Management.,19.0203,41-1011,First-Line Supervisors of Retail Sales Workers
E-Commerce/Electronic Commerce.,52.0208,41-1011,First-Line Supervisors of Retail Sales Workers
Retail Management.,52.0212,41-1011,First-Line Supervisors of Retail Sales Workers
Retailing and Retail Operations.,52.1803,41-1011,First-Line Supervisors of Retail Sales Workers
Selling Skills and Sales Operations.,52.1804,41-1011,First-Line Supervisors of Retail Sales Workers
"General Merchandising, Sales, and Related Marketing Operations, Other.",52.1899,41-1011,First-Line Supervisors of Retail Sales Workers
Special Products Marketing Operations.,52.1909,41-1011,First-Line Supervisors of Retail Sales Workers
Selling Skills and Sales Operations.,52.1804,41-1012,First-Line Supervisors of Non-Retail Sales Workers
"General Merchandising, Sales, and Related Marketing Operations, Other.",52.1899,41-1012,First-Line Supervisors of Non-Retail Sales Workers
Special Products Marketing Operations.,52.1909,41-1012,First-Line Supervisors of Non-Retail Sales Workers
NO MATCH,99.9999,41-2011,Cashiers
NO MATCH,99.9999,41-2012,Gambling Change Persons and Booth Cashiers
NO MATCH,99.9999,41-2021,Counter and Rental Clerks
Selling Skills and Sales Operations.,52.1804,41-2022,Parts Salespersons
Vehicle and Vehicle Parts and Accessories Marketing Operations.,52.1907,41-2022,Parts Salespersons
NO MATCH,99.9999,41-2031,Retail Salespersons
Selling Skills and Sales Operations.,52.1804,41-3011,Advertising Sales Agents
Insurance.,52.1701,41-3021,Insurance Sales Agents
Financial Planning and Services.,52.0804,41-3031,"Securities, Commodities, and Financial Services Sales Agents"
Investments and Securities.,52.0807,41-3031,"Securities, Commodities, and Financial Services Sales Agents"
Business and Personal/Financial Services Marketing Operations.,52.1908,41-3031,"Securities, Commodities, and Financial Services Sales Agents"
Selling Skills and Sales Operations.,52.1804,41-3041,Travel Agents
Tourism and Travel Services Marketing Operations.,52.1905,41-3041,Travel Agents
Retailing and Retail Operations.,52.1803,41-3091,"Sales Representatives of Services, Except Advertising, Insurance, Financial Services, and Travel"
Selling Skills and Sales Operations.,52.1804,41-3091,"Sales Representatives of Services, Except Advertising, Insurance, Financial Services, and Travel"
Selling Skills and Sales Operations.,52.1804,41-4011,"Sales Representatives, Wholesale and Manufacturing, Technical and Scientific Products"
Agricultural/Farm Supplies Retailing and Wholesaling.,1.0105,41-4012,"Sales Representatives, Wholesale and Manufacturing, Except Technical and Scientific Products"
"Sales, Distribution, and Marketing Operations, General.",52.1801,41-4012,"Sales Representatives, Wholesale and Manufacturing, Except Technical and Scientific Products"
"General Merchandising, Sales, and Related Marketing Operations, Other.",52.1899,41-4012,"Sales Representatives, Wholesale and Manufacturing, Except Technical and Scientific Products"
Fashion Merchandising.,52.1902,41-4012,"Sales Representatives, Wholesale and Manufacturing, Except Technical and Scientific Products"
Apparel and Accessories Marketing Operations.,52.1904,41-4012,"Sales Representatives, Wholesale and Manufacturing, Except Technical and Scientific Products"
Special Products Marketing Operations.,52.1909,41-4012,"Sales Representatives, Wholesale and Manufacturing, Except Technical and Scientific Products"
Retailing and Retail Operations.,52.1803,41-9011,Demonstrators and Product Promoters
Fashion Modeling.,52.1903,41-9012,Models
Real Estate Development.,4.1001,41-9021,Real Estate Brokers
Real Estate.,52.1501,41-9021,Real Estate Brokers
Real Estate Development.,4.1001,41-9022,Real Estate Sales Agents
Real Estate.,52.1501,41-9022,Real Estate Sales Agents
NO MATCH,99.9999,41-9031,Sales Engineers
NO MATCH,99.9999,41-9041,Telemarketers
NO MATCH,99.9999,41-9091,"Door-to-Door Sales Workers, News and Street Vendors, and Related Workers"
Retailing and Retail Operations.,52.1803,41-9099,"Sales and Related Workers, All Other"
Selling Skills and Sales Operations.,52.1804,41-9099,"Sales and Related Workers, All Other"
Auctioneering.,52.1901,41-9099,"Sales and Related Workers, All Other"
Special Products Marketing Operations.,52.1909,41-9099,"Sales and Related Workers, All Other"
Agricultural Business Technology/Technician.,1.0106,43-1011,First-Line Supervisors of Office and Administrative Support Workers
"Veterinary Administrative Services, General.",1.8201,43-1011,First-Line Supervisors of Office and Administrative Support Workers
Veterinary Office Management/Administration.,1.8202,43-1011,First-Line Supervisors of Office and Administrative Support Workers
Veterinary Reception/Receptionist.,1.8203,43-1011,First-Line Supervisors of Office and Administrative Support Workers
Veterinary Administrative/Executive Assistant and Veterinary Secretary.,1.8204,43-1011,First-Line Supervisors of Office and Administrative Support Workers
Medical Office Management/Administration.,51.0705,43-1011,First-Line Supervisors of Office and Administrative Support Workers
Medical/Health Management and Clinical Assistant/Specialist.,51.0711,43-1011,First-Line Supervisors of Office and Administrative Support Workers
Medical Reception/Receptionist.,51.0712,43-1011,First-Line Supervisors of Office and Administrative Support Workers
Office Management and Supervision.,52.0204,43-1011,First-Line Supervisors of Office and Administrative Support Workers
Customer Service Management.,52.0207,43-1011,First-Line Supervisors of Office and Administrative Support Workers
E-Commerce/Electronic Commerce.,52.0208,43-1011,First-Line Supervisors of Office and Administrative Support Workers
"Administrative Assistant and Secretarial Science, General.",52.0401,43-1011,First-Line Supervisors of Office and Administrative Support Workers
Executive Assistant/Executive Secretary.,52.0402,43-1011,First-Line Supervisors of Office and Administrative Support Workers
NO MATCH,99.9999,43-2011,"Switchboard Operators, Including Answering Service"
NO MATCH,99.9999,43-2021,Telephone Operators
Communications Systems Installation and Repair Technology/Technician.,47.0103,43-2099,"Communications Equipment Operators, All Other"
Banking and Financial Support Services.,52.0803,43-3011,Bill and Account Collectors
NO MATCH,99.9999,43-3021,Billing and Posting Clerks
Accounting Technology/Technician and Bookkeeping.,52.0302,43-3031,"Bookkeeping, Accounting, and Auditing Clerks"
"Casino Operations and Services, General.",12.0601,43-3041,Gambling Cage Workers
Accounting Technology/Technician and Bookkeeping.,52.0302,43-3051,Payroll and Timekeeping Clerks
General Office Occupations and Clerical Services.,52.0408,43-3061,Procurement Clerks
Banking and Financial Support Services.,52.0803,43-3071,Tellers
NO MATCH,99.9999,43-3099,"Financial Clerks, All Other"
Accounting Technology/Technician and Bookkeeping.,52.0302,43-4011,Brokerage Clerks
General Office Occupations and Clerical Services.,52.0408,43-4021,Correspondence Clerks
NO MATCH,99.9999,43-4031,"Court, Municipal, and License Clerks"
Banking and Financial Support Services.,52.0803,43-4041,"Credit Authorizers, Checkers, and Clerks"
Receptionist.,52.0406,43-4051,Customer Service Representatives
Customer Service Support/Call Center/Teleservice Operation.,52.0411,43-4051,Customer Service Representatives
Community Organization and Advocacy.,44.0201,43-4061,"Eligibility Interviewers, Government Programs"
General Office Occupations and Clerical Services.,52.0408,43-4071,File Clerks
NO MATCH,99.9999,43-4081,"Hotel, Motel, and Resort Desk Clerks"
NO MATCH,99.9999,43-4111,"Interviewers, Except Eligibility and Loan"
NO MATCH,99.9999,43-4121,"Library Assistants, Clerical"
Banking and Financial Support Services.,52.0803,43-4131,Loan Interviewers and Clerks
Banking and Financial Support Services.,52.0803,43-4141,New Accounts Clerks
Receptionist.,52.0406,43-4151,Order Clerks
General Office Occupations and Clerical Services.,52.0408,43-4151,Order Clerks
Customer Service Support/Call Center/Teleservice Operation.,52.0411,43-4151,Order Clerks
"Administrative Assistant and Secretarial Science, General.",52.0401,43-4161,"Human Resources Assistants, Except Payroll and Timekeeping"
Business/Office Automation/Technology/Data Entry.,52.0407,43-4161,"Human Resources Assistants, Except Payroll and Timekeeping"
"Human Resources Management/Personnel Administration, General.",52.1001,43-4161,"Human Resources Assistants, Except Payroll and Timekeeping"
"Human Resources Management and Services, Other.",52.1099,43-4161,"Human Resources Assistants, Except Payroll and Timekeeping"
Veterinary Reception/Receptionist.,1.8203,43-4171,Receptionists and Information Clerks
Receptionist.,52.0406,43-4171,Receptionists and Information Clerks
NO MATCH,99.9999,43-4181,Reservation and Transportation Ticket Agents and Travel Clerks
NO MATCH,99.9999,43-4199,"Information and Record Clerks, All Other"
General Office Occupations and Clerical Services.,52.0408,43-5011,Cargo and Freight Agents
"Traffic, Customs, and Transportation Clerk/Technician.",52.041,43-5011,Cargo and Freight Agents
NO MATCH,99.9999,43-5021,Couriers and Messengers
NO MATCH,99.9999,43-5031,Public Safety Telecommunicators
"Traffic, Customs, and Transportation Clerk/Technician.",52.041,43-5032,"Dispatchers, Except Police, Fire, and Ambulance"
NO MATCH,99.9999,43-5041,"Meter Readers, Utilities"
NO MATCH,99.9999,43-5051,Postal Service Clerks
NO MATCH,99.9999,43-5052,Postal Service Mail Carriers
NO MATCH,99.9999,43-5053,"Postal Service Mail Sorters, Processors, and Processing Machine Operators"
"Parts, Warehousing, and Inventory Management Operations.",52.0409,43-5061,"Production, Planning, and Expediting Clerks"
NO MATCH,99.9999,43-5071,"Shipping, Receiving, and Inventory Clerks"
NO MATCH,99.9999,43-5111,"Weighers, Measurers, Checkers, and Samplers, Recordkeeping"
"Administrative Assistant and Secretarial Science, General.",52.0401,43-6011,Executive Secretaries and Executive Administrative Assistants
Executive Assistant/Executive Secretary.,52.0402,43-6011,Executive Secretaries and Executive Administrative Assistants
Legal Administrative Assistant/Secretary.,22.0301,43-6012,Legal Secretaries and Administrative Assistants
"Veterinary Administrative Services, General.",1.8201,43-6013,Medical Secretaries and Administrative Assistants
Veterinary Administrative/Executive Assistant and Veterinary Secretary.,1.8204,43-6013,Medical Secretaries and Administrative Assistants
Medical Office Assistant/Specialist.,51.071,43-6013,Medical Secretaries and Administrative Assistants
Medical/Health Management and Clinical Assistant/Specialist.,51.0711,43-6013,Medical Secretaries and Administrative Assistants
Medical Reception/Receptionist.,51.0712,43-6013,Medical Secretaries and Administrative Assistants
Medical Insurance Specialist/Medical Biller.,51.0714,43-6013,Medical Secretaries and Administrative Assistants
Medical Administrative/Executive Assistant and Medical Secretary.,51.0716,43-6013,Medical Secretaries and Administrative Assistants
"Administrative Assistant and Secretarial Science, General.",52.0401,43-6014,"Secretaries and Administrative Assistants, Except Legal, Medical, and Executive"
Executive Assistant/Executive Secretary.,52.0402,43-6014,"Secretaries and Administrative Assistants, Except Legal, Medical, and Executive"
"Graphic and Printing Equipment Operator, General Production.",10.0305,43-9021,Data Entry Keyers
"Data Entry/Microcomputer Applications, General.",11.0601,43-9021,Data Entry Keyers
Business/Office Automation/Technology/Data Entry.,52.0407,43-9021,Data Entry Keyers
Word Processing.,11.0602,43-9022,Word Processors and Typists
General Office Occupations and Clerical Services.,52.0408,43-9022,Word Processors and Typists
Prepress/Desktop Publishing and Digital Imaging Design.,10.0303,43-9031,Desktop Publishers
Computer Typography and Composition Equipment Operator.,10.0308,43-9031,Desktop Publishers
General Office Occupations and Clerical Services.,52.0408,43-9041,Insurance Claims and Policy Processing Clerks
NO MATCH,99.9999,43-9051,"Mail Clerks and Mail Machine Operators, Except Postal Service"
General Office Occupations and Clerical Services.,52.0408,43-9061,"Office Clerks, General"
NO MATCH,99.9999,43-9071,"Office Machine Operators, Except Computer"
"English Language and Literature, General.",23.0101,43-9081,Proofreaders and Copy Markers
"Writing, General.",23.1301,43-9081,Proofreaders and Copy Markers
"Rhetoric and Composition/Writing Studies, Other.",23.1399,43-9081,Proofreaders and Copy Markers
"Business/Corporate Communications, General.",52.0501,43-9081,Proofreaders and Copy Markers
Journalism.,9.0401,43-9081,Proofreaders and Copy Markers
Accounting Technology/Technician and Bookkeeping.,52.0302,43-9111,Statistical Assistants
NO MATCH,99.9999,43-9199,"Office and Administrative Support Workers, All Other"
"Agricultural Business and Management, General.",1.0101,45-1011,"First-Line Supervisors of Farming, Fishing, and Forestry Workers"
Farm/Farm and Ranch Management.,1.0104,45-1011,"First-Line Supervisors of Farming, Fishing, and Forestry Workers"
"Agricultural Business and Management, Other.",1.0199,45-1011,"First-Line Supervisors of Farming, Fishing, and Forestry Workers"
"Agricultural Production Operations, General.",1.0301,45-1011,"First-Line Supervisors of Farming, Fishing, and Forestry Workers"
Animal/Livestock Husbandry and Production.,1.0302,45-1011,"First-Line Supervisors of Farming, Fishing, and Forestry Workers"
Aquaculture.,1.0303,45-1011,"First-Line Supervisors of Farming, Fishing, and Forestry Workers"
Crop Production.,1.0304,45-1011,"First-Line Supervisors of Farming, Fishing, and Forestry Workers"
Dairy Husbandry and Production.,1.0306,45-1011,"First-Line Supervisors of Farming, Fishing, and Forestry Workers"
Horse Husbandry/Equine Science and Management.,1.0307,45-1011,"First-Line Supervisors of Farming, Fishing, and Forestry Workers"
Agroecology and Sustainable Agriculture.,1.0308,45-1011,"First-Line Supervisors of Farming, Fishing, and Forestry Workers"
Apiculture.,1.031,45-1011,"First-Line Supervisors of Farming, Fishing, and Forestry Workers"
"Agricultural Production Operations, Other.",1.0399,45-1011,"First-Line Supervisors of Farming, Fishing, and Forestry Workers"
Agricultural and Food Products Processing.,1.0401,45-1011,"First-Line Supervisors of Farming, Fishing, and Forestry Workers"
Greenhouse Operations and Management.,1.0604,45-1011,"First-Line Supervisors of Farming, Fishing, and Forestry Workers"
Plant Nursery Operations and Management.,1.0606,45-1011,"First-Line Supervisors of Farming, Fishing, and Forestry Workers"
"Animal Sciences, General.",1.0901,45-1011,"First-Line Supervisors of Farming, Fishing, and Forestry Workers"
Dairy Science.,1.0905,45-1011,"First-Line Supervisors of Farming, Fishing, and Forestry Workers"
Livestock Management.,1.0906,45-1011,"First-Line Supervisors of Farming, Fishing, and Forestry Workers"
Poultry Science.,1.0907,45-1011,"First-Line Supervisors of Farming, Fishing, and Forestry Workers"
"Animal Sciences, Other.",1.0999,45-1011,"First-Line Supervisors of Farming, Fishing, and Forestry Workers"
Viticulture and Enology.,1.1004,45-1011,"First-Line Supervisors of Farming, Fishing, and Forestry Workers"
"Plant Sciences, General.",1.1101,45-1011,"First-Line Supervisors of Farming, Fishing, and Forestry Workers"
Agronomy and Crop Science.,1.1102,45-1011,"First-Line Supervisors of Farming, Fishing, and Forestry Workers"
Fishing and Fisheries Sciences and Management.,3.0301,45-1011,"First-Line Supervisors of Farming, Fishing, and Forestry Workers"
"Forestry, General.",3.0501,45-1011,"First-Line Supervisors of Farming, Fishing, and Forestry Workers"
Forest Resources Production and Management.,3.051,45-1011,"First-Line Supervisors of Farming, Fishing, and Forestry Workers"
Agricultural and Food Products Processing.,1.0401,45-2011,Agricultural Inspectors
Animal/Livestock Husbandry and Production.,1.0302,45-2021,Animal Breeders
Horse Husbandry/Equine Science and Management.,1.0307,45-2021,Animal Breeders
Apiculture.,1.031,45-2021,Animal Breeders
NO MATCH,99.9999,45-2041,"Graders and Sorters, Agricultural Products"
Agricultural Power Machinery Operation.,1.0204,45-2091,Agricultural Equipment Operators
NO MATCH,99.9999,45-2092,"Farmworkers and Laborers, Crop, Nursery, and Greenhouse"
Apiculture.,1.031,45-2093,"Farmworkers, Farm, Ranch, and Aquacultural Animals"
NO MATCH,99.9999,45-2099,"Agricultural Workers, All Other"
Fishing and Fisheries Sciences and Management.,3.0301,45-3031,Fishing and Hunting Workers
Plant Nursery Operations and Management.,1.0606,45-4011,Forest and Conservation Workers
"Forestry, General.",3.0501,45-4011,Forest and Conservation Workers
Forest Technology/Technician.,3.0511,45-4011,Forest and Conservation Workers
"Forestry, Other.",3.0599,45-4011,Forest and Conservation Workers
NO MATCH,99.9999,45-4021,Fallers
Construction/Heavy Equipment/Earthmoving Equipment Operation.,49.0202,45-4022,Logging Equipment Operators
NO MATCH,99.9999,45-4023,Log Graders and Scalers
NO MATCH,99.9999,45-4029,"Logging Workers, All Other"
"Construction Trades, General.",46,47-1011,First-Line Supervisors of Construction Trades and Extraction Workers
Mason/Masonry.,46.0101,47-1011,First-Line Supervisors of Construction Trades and Extraction Workers
Carpentry/Carpenter.,46.0201,47-1011,First-Line Supervisors of Construction Trades and Extraction Workers
Electrician.,46.0302,47-1011,First-Line Supervisors of Construction Trades and Extraction Workers
Building/Property Maintenance.,46.0401,47-1011,First-Line Supervisors of Construction Trades and Extraction Workers
Concrete Finishing/Concrete Finisher.,46.0402,47-1011,First-Line Supervisors of Construction Trades and Extraction Workers
Building/Home/Construction Inspection/Inspector.,46.0403,47-1011,First-Line Supervisors of Construction Trades and Extraction Workers
Drywall Installation/Drywaller.,46.0404,47-1011,First-Line Supervisors of Construction Trades and Extraction Workers
Glazier.,46.0406,47-1011,First-Line Supervisors of Construction Trades and Extraction Workers
Painting/Painter and Wall Coverer.,46.0408,47-1011,First-Line Supervisors of Construction Trades and Extraction Workers
Roofer.,46.041,47-1011,First-Line Supervisors of Construction Trades and Extraction Workers
Building/Construction Site Management/Manager.,46.0412,47-1011,First-Line Supervisors of Construction Trades and Extraction Workers
"Carpet, Floor, and Tile Worker.",46.0413,47-1011,First-Line Supervisors of Construction Trades and Extraction Workers
Insulator.,46.0414,47-1011,First-Line Supervisors of Construction Trades and Extraction Workers
Building Construction Technology/Technician.,46.0415,47-1011,First-Line Supervisors of Construction Trades and Extraction Workers
Pipefitting/Pipefitter and Sprinkler Fitter.,46.0502,47-1011,First-Line Supervisors of Construction Trades and Extraction Workers
Plumbing Technology/Plumber.,46.0503,47-1011,First-Line Supervisors of Construction Trades and Extraction Workers
Well Drilling/Driller.,46.0504,47-1011,First-Line Supervisors of Construction Trades and Extraction Workers
Blasting/Blaster.,46.0505,47-1011,First-Line Supervisors of Construction Trades and Extraction Workers
Boilermaking/Boilermaker.,48.0801,47-2011,Boilermakers
Mason/Masonry.,46.0101,47-2021,Brickmasons and Blockmasons
Mason/Masonry.,46.0101,47-2022,Stonemasons
Carpentry/Carpenter.,46.0201,47-2031,Carpenters
"Carpet, Floor, and Tile Worker.",46.0413,47-2041,Carpet Installers
"Carpet, Floor, and Tile Worker.",46.0413,47-2042,"Floor Layers, Except Carpet, Wood, and Hard Tiles"
"Carpet, Floor, and Tile Worker.",46.0413,47-2043,Floor Sanders and Finishers
Mason/Masonry.,46.0101,47-2044,Tile and Stone Setters
"Carpet, Floor, and Tile Worker.",46.0413,47-2044,Tile and Stone Setters
Concrete Finishing/Concrete Finisher.,46.0402,47-2051,Cement Masons and Concrete Finishers
"Carpet, Floor, and Tile Worker.",46.0413,47-2053,Terrazzo Workers and Finishers
NO MATCH,99.9999,47-2061,Construction Laborers
Construction/Heavy Equipment/Earthmoving Equipment Operation.,49.0202,47-2071,"Paving, Surfacing, and Tamping Equipment Operators"
Construction/Heavy Equipment/Earthmoving Equipment Operation.,49.0202,47-2072,Pile Driver Operators
Construction/Heavy Equipment/Earthmoving Equipment Operation.,49.0202,47-2073,Operating Engineers and Other Construction Equipment Operators
Mobil Crane Operator/Operation.,49.0206,47-2073,Operating Engineers and Other Construction Equipment Operators
Drywall Installation/Drywaller.,46.0404,47-2081,Drywall and Ceiling Tile Installers
NO MATCH,99.9999,47-2082,Tapers
Electrician.,46.0302,47-2111,Electricians
Glazier.,46.0406,47-2121,Glaziers
Insulator.,46.0414,47-2131,"Insulation Workers, Floor, Ceiling, and Wall"
Insulator.,46.0414,47-2132,"Insulation Workers, Mechanical"
Painting/Painter and Wall Coverer.,46.0408,47-2141,"Painters, Construction and Maintenance"
Painting/Painter and Wall Coverer.,46.0408,47-2142,Paperhangers
NO MATCH,99.9999,47-2151,Pipelayers
Pipefitting/Pipefitter and Sprinkler Fitter.,46.0502,47-2152,"Plumbers, Pipefitters, and Steamfitters"
Plumbing Technology/Plumber.,46.0503,47-2152,"Plumbers, Pipefitters, and Steamfitters"
"Plumbing and Related Water Supply Services, Other.",46.0599,47-2152,"Plumbers, Pipefitters, and Steamfitters"
NO MATCH,99.9999,47-2161,Plasterers and Stucco Masons
NO MATCH,99.9999,47-2171,Reinforcing Iron and Rebar Workers
Roofer.,46.041,47-2181,Roofers
Sheet Metal Technology/Sheetworking.,48.0506,47-2211,Sheet Metal Workers
Metal Building Assembly/Assembler.,46.0411,47-2221,Structural Iron and Steel Workers
Solar Energy Technology/Technician.,15.1703,47-2231,Solar Photovoltaic Installers
Roofer.,46.041,47-2231,Solar Photovoltaic Installers
Solar Energy System Installation and Repair Technology/Technician.,47.0703,47-2231,Solar Photovoltaic Installers
NO MATCH,99.9999,47-3011,"Helpers--Brickmasons, Blockmasons, Stonemasons, and Tile and Marble Setters"
NO MATCH,99.9999,47-3012,Helpers--Carpenters
NO MATCH,99.9999,47-3013,Helpers--Electricians
NO MATCH,99.9999,47-3014,"Helpers--Painters, Paperhangers, Plasterers, and Stucco Masons"
NO MATCH,99.9999,47-3015,"Helpers--Pipelayers, Plumbers, Pipefitters, and Steamfitters"
NO MATCH,99.9999,47-3016,Helpers--Roofers
NO MATCH,99.9999,47-3019,"Helpers, Construction Trades, All Other"
Building/Home/Construction Inspection/Inspector.,46.0403,47-4011,Construction and Building Inspectors
Industrial Mechanics and Maintenance Technology/Technician.,47.0303,47-4021,Elevator and Escalator Installers and Repairers
NO MATCH,99.9999,47-4031,Fence Erectors
Hazardous Materials Management and Waste Technology/Technician.,15.0508,47-4041,Hazardous Materials Removal Workers
Construction/Heavy Equipment/Earthmoving Equipment Operation.,49.0202,47-4051,Highway Maintenance Workers
Flagging and Traffic Control.,49.0207,47-4051,Highway Maintenance Workers
Construction/Heavy Equipment/Earthmoving Equipment Operation.,49.0202,47-4061,Rail-Track Laying and Maintenance Equipment Operators
Plumbing Technology/Plumber.,46.0503,47-4071,Septic Tank Servicers and Sewer Pipe Cleaners
NO MATCH,99.9999,47-4091,Segmental Pavers
NO MATCH,99.9999,47-4099,"Construction and Related Workers, All Other"
Well Drilling/Driller.,46.0504,47-5011,"Derrick Operators, Oil and Gas"
Well Drilling/Driller.,46.0504,47-5012,"Rotary Drill Operators, Oil and Gas"
Mining Technology/Technician.,15.0901,47-5013,"Service Unit Operators, Oil and Gas"
Construction/Heavy Equipment/Earthmoving Equipment Operation.,49.0202,47-5022,"Excavating and Loading Machine and Dragline Operators, Surface Mining"
Well Drilling/Driller.,46.0504,47-5023,"Earth Drillers, Except Oil and Gas"
Construction/Heavy Equipment/Earthmoving Equipment Operation.,49.0202,47-5023,"Earth Drillers, Except Oil and Gas"
Well Drilling/Driller.,46.0504,47-5032,"Explosives Workers, Ordnance Handling Experts, and Blasters"
Blasting/Blaster.,46.0505,47-5032,"Explosives Workers, Ordnance Handling Experts, and Blasters"
Construction/Heavy Equipment/Earthmoving Equipment Operation.,49.0202,47-5032,"Explosives Workers, Ordnance Handling Experts, and Blasters"
Construction/Heavy Equipment/Earthmoving Equipment Operation.,49.0202,47-5041,Continuous Mining Machine Operators
NO MATCH,99.9999,47-5043,"Roof Bolters, Mining"
NO MATCH,99.9999,47-5044,"Loading and Moving Machine Operators, Underground Mining"
Construction/Heavy Equipment/Earthmoving Equipment Operation.,49.0202,47-5049,"Underground Mining Machine Operators, All Other"
NO MATCH,99.9999,47-5051,"Rock Splitters, Quarry"
NO MATCH,99.9999,47-5071,"Roustabouts, Oil and Gas"
NO MATCH,99.9999,47-5081,Helpers--Extraction Workers
Construction/Heavy Equipment/Earthmoving Equipment Operation.,49.0202,47-5099,"Extraction Workers, All Other"
"Electrical and Power Transmission Installation/Installer, General.",46.0301,49-1011,"First-Line Supervisors of Mechanics, Installers, and Repairers"
Lineworker.,46.0303,49-1011,"First-Line Supervisors of Mechanics, Installers, and Repairers"
"Mechanics and Repairers, General.",47,49-1011,"First-Line Supervisors of Mechanics, Installers, and Repairers"
"Vehicle Maintenance and Repair Technology/Technician, General.",47.06,49-1011,"First-Line Supervisors of Mechanics, Installers, and Repairers"
High Performance and Custom Engine Technician/Mechanic.,47.0617,49-1011,"First-Line Supervisors of Mechanics, Installers, and Repairers"
Recreation Vehicle (RV) Service Technician.,47.0618,49-1011,"First-Line Supervisors of Mechanics, Installers, and Repairers"
Energy Systems Installation and Repair Technology/Technician.,47.0701,49-1011,"First-Line Supervisors of Mechanics, Installers, and Repairers"
Solar Energy System Installation and Repair Technology/Technician.,47.0703,49-1011,"First-Line Supervisors of Mechanics, Installers, and Repairers"
Wind Energy System Installation and Repair Technology/Technician.,47.0704,49-1011,"First-Line Supervisors of Mechanics, Installers, and Repairers"
Hydroelectric Energy System Installation and Repair Technology/Technician.,47.0705,49-1011,"First-Line Supervisors of Mechanics, Installers, and Repairers"
Geothermal Energy System Installation and Repair Technology/Technician.,47.0706,49-1011,"First-Line Supervisors of Mechanics, Installers, and Repairers"
Operations Management and Supervision.,52.0205,49-1011,"First-Line Supervisors of Mechanics, Installers, and Repairers"
Business Machine Repair.,47.0102,49-2011,"Computer, Automated Teller, and Office Machine Repairers"
Computer Installation and Repair Technology/Technician.,47.0104,49-2011,"Computer, Automated Teller, and Office Machine Repairers"
Communications Systems Installation and Repair Technology/Technician.,47.0103,49-2021,"Radio, Cellular, and Tower Equipment Installers and Repairers"
Communications Systems Installation and Repair Technology/Technician.,47.0103,49-2022,"Telecommunications Equipment Installers and Repairers, Except Line Installers"
"Aerospace, Aeronautical, and Astronautical/Space Engineering, Other.",14.0299,49-2091,Avionics Technicians
Avionics Maintenance Technology/Technician.,47.0609,49-2091,Avionics Technicians
"Electrical/Electronics Equipment Installation and Repair Technology/Technician, General.",47.0101,49-2092,"Electric Motor, Power Tool, and Related Repairers"
Automobile/Automotive Mechanics Technology/Technician.,47.0604,49-2093,"Electrical and Electronics Installers and Repairers, Transportation Equipment"
Computer Installation and Repair Technology/Technician.,47.0104,49-2094,"Electrical and Electronics Repairers, Commercial and Industrial Equipment"
Industrial Electronics Technology/Technician.,47.0105,49-2094,"Electrical and Electronics Repairers, Commercial and Industrial Equipment"
"Electrical, Electronic, and Communications Engineering Technology/Technician.",15.0303,49-2095,"Electrical and Electronics Repairers, Powerhouse, Substation, and Relay"
Power Plant Technology/Technician.,15.1702,49-2095,"Electrical and Electronics Repairers, Powerhouse, Substation, and Relay"
"Electrical and Power Transmission Installation/Installer, General.",46.0301,49-2095,"Electrical and Electronics Repairers, Powerhouse, Substation, and Relay"
"Electrical/Electronics Maintenance and Repair Technologies/Technicians, Other.",47.0199,49-2095,"Electrical and Electronics Repairers, Powerhouse, Substation, and Relay"
Automobile/Automotive Mechanics Technology/Technician.,47.0604,49-2096,"Electronic Equipment Installers and Repairers, Motor Vehicles"
Communications Systems Installation and Repair Technology/Technician.,47.0103,49-2097,Audiovisual Equipment Installers and Repairers
Electrician.,46.0302,49-2098,Security and Fire Alarm Systems Installers
"Security System Installation, Repair, and Inspection Technology/Technician.",47.011,49-2098,Security and Fire Alarm Systems Installers
Agricultural Mechanics and Equipment/Machine Technology/Technician.,1.0205,49-3011,Aircraft Mechanics and Service Technicians
Airframe Mechanics and Aircraft Maintenance Technology/Technician.,47.0607,49-3011,Aircraft Mechanics and Service Technicians
Aircraft Powerplant Technology/Technician.,47.0608,49-3011,Aircraft Mechanics and Service Technicians
Autobody/Collision and Repair Technology/Technician.,47.0603,49-3021,Automotive Body and Related Repairers
Autobody/Collision and Repair Technology/Technician.,47.0603,49-3022,Automotive Glass Installers and Repairers
Automotive Engineering Technology/Technician.,15.0803,49-3023,Automotive Service Technicians and Mechanics
Motorsports Engineering Technology/Technician.,15.0807,49-3023,Automotive Service Technicians and Mechanics
"Vehicle Maintenance and Repair Technology/Technician, General.",47.06,49-3023,Automotive Service Technicians and Mechanics
Automobile/Automotive Mechanics Technology/Technician.,47.0604,49-3023,Automotive Service Technicians and Mechanics
Vehicle Emissions Inspection and Maintenance Technology/Technician.,47.0612,49-3023,Automotive Service Technicians and Mechanics
Medium/Heavy Vehicle and Truck Technology/Technician.,47.0613,49-3023,Automotive Service Technicians and Mechanics
Alternative Fuel Vehicle Technology/Technician.,47.0614,49-3023,Automotive Service Technicians and Mechanics
High Performance and Custom Engine Technician/Mechanic.,47.0617,49-3023,Automotive Service Technicians and Mechanics
Diesel Mechanics Technology/Technician.,47.0605,49-3031,Bus and Truck Mechanics and Diesel Engine Specialists
Medium/Heavy Vehicle and Truck Technology/Technician.,47.0613,49-3031,Bus and Truck Mechanics and Diesel Engine Specialists
"Agricultural Mechanization, General.",1.0201,49-3041,Farm Equipment Mechanics and Service Technicians
Agricultural Power Machinery Operation.,1.0204,49-3041,Farm Equipment Mechanics and Service Technicians
Agricultural Mechanics and Equipment/Machine Technology/Technician.,1.0205,49-3041,Farm Equipment Mechanics and Service Technicians
Irrigation Management Technology/Technician.,1.0207,49-3041,Farm Equipment Mechanics and Service Technicians
"Agricultural Mechanization, Other.",1.0299,49-3041,Farm Equipment Mechanics and Service Technicians
Agricultural Mechanics and Equipment/Machine Technology/Technician.,1.0205,49-3042,"Mobile Heavy Equipment Mechanics, Except Engines"
Heavy Equipment Maintenance Technology/Technician.,47.0302,49-3042,"Mobile Heavy Equipment Mechanics, Except Engines"
Heavy Equipment Maintenance Technology/Technician.,47.0302,49-3043,Rail Car Repairers
Marine Engineering Technology/Technician.,15.0806,49-3051,Motorboat Mechanics and Service Technicians
Small Engine Mechanics and Repair Technology/Technician.,47.0606,49-3051,Motorboat Mechanics and Service Technicians
Marine Maintenance/Fitter and Ship Repair Technology/Technician.,47.0616,49-3051,Motorboat Mechanics and Service Technicians
Motorcycle Maintenance and Repair Technology/Technician.,47.0611,49-3052,Motorcycle Mechanics
Small Engine Mechanics and Repair Technology/Technician.,47.0606,49-3053,Outdoor Power Equipment and Other Small Engine Mechanics
Bicycle Mechanics and Repair Technology/Technician.,47.061,49-3091,Bicycle Repairers
Recreation Vehicle (RV) Service Technician.,47.0618,49-3092,Recreational Vehicle Service Technicians
NO MATCH,99.9999,49-3093,Tire Repairers and Changers
NO MATCH,99.9999,49-9011,Mechanical Door Repairers
Heavy Equipment Maintenance Technology/Technician.,47.0302,49-9012,"Control and Valve Installers and Repairers, Except Mechanical Door"
Industrial Mechanics and Maintenance Technology/Technician.,47.0303,49-9012,"Control and Valve Installers and Repairers, Except Mechanical Door"
"Heating, Ventilation, Air Conditioning and Refrigeration Engineering Technology/Technician.",15.0501,49-9021,"Heating, Air Conditioning, and Refrigeration Mechanics and Installers"
"Heating, Air Conditioning, Ventilation and Refrigeration Maintenance Technology/Technician.",47.0201,49-9021,"Heating, Air Conditioning, and Refrigeration Mechanics and Installers"
Appliance Installation and Repair Technology/Technician.,47.0106,49-9031,Home Appliance Repairers
Industrial Mechanics and Maintenance Technology/Technician.,47.0303,49-9041,Industrial Machinery Mechanics
Energy Systems Installation and Repair Technology/Technician.,47.0701,49-9041,Industrial Machinery Mechanics
Hydroelectric Energy System Installation and Repair Technology/Technician.,47.0705,49-9041,Industrial Machinery Mechanics
Geothermal Energy System Installation and Repair Technology/Technician.,47.0706,49-9041,Industrial Machinery Mechanics
Industrial Mechanics and Maintenance Technology/Technician.,47.0303,49-9043,"Maintenance Workers, Machinery"
Industrial Mechanics and Maintenance Technology/Technician.,47.0303,49-9044,Millwrights
Industrial Mechanics and Maintenance Technology/Technician.,47.0303,49-9045,"Refractory Materials Repairers, Except Brickmasons"
"Electrical and Power Transmission Installation/Installer, General.",46.0301,49-9051,Electrical Power-Line Installers and Repairers
Lineworker.,46.0303,49-9051,Electrical Power-Line Installers and Repairers
"Electrical and Power Transmission Installers, Other.",46.0399,49-9051,Electrical Power-Line Installers and Repairers
Communications Systems Installation and Repair Technology/Technician.,47.0103,49-9052,Telecommunications Line Installers and Repairers
"Precision Systems Maintenance and Repair Technologies/Technicians, Other.",47.0499,49-9061,Camera and Photographic Equipment Repairers
Biomedical Technology/Technician.,15.0401,49-9062,Medical Equipment Repairers
Musical Instrument Fabrication and Repair.,47.0404,49-9063,Musical Instrument Repairers and Tuners
Watchmaking and Jewelrymaking.,47.0408,49-9064,Watch and Clock Repairers
Instrumentation Technology/Technician.,15.0404,49-9069,"Precision Instrument and Equipment Repairers, All Other"
"Precision Systems Maintenance and Repair Technologies/Technicians, Other.",47.0499,49-9069,"Precision Instrument and Equipment Repairers, All Other"
Building/Property Maintenance.,46.0401,49-9071,"Maintenance and Repair Workers, General"
Wind Energy Technology/Technician.,15.1704,49-9081,Wind Turbine Service Technicians
Industrial Mechanics and Maintenance Technology/Technician.,47.0303,49-9081,Wind Turbine Service Technicians
Energy Systems Installation and Repair Technology/Technician.,47.0701,49-9081,Wind Turbine Service Technicians
Wind Energy System Installation and Repair Technology/Technician.,47.0704,49-9081,Wind Turbine Service Technicians
NO MATCH,99.9999,49-9091,"Coin, Vending, and Amusement Machine Servicers and Repairers"
"Diver, Professional and Instructor.",49.0304,49-9092,Commercial Divers
Locksmithing and Safe Repair.,47.0403,49-9094,Locksmiths and Safe Repairers
Building/Construction Site Management/Manager.,46.0412,49-9095,Manufactured Building and Mobile Home Installers
NO MATCH,99.9999,49-9096,Riggers
Electrician.,46.0302,49-9097,Signal and Track Switch Repairers
NO MATCH,99.9999,49-9098,"Helpers--Installation, Maintenance, and Repair Workers"
"Mechanics and Repairers, General.",47,49-9099,"Installation, Maintenance, and Repair Workers, All Other"
"Electrical/Electronics Equipment Installation and Repair Technology/Technician, General.",47.0101,49-9099,"Installation, Maintenance, and Repair Workers, All Other"
Gunsmithing/Gunsmith.,47.0402,49-9099,"Installation, Maintenance, and Repair Workers, All Other"
Parts and Warehousing Operations and Maintenance Technology/Technician.,47.0409,49-9099,"Installation, Maintenance, and Repair Workers, All Other"
Energy Systems Installation and Repair Technology/Technician.,47.0701,49-9099,"Installation, Maintenance, and Repair Workers, All Other"
Solar Energy System Installation and Repair Technology/Technician.,47.0703,49-9099,"Installation, Maintenance, and Repair Workers, All Other"
Hydroelectric Energy System Installation and Repair Technology/Technician.,47.0705,49-9099,"Installation, Maintenance, and Repair Workers, All Other"
Geothermal Energy System Installation and Repair Technology/Technician.,47.0706,49-9099,"Installation, Maintenance, and Repair Workers, All Other"
"Energy Systems Maintenance and Repair Technologies/Technicians, Other.",47.0799,49-9099,"Installation, Maintenance, and Repair Workers, All Other"
Operations Management and Supervision.,52.0205,51-1011,First-Line Supervisors of Production and Operating Workers
Airframe Mechanics and Aircraft Maintenance Technology/Technician.,47.0607,51-2011,"Aircraft Structure, Surfaces, Rigging, and Systems Assemblers"
Aircraft Powerplant Technology/Technician.,47.0608,51-2011,"Aircraft Structure, Surfaces, Rigging, and Systems Assemblers"
Avionics Maintenance Technology/Technician.,47.0609,51-2011,"Aircraft Structure, Surfaces, Rigging, and Systems Assemblers"
NO MATCH,99.9999,51-2021,"Coil Winders, Tapers, and Finishers"
NO MATCH,99.9999,51-2022,Electrical and Electronic Equipment Assemblers
NO MATCH,99.9999,51-2023,Electromechanical Equipment Assemblers
Engine Machinist.,47.0615,51-2031,Engine and Other Machine Assemblers
Machine Shop Technology/Assistant.,48.0503,51-2041,Structural Metal Fabricators and Fitters
Metal Fabricator.,48.0511,51-2041,Structural Metal Fabricators and Fitters
NO MATCH,99.9999,51-2051,Fiberglass Laminators and Fabricators
Watchmaking and Jewelrymaking.,47.0408,51-2061,Timing Device Assemblers and Adjusters
NO MATCH,99.9999,51-2092,Team Assemblers
NO MATCH,99.9999,51-2099,"Assemblers and Fabricators, All Other"
Baking and Pastry Arts/Baker/Pastry Chef.,12.0501,51-3011,Bakers
Meat Cutting/Meat Cutter.,12.0506,51-3021,Butchers and Meat Cutters
NO MATCH,99.9999,51-3022,"Meat, Poultry, and Fish Cutters and Trimmers"
Meat Cutting/Meat Cutter.,12.0506,51-3023,Slaughterers and Meat Packers
NO MATCH,99.9999,51-3091,"Food and Tobacco Roasting, Baking, and Drying Machine Operators and Tenders"
Brewing Science.,1.1003,51-3092,Food Batchmakers
Zymology/Fermentation Science.,1.1005,51-3092,Food Batchmakers
NO MATCH,99.9999,51-3093,Food Cooking Machine Operators and Tenders
NO MATCH,99.9999,51-3099,"Food Processing Workers, All Other"
Machine Tool Technology/Machinist.,48.0501,51-4021,"Extruding and Drawing Machine Setters, Operators, and Tenders, Metal and Plastic"
Machine Tool Technology/Machinist.,48.0501,51-4022,"Forging Machine Setters, Operators, and Tenders, Metal and Plastic"
Machine Tool Technology/Machinist.,48.0501,51-4023,"Rolling Machine Setters, Operators, and Tenders, Metal and Plastic"
Sheet Metal Technology/Sheetworking.,48.0506,51-4023,"Rolling Machine Setters, Operators, and Tenders, Metal and Plastic"
Machine Tool Technology/Machinist.,48.0501,51-4031,"Cutting, Punching, and Press Machine Setters, Operators, and Tenders, Metal and Plastic"
Sheet Metal Technology/Sheetworking.,48.0506,51-4031,"Cutting, Punching, and Press Machine Setters, Operators, and Tenders, Metal and Plastic"
Machine Tool Technology/Machinist.,48.0501,51-4032,"Drilling and Boring Machine Tool Setters, Operators, and Tenders, Metal and Plastic"
Machine Tool Technology/Machinist.,48.0501,51-4033,"Grinding, Lapping, Polishing, and Buffing Machine Tool Setters, Operators, and Tenders, Metal and Plastic"
Machine Shop Technology/Assistant.,48.0503,51-4033,"Grinding, Lapping, Polishing, and Buffing Machine Tool Setters, Operators, and Tenders, Metal and Plastic"
Machine Tool Technology/Machinist.,48.0501,51-4034,"Lathe and Turning Machine Tool Setters, Operators, and Tenders, Metal and Plastic"
Machine Tool Technology/Machinist.,48.0501,51-4035,"Milling and Planing Machine Setters, Operators, and Tenders, Metal and Plastic"
Machine Tool Technology/Machinist.,48.0501,51-4041,Machinists
Machine Shop Technology/Assistant.,48.0503,51-4041,Machinists
NO MATCH,99.9999,51-4051,Metal-Refining Furnace Operators and Tenders
NO MATCH,99.9999,51-4052,"Pourers and Casters, Metal"
Sheet Metal Technology/Sheetworking.,48.0506,51-4061,"Model Makers, Metal and Plastic"
Sheet Metal Technology/Sheetworking.,48.0506,51-4062,"Patternmakers, Metal and Plastic"
Ironworking/Ironworker.,48.0509,51-4071,Foundry Mold and Coremakers
NO MATCH,99.9999,51-4072,"Molding, Coremaking, and Casting Machine Setters, Operators, and Tenders, Metal and Plastic"
Machine Tool Technology/Machinist.,48.0501,51-4081,"Multiple Machine Tool Setters, Operators, and Tenders, Metal and Plastic"
Machine Shop Technology/Assistant.,48.0503,51-4081,"Multiple Machine Tool Setters, Operators, and Tenders, Metal and Plastic"
Tool and Die Technology/Technician.,48.0507,51-4111,Tool and Die Makers
Welding Engineering Technology/Technician.,15.0614,51-4121,"Welders, Cutters, Solderers, and Brazers"
Welding Technology/Welder.,48.0508,51-4121,"Welders, Cutters, Solderers, and Brazers"
Welding Technology/Welder.,48.0508,51-4122,"Welding, Soldering, and Brazing Machine Setters, Operators, and Tenders"
Machine Tool Technology/Machinist.,48.0501,51-4191,"Heat Treating Equipment Setters, Operators, and Tenders, Metal and Plastic"
Machine Shop Technology/Assistant.,48.0503,51-4191,"Heat Treating Equipment Setters, Operators, and Tenders, Metal and Plastic"
Machine Tool Technology/Machinist.,48.0501,51-4192,"Layout Workers, Metal and Plastic"
Machine Shop Technology/Assistant.,48.0503,51-4192,"Layout Workers, Metal and Plastic"
NO MATCH,99.9999,51-4193,"Plating Machine Setters, Operators, and Tenders, Metal and Plastic"
Machine Shop Technology/Assistant.,48.0503,51-4194,"Tool Grinders, Filers, and Sharpeners"
Machine Tool Technology/Machinist.,48.0501,51-4199,"Metal Workers and Plastic Workers, All Other"
Machine Shop Technology/Assistant.,48.0503,51-4199,"Metal Workers and Plastic Workers, All Other"
"Precision Metal Working, Other.",48.0599,51-4199,"Metal Workers and Plastic Workers, All Other"
"Graphic Communications, General.",10.0301,51-5111,Prepress Technicians and Workers
Printing Management.,10.0302,51-5111,Prepress Technicians and Workers
Prepress/Desktop Publishing and Digital Imaging Design.,10.0303,51-5111,Prepress Technicians and Workers
"Graphic and Printing Equipment Operator, General Production.",10.0305,51-5111,Prepress Technicians and Workers
Platemaker/Imager.,10.0306,51-5111,Prepress Technicians and Workers
Printing Press Operator.,10.0307,51-5111,Prepress Technicians and Workers
Computer Typography and Composition Equipment Operator.,10.0308,51-5111,Prepress Technicians and Workers
"Graphic Communications, Other.",10.0399,51-5111,Prepress Technicians and Workers
Printing Management.,10.0302,51-5112,Printing Press Operators
"Graphic and Printing Equipment Operator, General Production.",10.0305,51-5112,Printing Press Operators
Printing Press Operator.,10.0307,51-5112,Printing Press Operators
"Graphic Communications, Other.",10.0399,51-5112,Printing Press Operators
NO MATCH,99.9999,51-5113,Print Binding and Finishing Workers
NO MATCH,99.9999,51-6011,Laundry and Dry-Cleaning Workers
NO MATCH,99.9999,51-6021,"Pressers, Textile, Garment, and Related Materials"
NO MATCH,99.9999,51-6031,Sewing Machine Operators
"Shoe, Boot and Leather Repair.",48.0304,51-6041,Shoe and Leather Workers and Repairers
"Shoe, Boot and Leather Repair.",48.0304,51-6042,Shoe Machine Operators and Tenders
NO MATCH,99.9999,51-6051,"Sewers, Hand"
NO MATCH,99.9999,51-6052,"Tailors, Dressmakers, and Custom Sewers"
NO MATCH,99.9999,51-6061,Textile Bleaching and Dyeing Machine Operators and Tenders
NO MATCH,99.9999,51-6062,"Textile Cutting Machine Setters, Operators, and Tenders"
NO MATCH,99.9999,51-6063,"Textile Knitting and Weaving Machine Setters, Operators, and Tenders"
NO MATCH,99.9999,51-6064,"Textile Winding, Twisting, and Drawing Out Machine Setters, Operators, and Tenders"
NO MATCH,99.9999,51-6091,"Extruding and Forming Machine Setters, Operators, and Tenders, Synthetic and Glass Fibers"
Apparel and Textile Manufacture.,19.0902,51-6092,Fabric and Apparel Patternmakers
Upholstery/Upholsterer.,48.0303,51-6093,Upholsterers
NO MATCH,99.9999,51-6099,"Textile, Apparel, and Furnishings Workers, All Other"
Cabinetmaking and Millwork.,48.0703,51-7011,Cabinetmakers and Bench Carpenters
Furniture Design and Manufacturing.,48.0702,51-7021,Furniture Finishers
Cabinetmaking and Millwork.,48.0703,51-7031,"Model Makers, Wood"
Wooden Boatbuilding Technology/Technician.,48.0704,51-7031,"Model Makers, Wood"
Cabinetmaking and Millwork.,48.0703,51-7032,"Patternmakers, Wood"
Cabinetmaking and Millwork.,48.0703,51-7041,"Sawing Machine Setters, Operators, and Tenders, Wood"
"Woodworking, General.",48.0701,51-7042,"Woodworking Machine Setters, Operators, and Tenders, Except Sawing"
Cabinetmaking and Millwork.,48.0703,51-7042,"Woodworking Machine Setters, Operators, and Tenders, Except Sawing"
"Woodworking, General.",48.0701,51-7099,"Woodworkers, All Other"
Furniture Design and Manufacturing.,48.0702,51-7099,"Woodworkers, All Other"
Cabinetmaking and Millwork.,48.0703,51-7099,"Woodworkers, All Other"
Wooden Boatbuilding Technology/Technician.,48.0704,51-7099,"Woodworkers, All Other"
"Woodworking, Other.",48.0799,51-7099,"Woodworkers, All Other"
Nuclear/Nuclear Power Technology/Technician.,41.0205,51-8011,Nuclear Power Reactor Operators
NO MATCH,99.9999,51-8012,Power Distributors and Dispatchers
Power Plant Technology/Technician.,15.1702,51-8013,Power Plant Operators
Hydroelectric Energy Technology/Technician.,15.1705,51-8013,Power Plant Operators
NO MATCH,99.9999,51-8021,Stationary Engineers and Boiler Operators
Water Quality and Wastewater Treatment Management and Recycling Technology/Technician.,15.0506,51-8031,Water and Wastewater Treatment Plant and System Operators
Chemical Technology/Technician.,41.0301,51-8091,Chemical Plant and System Operators
Chemical Process Technology.,41.0303,51-8091,Chemical Plant and System Operators
Petroleum Technology/Technician.,15.0903,51-8092,Gas Plant Operators
NO MATCH,99.9999,51-8093,"Petroleum Pump System Operators, Refinery Operators, and Gaugers"
NO MATCH,99.9999,51-8099,"Plant and System Operators, All Other"
Chemical Technology/Technician.,41.0301,51-9011,Chemical Equipment Operators and Tenders
Chemical Process Technology.,41.0303,51-9011,Chemical Equipment Operators and Tenders
Brewing Science.,1.1003,51-9012,"Separating, Filtering, Clarifying, Precipitating, and Still Machine Setters, Operators, and Tenders"
Viticulture and Enology.,1.1004,51-9012,"Separating, Filtering, Clarifying, Precipitating, and Still Machine Setters, Operators, and Tenders"
Zymology/Fermentation Science.,1.1005,51-9012,"Separating, Filtering, Clarifying, Precipitating, and Still Machine Setters, Operators, and Tenders"
NO MATCH,99.9999,51-9021,"Crushing, Grinding, and Polishing Machine Setters, Operators, and Tenders"
NO MATCH,99.9999,51-9022,"Grinding and Polishing Workers, Hand"
NO MATCH,99.9999,51-9023,"Mixing and Blending Machine Setters, Operators, and Tenders"
NO MATCH,99.9999,51-9031,"Cutters and Trimmers, Hand"
NO MATCH,99.9999,51-9032,"Cutting and Slicing Machine Setters, Operators, and Tenders"
NO MATCH,99.9999,51-9041,"Extruding, Forming, Pressing, and Compacting Machine Setters, Operators, and Tenders"
NO MATCH,99.9999,51-9051,"Furnace, Kiln, Oven, Drier, and Kettle Operators and Tenders"
Quality Control Technology/Technician.,15.0702,51-9061,"Inspectors, Testers, Sorters, Samplers, and Weighers"
Watchmaking and Jewelrymaking.,47.0408,51-9071,Jewelers and Precious Stone and Metal Workers
Jewelry Arts.,50.0713,51-9071,Jewelers and Precious Stone and Metal Workers
Metal Arts.,50.0714,51-9071,Jewelers and Precious Stone and Metal Workers
Dental Laboratory Technology/Technician.,51.0603,51-9081,Dental Laboratory Technicians
Orthotist/Prosthetist.,51.2307,51-9082,Medical Appliance Technicians
Assistive/Augmentative Technology and Rehabilitation Engineering.,51.2312,51-9082,Medical Appliance Technicians
Ophthalmic Laboratory Technology/Technician.,51.1006,51-9083,Ophthalmic Laboratory Technicians
NO MATCH,99.9999,51-9111,Packaging and Filling Machine Operators and Tenders
NO MATCH,99.9999,51-9123,"Painting, Coating, and Decorating Workers"
Autobody/Collision and Repair Technology/Technician.,47.0603,51-9124,"Coating, Painting, and Spraying Machine Setters, Operators, and Tenders"
Semiconductor Manufacturing Technology/Technician.,15.0616,51-9141,Semiconductor Processing Technicians
Industrial Electronics Technology/Technician.,47.0105,51-9141,Semiconductor Processing Technicians
NO MATCH,99.9999,51-9151,Photographic Process Workers and Processing Machine Operators
Machine Shop Technology/Assistant.,48.0503,51-9161,Computer Numerically Controlled Tool Operators
Computer Numerically Controlled (CNC) Machinist Technology/CNC Machinist.,48.051,51-9161,Computer Numerically Controlled Tool Operators
Computer Numerically Controlled (CNC) Machinist Technology/CNC Machinist.,48.051,51-9162,Computer Numerically Controlled Tool Programmers
NO MATCH,99.9999,51-9191,Adhesive Bonding Machine Operators and Tenders
NO MATCH,99.9999,51-9192,"Cleaning, Washing, and Metal Pickling Equipment Operators and Tenders"
NO MATCH,99.9999,51-9193,Cooling and Freezing Equipment Operators and Tenders
"Graphic Communications, Other.",10.0399,51-9194,Etchers and Engravers
NO MATCH,99.9999,51-9195,"Molders, Shapers, and Casters, Except Metal and Plastic"
NO MATCH,99.9999,51-9196,"Paper Goods Machine Setters, Operators, and Tenders"
NO MATCH,99.9999,51-9197,Tire Builders
NO MATCH,99.9999,51-9198,Helpers--Production Workers
NO MATCH,99.9999,51-9199,"Production Workers, All Other"
NO MATCH,99.9999,53-1041,Aircraft Cargo Handling Supervisors
NO MATCH,99.9999,53-1042,"First-Line Supervisors of Helpers, Laborers, and Material Movers, Hand"
Railroad and Railway Transportation.,49.0208,53-1043,First-Line Supervisors of Material-Moving Machine and Vehicle Operators
Airline Flight Attendant.,49.0106,53-1044,First-Line Supervisors of Passenger Attendants
Railroad and Railway Transportation.,49.0208,53-1049,"First-Line Supervisors of Transportation Workers, All Other"
Airline/Commercial/Professional Pilot and Flight Crew.,49.0102,53-2011,"Airline Pilots, Copilots, and Flight Engineers"
Flight Instructor.,49.0108,53-2011,"Airline Pilots, Copilots, and Flight Engineers"
Airline/Commercial/Professional Pilot and Flight Crew.,49.0102,53-2012,Commercial Pilots
Flight Instructor.,49.0108,53-2012,Commercial Pilots
Air Traffic Controller.,49.0105,53-2021,Air Traffic Controllers
Air Traffic Controller.,49.0105,53-2022,Airfield Operations Specialists
Airline Flight Attendant.,49.0106,53-2031,Flight Attendants
Emergency Care Attendant (EMT Ambulance).,51.081,53-3011,"Ambulance Drivers and Attendants, Except Emergency Medical Technicians"
NO MATCH,99.9999,53-3031,Driver/Sales Workers
Truck and Bus Driver/Commercial Vehicle Operator and Instructor.,49.0205,53-3032,Heavy and Tractor-Trailer Truck Drivers
Truck and Bus Driver/Commercial Vehicle Operator and Instructor.,49.0205,53-3033,Light Truck Drivers
Truck and Bus Driver/Commercial Vehicle Operator and Instructor.,49.0205,53-3051,"Bus Drivers, School"
Truck and Bus Driver/Commercial Vehicle Operator and Instructor.,49.0205,53-3052,"Bus Drivers, Transit and Intercity"
Truck and Bus Driver/Commercial Vehicle Operator and Instructor.,49.0205,53-3053,Shuttle Drivers and Chauffeurs
NO MATCH,99.9999,53-3054,Taxi Drivers
NO MATCH,99.9999,53-3099,"Motor Vehicle Operators, All Other"
Railroad and Railway Transportation.,49.0208,53-4011,Locomotive Engineers
Railroad and Railway Transportation.,49.0208,53-4013,"Rail Yard Engineers, Dinkey Operators, and Hostlers"
Railroad and Railway Transportation.,49.0208,53-4022,"Railroad Brake, Signal, and Switch Operators and Locomotive Firers"
Railroad and Railway Transportation.,49.0208,53-4031,Railroad Conductors and Yardmasters
Railroad and Railway Transportation.,49.0208,53-4041,Subway and Streetcar Operators
Railroad and Railway Transportation.,49.0208,53-4099,"Rail Transportation Workers, All Other"
NO MATCH,99.9999,53-5011,Sailors and Marine Oilers
Commercial Fishing.,49.0303,53-5021,"Captains, Mates, and Pilots of Water Vessels"
Marine Science/Merchant Marine Officer.,49.0309,53-5021,"Captains, Mates, and Pilots of Water Vessels"
Marine Science/Merchant Marine Officer.,49.0309,53-5022,Motorboat Operators
"Marine Transportation, Other.",49.0399,53-5022,Motorboat Operators
Marine Science/Merchant Marine Officer.,49.0309,53-5031,Ship Engineers
NO MATCH,99.9999,53-6011,Bridge and Lock Tenders
NO MATCH,99.9999,53-6021,Parking Attendants
NO MATCH,99.9999,53-6031,Automotive and Watercraft Service Attendants
NO MATCH,99.9999,53-6032,Aircraft Service Attendants
Civil Engineering Technologies/Technicians.,15.0201,53-6041,Traffic Technicians
Transportation and Infrastructure Planning/Studies.,44.0403,53-6041,Traffic Technicians
NO MATCH,99.9999,53-6051,Transportation Inspectors
NO MATCH,99.9999,53-6061,Passenger Attendants
NO MATCH,99.9999,53-6099,"Transportation Workers, All Other"
NO MATCH,99.9999,53-7011,Conveyor Operators and Tenders
Construction/Heavy Equipment/Earthmoving Equipment Operation.,49.0202,53-7021,Crane and Tower Operators
Mobil Crane Operator/Operation.,49.0206,53-7021,Crane and Tower Operators
Construction/Heavy Equipment/Earthmoving Equipment Operation.,49.0202,53-7031,Dredge Operators
Construction/Heavy Equipment/Earthmoving Equipment Operation.,49.0202,53-7041,Hoist and Winch Operators
Forklift Operation/Operator.,49.0209,53-7051,Industrial Truck and Tractor Operators
NO MATCH,99.9999,53-7061,Cleaners of Vehicles and Equipment
NO MATCH,99.9999,53-7062,"Laborers and Freight, Stock, and Material Movers, Hand"
NO MATCH,99.9999,53-7063,Machine Feeders and Offbearers
NO MATCH,99.9999,53-7064,"Packers and Packagers, Hand"
NO MATCH,99.9999,53-7065,Stockers and Order Fillers
NO MATCH,99.9999,53-7071,Gas Compressor and Gas Pumping Station Operators
NO MATCH,99.9999,53-7072,"Pump Operators, Except Wellhead Pumpers"
NO MATCH,99.9999,53-7073,Wellhead Pumpers
NO MATCH,99.9999,53-7081,Refuse and Recyclable Material Collectors
NO MATCH,99.9999,53-7121,"Tank Car, Truck, and Ship Loaders"
Construction/Heavy Equipment/Earthmoving Equipment Operation.,49.0202,53-7199,"Material Moving Workers, All Other"
Weapons of Mass Destruction.,28.0605,55-9999,Artillery and Missile Officers
Missile and Space Systems Technology.,29.0407,55-9999,Artillery and Missile Officers
"Command & Control (C3, C4I) Systems and Operations.",29.0204,55-9999,Command and Control Center Officers
Information Operations/Joint Information Operations.,29.0205,55-9999,Command and Control Center Officers
Information/Psychological Warfare and Military Media Relations.,29.0206,55-9999,Command and Control Center Officers
Cyber/Electronic Operations and Warfare.,29.0207,55-9999,Command and Control Center Officers
"Intelligence, Command Control and Information Operations, Other.",29.0299,55-9999,Command and Control Center Officers
"Joint Command/Task Force (C3, C4I) Systems.",29.0405,55-9999,Command and Control Center Officers
Military Information Systems Technology.,29.0406,55-9999,Command and Control Center Officers
Military and Strategic Leadership.,28.0602,55-9999,Infantry Officers
"Special, Irregular and Counterterrorist Operations.",28.0506,55-9999,Special Forces Officers
"Intelligence, General.",29.0201,55-9999,Special Forces Officers
Strategic Intelligence.,29.0202,55-9999,Special Forces Officers
Signal/Geospatial Intelligence.,29.0203,55-9999,Special Forces Officers
Explosive Ordinance/Bomb Disposal.,29.0404,55-9999,Special Forces Officers
Terrorism and Counterterrorism Operations.,43.0304,55-9999,Special Forces Officers
Cybersecurity Defense Strategy/Policy.,43.0404,55-9999,Special Forces Officers
Geospatial Intelligence.,43.0407,55-9999,Special Forces Officers
Military Operational Art and Science/Studies.,28.0503,55-9999,"Military Officer Special and Tactical Operations Leaders, All Other"
Advanced Military and Operational Studies.,28.0504,55-9999,"Military Officer Special and Tactical Operations Leaders, All Other"
Naval Science and Operational Studies.,28.0505,55-9999,"Military Officer Special and Tactical Operations Leaders, All Other"
"Military Science and Operational Studies, Other.",28.0599,55-9999,"Military Officer Special and Tactical Operations Leaders, All Other"
"Strategic Studies, General.",28.0601,55-9999,"Military Officer Special and Tactical Operations Leaders, All Other"
Military and Strategic Leadership.,28.0602,55-9999,"Military Officer Special and Tactical Operations Leaders, All Other"
Joint Operations Planning and Strategy.,28.0604,55-9999,"Military Officer Special and Tactical Operations Leaders, All Other"
Combat Systems Engineering.,29.0301,55-9999,"Military Officer Special and Tactical Operations Leaders, All Other"
Aerospace Ground Equipment Technology.,29.0401,55-9999,Aircraft Launch and Recovery Specialists
Weapons of Mass Destruction.,28.0605,55-9999,Artillery and Missile Crew Members
Missile and Space Systems Technology.,29.0407,55-9999,Artillery and Missile Crew Members
Munitions Systems/Ordinance Technology.,29.0408,55-9999,Artillery and Missile Crew Members
"Command & Control (C3, C4I) Systems and Operations.",29.0204,55-9999,Command and Control Center Specialists
Information Operations/Joint Information Operations.,29.0205,55-9999,Command and Control Center Specialists
Information/Psychological Warfare and Military Media Relations.,29.0206,55-9999,Command and Control Center Specialists
Cyber/Electronic Operations and Warfare.,29.0207,55-9999,Command and Control Center Specialists
"Intelligence, Command Control and Information Operations, Other.",29.0299,55-9999,Command and Control Center Specialists
"Joint Command/Task Force (C3, C4I) Systems.",29.0405,55-9999,Command and Control Center Specialists
Military Information Systems Technology.,29.0406,55-9999,Command and Control Center Specialists
NO MATCH,99.9999,55-9999,Infantry
"Special, Irregular and Counterterrorist Operations.",28.0506,55-9999,Special Forces
"Intelligence, General.",29.0201,55-9999,Special Forces
Strategic Intelligence.,29.0202,55-9999,Special Forces
Signal/Geospatial Intelligence.,29.0203,55-9999,Special Forces
Explosive Ordinance/Bomb Disposal.,29.0404,55-9999,Special Forces
Terrorism and Counterterrorism Operations.,43.0304,55-9999,Special Forces
Cybersecurity Defense Strategy/Policy.,43.0404,55-9999,Special Forces
Geospatial Intelligence.,43.0407,55-9999,Special Forces
"Military Science and Operational Studies, Other.",28.0599,55-9999,"Military Enlisted Tactical Operations and Air/Weapons Specialists and Crew Members, All Other"
Taxidermy/Taxidermist.,1.0508,99-9999,NO MATCH
"Agricultural and Domestic Animal Services, Other.",1.0599,99-9999,NO MATCH
"Applied Horticulture/Horticultural Business Services, Other.",1.0699,99-9999,NO MATCH
"Agricultural Public Services, Other.",1.0899,99-9999,NO MATCH
Pre-Veterinary Studies.,1.1302,99-9999,NO MATCH
"Veterinary Administrative Services, Other.",1.8299,99-9999,NO MATCH
"Agricultural/Animal/Plant/Veterinary Science and Related Fields, Other.",1.9999,99-9999,NO MATCH
"Communications Technologies/Technicians and Support Services, Other.",10.9999,99-9999,NO MATCH
"Data Entry/Microcomputer Applications, Other.",11.0699,99-9999,NO MATCH
"Computer Software and Media Applications, Other.",11.0899,99-9999,NO MATCH
"Computer Systems Networking and Telecommunications, Other.",11.0999,99-9999,NO MATCH
"Computer/Information Technology Services Administration and Management, Other.",11.1099,99-9999,NO MATCH
"Computer and Information Sciences and Support Services, Other.",11.9999,99-9999,NO MATCH
"Culinary Arts and Related Services, Other.",12.0599,99-9999,NO MATCH
"Casino Operations and Services, Other.",12.0699,99-9999,NO MATCH
International and Comparative Education.,13.0701,99-9999,NO MATCH
Education/Teaching of the Gifted and Talented.,13.1004,99-9999,NO MATCH
"Teacher Education and Professional Development, Specific Levels and Methods, Other.",13.1299,99-9999,NO MATCH
Pre-Engineering.,14.0102,99-9999,NO MATCH
"Quality Control and Safety Technologies/Technicians, Other.",15.0799,99-9999,NO MATCH
"Engineering-Related Technologies/Technicians, Other.",15.1199,99-9999,NO MATCH
"Engineering-Related Fields, Other.",15.1599,99-9999,NO MATCH
"Engineering/Engineering-Related Technologies/Technicians, Other.",15.9999,99-9999,NO MATCH
English as a Second Language.,16.1701,99-9999,NO MATCH
"Human Development, Family Studies, and Related Services, Other.",19.0799,99-9999,NO MATCH
"Apparel and Textiles, Other.",19.0999,99-9999,NO MATCH
"Family and Consumer Sciences/Human Sciences, Other.",19.9999,99-9999,NO MATCH
Pre-Law Studies.,22.0001,99-9999,NO MATCH
"Non-Professional Legal Studies, Other.",22.0099,99-9999,NO MATCH
"Legal Support Services, Other.",22.0399,99-9999,NO MATCH
"Legal Professions and Studies, Other.",22.9999,99-9999,NO MATCH
"Liberal Arts and Sciences, General Studies and Humanities, Other.",24.0199,99-9999,NO MATCH
"Library Science, Other.",25.9999,99-9999,NO MATCH
Air Force JROTC/ROTC.,28.0101,99-9999,NO MATCH
"Air Force ROTC, Air Science and Operations, Other.",28.0199,99-9999,NO MATCH
Army JROTC/ROTC.,28.0301,99-9999,NO MATCH
"Army ROTC, Military Science and Operations, Other.",28.0399,99-9999,NO MATCH
Navy/Marine Corps JROTC/ROTC.,28.0401,99-9999,NO MATCH
"Navy/Marine Corps ROTC, Naval Science and Operations, Other.",28.0499,99-9999,NO MATCH
Air Science/Airpower Studies.,28.0501,99-9999,NO MATCH
Air and Space Operational Art and Science.,28.0502,99-9999,NO MATCH
Military and International Operational Law.,28.0603,99-9999,NO MATCH
"National Security Policy and Strategy, Other.",28.0699,99-9999,NO MATCH
National Resource Strategy and Policy.,28.0701,99-9999,NO MATCH
Industry Studies.,28.0702,99-9999,NO MATCH
Military Installation Management.,28.0703,99-9999,NO MATCH
"Military Economics and Management, Other.",28.0799,99-9999,NO MATCH
"Military Science, Leadership and Operational Art, Other.",28.9999,99-9999,NO MATCH
Directed Energy Systems.,29.0302,99-9999,NO MATCH
Low-Observables and Stealth Technology.,29.0304,99-9999,NO MATCH
Space Systems Operations.,29.0305,99-9999,NO MATCH
"Military Applied Sciences, Other.",29.0399,99-9999,NO MATCH
Aircraft Armament Systems Technology.,29.0403,99-9999,NO MATCH
"Military Systems and Maintenance Technology, Other.",29.0499,99-9999,NO MATCH
Military Technology and Applied Sciences Management.,29.0601,99-9999,NO MATCH
"Military Technologies and Applied Sciences, Other.",29.9999,99-9999,NO MATCH
"Natural Resources Conservation and Research, Other.",3.0199,99-9999,NO MATCH
Bioenergy.,3.021,99-9999,NO MATCH
"Multi-/Interdisciplinary Studies, General.",30,99-9999,NO MATCH
Comprehensive Transition and Postsecondary (CTP) Program.,30.0001,99-9999,NO MATCH
"Digital Humanities and Textual Studies, Other.",30.5299,99-9999,NO MATCH
"Multi-/Interdisciplinary Studies, Other.",30.9999,99-9999,NO MATCH
"Sports, Kinesiology, and Physical Education/Fitness, Other.",31.0599,99-9999,NO MATCH
"Parks, Recreation, Leisure, Fitness, and Kinesiology, Other.",31.9999,99-9999,NO MATCH
"Basic Skills and Developmental/Remedial Education, General.",32.0101,99-9999,NO MATCH
Developmental/Remedial Mathematics.,32.0104,99-9999,NO MATCH
Job-Seeking/Changing Skills.,32.0105,99-9999,NO MATCH
Career Exploration/Awareness Skills.,32.0107,99-9999,NO MATCH
Developmental/Remedial English.,32.0108,99-9999,NO MATCH
Second Language Learning.,32.0109,99-9999,NO MATCH
Basic Computer Skills.,32.011,99-9999,NO MATCH
Workforce Development and Training.,32.0111,99-9999,NO MATCH
Accent Reduction/Modification.,32.0112,99-9999,NO MATCH
"Basic Skills and Developmental/Remedial Education, Other.",32.0199,99-9999,NO MATCH
"Exam Preparation and Test-Taking Skills, General.",32.0201,99-9999,NO MATCH
High School Equivalent Exam Preparation.,32.0202,99-9999,NO MATCH
Undergraduate Entrance/Placement Examination Preparation.,32.0203,99-9999,NO MATCH
Graduate/Professional School Entrance Examination Preparation.,32.0204,99-9999,NO MATCH
Professional Certification/Licensure Examination Preparation.,32.0205,99-9999,NO MATCH
"General Exam Preparation and Test-Taking Skills, Other.",32.0299,99-9999,NO MATCH
"Citizenship Activities, General.",33.0101,99-9999,NO MATCH
American Citizenship Education.,33.0102,99-9999,NO MATCH
Community Awareness.,33.0103,99-9999,NO MATCH
Community Involvement.,33.0104,99-9999,NO MATCH
Canadian Citizenship Education.,33.0105,99-9999,NO MATCH
Personal Emergency Preparedness.,33.0106,99-9999,NO MATCH
"Citizenship Activities, Other.",33.0199,99-9999,NO MATCH
Birthing and Parenting Knowledge and Skills.,34.0102,99-9999,NO MATCH
Personal Health Improvement and Maintenance.,34.0103,99-9999,NO MATCH
Addiction Prevention and Treatment.,34.0104,99-9999,NO MATCH
Meditation/Mind-Body Wellness.,34.0105,99-9999,NO MATCH
"Health-Related Knowledge and Skills, Other.",34.0199,99-9999,NO MATCH
"Interpersonal and Social Skills, General.",35.0101,99-9999,NO MATCH
Interpersonal Relationships Skills.,35.0102,99-9999,NO MATCH
Business and Social Skills.,35.0103,99-9999,NO MATCH
Life Coaching.,35.0105,99-9999,NO MATCH
"Interpersonal Social Skills, Other.",35.0199,99-9999,NO MATCH
"Leisure and Recreational Activities, General.",36.0101,99-9999,NO MATCH
Handicrafts and Model-Making.,36.0102,99-9999,NO MATCH
"Board, Card and Role-Playing Games.",36.0103,99-9999,NO MATCH
Home Maintenance and Improvement.,36.0105,99-9999,NO MATCH
Nature Appreciation.,36.0106,99-9999,NO MATCH
Pet Ownership and Care.,36.0107,99-9999,NO MATCH
Sports and Exercise.,36.0108,99-9999,NO MATCH
Travel and Exploration.,36.0109,99-9999,NO MATCH
Art.,36.011,99-9999,NO MATCH
Collecting.,36.0111,99-9999,NO MATCH
Cooking and Other Domestic Skills.,36.0112,99-9999,NO MATCH
Computer Games and Programming Skills.,36.0113,99-9999,NO MATCH
Dancing.,36.0114,99-9999,NO MATCH
Music.,36.0115,99-9999,NO MATCH
Reading.,36.0116,99-9999,NO MATCH
Theatre/Theater.,36.0117,99-9999,NO MATCH
Writing.,36.0118,99-9999,NO MATCH
Beekeeping.,36.012,99-9999,NO MATCH
Firearms Training/Safety.,36.0121,99-9999,NO MATCH
Floral Design/Arrangement.,36.0122,99-9999,NO MATCH
Master Gardener/Gardening.,36.0123,99-9999,NO MATCH
"Leisure and Recreational Activities, Other.",36.0199,99-9999,NO MATCH
Aircraft Pilot (Private).,36.0202,99-9999,NO MATCH
Automobile Driver Education.,36.0203,99-9999,NO MATCH
Helicopter Pilot (Private).,36.0204,99-9999,NO MATCH
Motorcycle Rider Education.,36.0205,99-9999,NO MATCH
Personal Watercraft/Boating Education.,36.0206,99-9999,NO MATCH
Remote Aircraft Pilot.,36.0207,99-9999,NO MATCH
"Noncommercial Vehicle Operation, Other.",36.0299,99-9999,NO MATCH
Self-Awareness and Personal Assessment.,37.0101,99-9999,NO MATCH
Stress Management and Coping Skills.,37.0102,99-9999,NO MATCH
Personal Decision-Making Skills.,37.0103,99-9999,NO MATCH
Self-Esteem and Values Clarification.,37.0104,99-9999,NO MATCH
Investing/Wealth Management/Retirement Planning.,37.0106,99-9999,NO MATCH
Self-Defense.,37.0107,99-9999,NO MATCH
"Personal Awareness and Self-Improvement, Other.",37.0199,99-9999,NO MATCH
"Religion/Religious Studies, Other.",38.0299,99-9999,NO MATCH
"Religious Institution Administration and Law, Other.",39.0899,99-9999,NO MATCH
"Theology and Religious Vocations, Other.",39.9999,99-9999,NO MATCH
Pre-Architecture Studies.,4.02,99-9999,NO MATCH
"Architecture and Related Services, Other.",4.9999,99-9999,NO MATCH
Fire Systems Technology.,43.0204,99-9999,NO MATCH
"Homeland Security, Law Enforcement, Firefighting and Related Protective Services, Other.",43.9999,99-9999,NO MATCH
"Public Policy Analysis, Other.",44.0599,99-9999,NO MATCH
"Public Administration and Social Service Professions, Other.",44.9999,99-9999,NO MATCH
"Building/Construction Finishing, Management, and Inspection, Other.",46.0499,99-9999,NO MATCH
"Construction Trades, Other.",46.9999,99-9999,NO MATCH
"Heavy/Industrial Equipment Maintenance Technologies/Technicians, Other.",47.0399,99-9999,NO MATCH
"Vehicle Maintenance and Repair Technologies/Technicians, Other.",47.0699,99-9999,NO MATCH
"Mechanic and Repair Technologies/Technicians, Other.",47.9999,99-9999,NO MATCH
"Precision Production Trades, General.",48,99-9999,NO MATCH
"Leatherworking and Upholstery, Other.",48.0399,99-9999,NO MATCH
"Precision Production, Other.",48.9999,99-9999,NO MATCH
"Air Transportation, Other.",49.0199,99-9999,NO MATCH
"Ground Transportation, Other.",49.0299,99-9999,NO MATCH
"Transportation and Materials Moving, Other.",49.9999,99-9999,NO MATCH
"Design and Applied Arts, Other.",50.0499,99-9999,NO MATCH
"Health Services/Allied Health/Health Sciences, General.",51,99-9999,NO MATCH
"Dental Services and Allied Professions, Other.",51.0699,99-9999,NO MATCH
Pre-Dentistry Studies.,51.1101,99-9999,NO MATCH
Pre-Medicine/Pre-Medical Studies.,51.1102,99-9999,NO MATCH
Pre-Pharmacy Studies.,51.1103,99-9999,NO MATCH
Pre-Nursing Studies.,51.1105,99-9999,NO MATCH
Pre-Chiropractic Studies.,51.1106,99-9999,NO MATCH
Pre-Occupational Therapy Studies.,51.1107,99-9999,NO MATCH
Pre-Optometry Studies.,51.1108,99-9999,NO MATCH
Pre-Physical Therapy Studies.,51.1109,99-9999,NO MATCH
Pre-Art Therapy.,51.111,99-9999,NO MATCH
Pre-Physician Assistant.,51.1111,99-9999,NO MATCH
"Health/Medical Preparatory Programs, Other.",51.1199,99-9999,NO MATCH
"Medicine, Other.",51.1299,99-9999,NO MATCH
"Mental and Social Health Services and Allied Professions, Other.",51.1599,99-9999,NO MATCH
"Ophthalmic and Optometric Support Services and Allied Professions, Other.",51.1899,99-9999,NO MATCH
"Health Aides/Attendants/Orderlies, Other.",51.2699,99-9999,NO MATCH
"Medical Illustration and Informatics, Other.",51.2799,99-9999,NO MATCH
"Movement and Mind-Body Therapies and Education, Other.",51.3699,99-9999,NO MATCH
"Health Professions and Related Clinical Sciences, Other.",51.9999,99-9999,NO MATCH
"Business Administration, Management and Operations, Other.",52.0299,99-9999,NO MATCH
"Accounting and Related Services, Other.",52.0399,99-9999,NO MATCH
"Entrepreneurial and Small Business Operations, Other.",52.0799,99-9999,NO MATCH
"Management Sciences and Quantitative Methods, Other.",52.1399,99-9999,NO MATCH
"Specialized Merchandising, Sales, and Marketing Operations, Other.",52.1999,99-9999,NO MATCH
"Business, Management, Marketing, and Related Support Services, Other.",52.9999,99-9999,NO MATCH
Regular/General High School/Secondary Diploma Program.,53.0101,99-9999,NO MATCH
College/University Preparatory and Advanced High School/Secondary Diploma Program.,53.0102,99-9999,NO MATCH
Vocational High School and Secondary Business/Vocational-Industrial/Occupational Diploma Program.,53.0103,99-9999,NO MATCH
Honors/Regents High School/Secondary Diploma Program.,53.0104,99-9999,NO MATCH
Adult High School/Secondary Diploma Program.,53.0105,99-9999,NO MATCH
"High School/Secondary Diploma Programs, Other.",53.0199,99-9999,NO MATCH
High School Equivalence Certificate Program.,53.0201,99-9999,NO MATCH
High School Certificate of Competence Program.,53.0202,99-9999,NO MATCH
Certificate of IEP Completion Program.,53.0203,99-9999,NO MATCH
"High School/Secondary Certificates, Other.",53.0299,99-9999,NO MATCH
"Health Professions Residency/Fellowship Programs, Other.",60.9999,99-9999,NO MATCH
"Communication and Media Studies, Other.",9.0199,99-9999,NO MATCH
"Radio, Television, and Digital Communication, Other.",9.0799,99-9999,NO MATCH
"Public Relations, Advertising, and Applied Communication, Other.",9.0999,99-9999,NO MATCH
